cluster,centroid_lat,centroid_lon
0,46.52256773196562,6.628228701089027
1,46.522303311787894,6.629148313813776
2,46.52151549153951,6.630175741715888
3,46.52194398720908,6.629645810346414
4,46.52293735109083,6.629637950677644
5,46.52266412114341,6.62780807057175
6,46.52046459287575,6.6301546889333345
7,46.52038062905945,6.631667219797772
8,46.520844809832425,6.632842721035196
9,46.52110211089163,6.632757002083073
10,46.520953002182985,6.635087934112173
11,46.52090152848953,6.635751323342122
12,46.520951512957005,6.634452533392829
13,46.520546523385974,6.629297633851424
14,46.52063972303319,6.628502815460275
15,46.52119392183064,6.626498168375989
16,46.5213691604584,6.625550207751061
17,46.52153730900261,6.624766744556531
18,46.52268130359848,6.625297790814394
19,46.5222039913269,6.627052458401786
20,46.52116188354128,6.629287545112181
21,46.521391986491636,6.628151982131471
22,46.5223539585994,6.62625043877819
23,46.52266435804836,6.626380121876433
24,46.522982181904766,6.623670438095238
25,46.5230717529485,6.6227507545693785
26,46.52228097315238,6.623567928447619
27,46.52348711850001,6.620018504666666
28,46.523791496935914,6.618555057946301
29,46.52387956558531,6.61803347442791
30,46.52408982498588,6.617428124708193
31,46.52470304653421,6.61457206123005
32,46.52310072397613,6.630397161579012
33,46.52351162633035,6.629369420860279
34,46.52339621549723,6.628418813970191
35,46.523546894423085,6.62794477831502
36,46.523341985634374,6.627145715791928
37,46.523927689043205,6.628120402367727
38,46.524525148887655,6.62588153580982
39,46.524583340379046,6.626536538495023
40,46.52387278857168,6.626083404585708
41,46.523982786254244,6.6269608684402765
42,46.52365445329535,6.627473549791073
43,46.52362809248587,6.623753481814407
44,46.52532208416475,6.620302712071135
45,46.52584476349355,6.619564058243172
46,46.52684730896164,6.618271670572091
47,46.52703584241544,6.6179139843288555
48,46.5272928430586,6.617558155552503
49,46.52753602321061,6.617147494229811
50,46.52778999766638,6.597920011515494
51,46.527953292279115,6.6162700556590215
52,46.52833981460765,6.615517597862394
53,46.528718424365486,6.614760161556716
54,46.529814990113145,6.613595905692969
55,46.53068282003735,6.612918068837534
56,46.53020635195587,6.613663748684585
57,46.528502037457486,6.615173086564625
58,46.52479515634708,6.621382971158093
59,46.52148064250033,6.616472769736218
60,46.52229387820432,6.6161076889328045
61,46.52228117036636,6.617177766993671
62,46.52226404553435,6.6179229647540945
63,46.52223757938573,6.618810244571131
64,46.52214956368514,6.620028858879076
65,46.52260999337449,6.618356124890119
66,46.522633597982455,6.619265023057643
67,46.5230544998957,6.618853834892192
68,46.52339567477856,6.617245028123543
69,46.52307329924864,6.612077793820081
70,46.52274902098381,6.610804191222898
71,46.5232650596603,6.609352016465799
72,46.52355614923659,6.608545748083585
73,46.52420230000319,6.609084249195157
74,46.52332762522727,6.6046675645386905
75,46.523888678002486,6.6039312324598205
76,46.52150025969246,6.60384009468254
77,46.521275980303024,6.603631015151516
78,46.520984195370374,6.6033227967236465
79,46.52303493768245,6.6053521861514275
80,46.52321979455853,6.60638115795139
81,46.52288826237975,6.609294737843174
82,46.522048496601975,6.610783967873708
83,46.5216772943729,6.611927448981482
84,46.52147884012334,6.612395624507714
85,46.521258886850674,6.6130918834059464
86,46.52076724604534,6.611954015114051
87,46.52088633114786,6.6112068563078665
88,46.521052264714285,6.611014439071428
89,46.52118818113181,6.610514447305498
90,46.521472323311585,6.609243806578969
91,46.52161278520278,6.608492845256962
92,46.52181101551844,6.6078922016601735
93,46.52278236272549,6.607398396931773
94,46.52200439868132,6.606634440311354
95,46.52139446434194,6.606308351676589
96,46.52080665087843,6.606992717820199
97,46.52048938583977,6.607840018632766
98,46.52040151911368,6.608136355902205
99,46.52014812275,6.608921657708334
100,46.519755292820506,6.61062199025641
101,46.526474971969705,6.635216018030302
102,46.52688990677656,6.634576643021977
103,46.52744549414021,6.63389113781746
104,46.52797546362159,6.633884588558345
105,46.52771487714285,6.634282845346321
106,46.52748683703703,6.634941083333334
107,46.52767151424243,6.635460177121212
108,46.52979326243571,6.635899301653504
109,46.530986798388426,6.635649696962478
110,46.531368059781926,6.635421700147272
111,46.53168949319445,6.6350402087500004
112,46.53195789125659,6.635350878472713
113,46.533555443876125,6.6354336621560845
114,46.5344362664762,6.6353643818285715
115,46.53518028958334,6.635356863194443
116,46.53578813395657,6.635272451150286
117,46.53628930666014,6.634275706002974
118,46.53594997589744,6.633891615320512
119,46.53551451109845,6.633872815507433
120,46.5352824097436,6.634258796538462
121,46.53500610805673,6.634978709852746
122,46.54166699790826,6.636082245480399
123,46.54277141455271,6.638576576223546
124,46.54307094884891,6.638918471483586
125,46.54342988189175,6.639285563695182
126,46.543662572432964,6.639981288636515
127,46.543665858180326,6.640711191013348
128,46.54154729112013,6.636720954891775
129,46.54150703560606,6.634345561363636
130,46.541290685606064,6.634197743787879
131,46.54097621948413,6.634049611765872
132,46.5401164,6.63406743
133,46.538412561045554,6.63457969557971
134,46.537903745870665,6.634752935210763
135,46.537362637833695,6.634938239538239
136,46.5329517965005,6.634494377630702
137,46.53250587671903,6.633899385842132
138,46.53464035527447,6.633804953273811
139,46.53440039170472,6.63412300125861
140,46.533971483333325,6.634088344999999
141,46.533549287902225,6.634092720146416
142,46.533198633750004,6.634076883055556
143,46.53181907261034,6.633352239427609
144,46.531438515380906,6.633611762082048
145,46.530691676061515,6.634459678839285
146,46.53100226109922,6.634123422546712
147,46.52946743919108,6.634540828962149
148,46.52923001960655,6.634816968849585
149,46.52881082687318,6.634809875761099
150,46.54464345079967,6.62792154049349
151,46.532955384103175,6.6350435832063495
152,46.532400590204084,6.63537292010204
153,46.530458833333334,6.6364084000000005
154,46.53090038683035,6.636592765357142
155,46.53138965344444,6.636708805666667
156,46.531750488719474,6.636781474864421
157,46.532685679946376,6.636527750776924
158,46.53329952014008,6.6366254295331295
159,46.53273354749418,6.637566316548452
160,46.53386447883414,6.636904400291896
161,46.53256421657408,6.637986882175926
162,46.53252713139384,6.638777528556548
163,46.53175595880589,6.63941654963901
164,46.53201059444444,6.6396707481481485
165,46.53317384319444,6.639701278194444
166,46.532758940654766,6.640594659583334
167,46.53716950634463,6.639134921994047
168,46.540193885104166,6.641047233541666
169,46.54051394187189,6.641399841109359
170,46.541023907342165,6.641543259879718
171,46.54139655806954,6.642005953611043
172,46.540240214364985,6.643153698545518
173,46.53950917922356,6.643603127858026
174,46.54041454742345,6.644591374934665
175,46.54074808398474,6.6437977336747736
176,46.540768826,6.643375557000001
177,46.54024321847222,6.644966628333333
178,46.53980823603521,6.6454659573321075
179,46.52943908636364,6.6412014121212115
180,46.530031371316824,6.641688698344009
181,46.53042804203703,6.642282169532629
182,46.529620422835315,6.6409133758214285
183,46.527191677405995,6.639414650460403
184,46.52670065925757,6.638400387707678
185,46.52669093283951,6.639516470493827
186,46.52636126050873,6.6391327368435835
187,46.52585301692709,6.638375236249999
188,46.525346229110205,6.638161453263142
189,46.52612342914178,6.638251478395563
190,46.52584108526898,6.637702208584006
191,46.52588372948413,6.6367734573015875
192,46.52566016335152,6.636048625840549
193,46.52659880583333,6.637660478412698
194,46.52812042095802,6.638633986841936
195,46.52941837013889,6.6401193846825395
196,46.524067450000004,6.60414255
197,46.521793877939565,6.605727209496337
198,46.521943828824874,6.605108993131611
199,46.521385246593404,6.612729827490844
200,46.52098532998148,6.613706220984224
201,46.52102499770325,6.614040696802339
202,46.521022306547614,6.614544153571428
203,46.52103428442002,6.615170724542124
204,46.52100298453133,6.615565745933832
205,46.523314211904754,6.611303046904761
206,46.52356162923684,6.61100976091127
207,46.52075151842105,6.613034909210525
208,46.5202604035908,6.612949936216179
209,46.51982867101434,6.612800644583336
210,46.51952179427274,6.612041413476802
211,46.51952889947917,6.611313736979167
212,46.519408042929626,6.610468611081872
213,46.51931283670057,6.6096576091969945
214,46.51955544974359,6.608768464914529
215,46.52025307390601,6.607418931683579
216,46.520257697532465,6.6069917946753245
217,46.519866102718254,6.606766525634921
218,46.519490090992065,6.608125440545634
219,46.51932926375,6.608529248452382
220,46.51901177603836,6.608688499583333
221,46.519179575725104,6.609200364700577
222,46.52262347597197,6.60779981623033
223,46.52329282695698,6.625823531950034
224,46.520656914694435,6.630936056330891
225,46.5225024,6.6271624
226,46.52321511934524,6.622160329464285
227,46.52196412976191,6.623341133928571
228,46.52334162,6.6208884900000005
229,46.524516338862,6.615257723455496
230,46.52468949077972,6.613406425712721
231,46.52421795371856,6.627549816976332
232,46.52625205392392,6.61906855023858
233,46.52645905923512,6.618688144723091
234,46.522693058743066,6.620560756665932
235,46.523016122821865,6.617603043447972
236,46.522984802504354,6.616903318489598
237,46.52352503026512,6.60210159935375
238,46.52441920089232,6.602243305346922
239,46.526846932010784,6.603177173323718
240,46.52689263796537,6.604030524967533
241,46.52648660455202,6.604968556237869
242,46.52834255935492,6.5982643593432675
243,46.52917299716585,6.597913495408434
244,46.52894490116572,6.598432735564539
245,46.52884399421102,6.597360847651728
246,46.53003938497343,6.595471223001064
247,46.5252209490291,6.601266312186488
248,46.5241366851389,6.601967844513889
249,46.52836338814936,6.634044105627706
250,46.5360718,6.6337025
251,46.536358416666666,6.634623066666667
252,46.5425922375,6.6388495574999995
253,46.53003217868056,6.634376909444444
254,46.530642795238755,6.6364603953420565
255,46.528468157393156,6.639333828974358
256,46.519097624379754,6.631574893924011
257,46.52720074902171,6.596854114496897
258,46.523821511547624,6.603552643293651
259,46.52010826064286,6.607752395702382
260,46.5206089,6.613061
261,46.5206308,6.6123981
262,46.527589225793655,6.59815767718254
263,46.529070203867256,6.635999036176046
264,46.53989756111112,6.634111316666666
265,46.52092695000001,6.633762620151515
266,46.52189465151515,6.628440116287879
267,46.523912675000005,6.62562231
268,46.52220915,6.625738516666666
269,46.52208617021825,6.625592901746032
270,46.5218998,6.6253244
271,46.52238022000001,6.625816520000001
272,46.52212043824529,6.621995133741824
273,46.522715952307614,6.621432692501892
274,46.52229475,6.621628599999999
275,46.52326311884615,6.621588515641026
276,46.52334684444444,6.6169994533333325
277,46.52407544414321,6.615282563650277
278,46.523813065884774,6.616570776207888
279,46.52216365,6.620569416666666
280,46.53619382841571,6.619884264081208
281,46.53695508631463,6.618833962850506
282,46.53750046367729,6.617768832328233
283,46.53873,6.6170547
284,46.540518506458284,6.617579135070819
285,46.54167532765302,6.618103520917484
286,46.53686810091214,6.61800407237448
287,46.536347147939246,6.618746607523348
288,46.536139870873015,6.619078836759259
289,46.53540046856482,6.62047325653439
290,46.53477074690897,6.62068266021688
291,46.535580605,6.621952343888889
292,46.536093351970514,6.621328273479629
293,46.53678975276873,6.621235759711795
294,46.53704625,6.62078885
295,46.53778427523906,6.620004632455738
296,46.53810676871345,6.6195038407894735
297,46.538227475,6.6189958749999995
298,46.53865379524799,6.618805528226251
299,46.53898889400665,6.618370277666204
300,46.53939054217855,6.617665078642986
301,46.531208526992366,6.61246847994777
302,46.5219443,6.618620944444444
303,46.52634405400794,6.605291897063491
304,46.542372795,6.614230629666667
305,46.52849645,6.59724555
306,46.53966709555555,6.634175332916666
307,46.53925625555556,6.6342985
308,46.536813620454545,6.635060211363637
309,46.5303305,6.642446
310,46.52750889166666,6.634591108333333
311,46.53236253,6.6401522449999995
312,46.53069547311111,6.644077581777778
313,46.5231515,6.6046732
314,46.5233613,6.627946416666667
315,46.52701675,6.61827325
316,46.523711767291665,6.620060870625
317,46.52708925,6.6038684
318,46.525964857185485,6.60032332048055
319,46.523843066666664,6.6042776000000005
320,46.5272602,6.639862133333334
321,46.52770569583333,6.633896241666666
322,46.522628259814816,6.624947515
323,46.5235925,6.62707655
324,46.52203100277777,6.621579397222221
325,46.5241913,6.617706
326,46.52096427165991,6.619739562741277
327,46.521073339953574,6.620686057224225
328,46.520693700819926,6.621302319975006
329,46.5198133139385,6.621388668601189
330,46.519874058333336,6.621889824019608
331,46.51978519971576,6.622973852616718
332,46.51933480677777,6.623020043269839
333,46.519018017480604,6.6215686097691195
334,46.519367518749995,6.621604120677083
335,46.519039997820514,6.620728257435895
336,46.518345095525156,6.628588065437471
337,46.518730435010646,6.627934397531514
338,46.51841498682638,6.626345004134163
339,46.51810776410601,6.62712760019733
340,46.51763143800483,6.628249922533293
341,46.5177477804923,6.627871516094967
342,46.51868047030823,6.625551966375997
343,46.518745243876246,6.624133448942677
344,46.51852776185306,6.624830787714246
345,46.5192117095373,6.624379165548766
346,46.520171375386916,6.6240762121230174
347,46.52071641898611,6.626942089426587
348,46.51993505439992,6.628029768489566
349,46.51872711663716,6.6313451797193945
350,46.51849764238012,6.632709678025557
351,46.518245394431965,6.633543828960273
352,46.518180074576144,6.631276645729984
353,46.51797430957071,6.630532676414141
354,46.51755852395228,6.629146341560176
355,46.5207858472963,6.622523338399655
356,46.5223378926424,6.624319351582413
357,46.52128246648712,6.622409749443157
358,46.521146555754825,6.6218944763001
359,46.52107205025032,6.621158120168799
360,46.521748497366936,6.618544128662311
361,46.52100606703343,6.618563598464405
362,46.52095614714418,6.617502752509147
363,46.52101463567708,6.616924914149305
364,46.53119150424342,6.621424186163619
365,46.53605200042904,6.625763980719736
366,46.537354930332725,6.624896121742471
367,46.53881239487179,6.6253815564102565
368,46.53864701444444,6.624710356666667
369,46.538313871579206,6.623624593747243
370,46.539351835331786,6.624397541808469
371,46.54024851110991,6.6239914460645855
372,46.540495276647334,6.624439015453808
373,46.54039876825397,6.624888326130953
374,46.540050115198625,6.625253631876203
375,46.54014275818718,6.6258970299391535
376,46.53980907442766,6.623531681782596
377,46.53957615984425,6.622119933826525
378,46.5400358463636,6.622104513619395
379,46.540551320328404,6.62185816886851
380,46.54095747282978,6.622397240580809
381,46.541019722240875,6.623064184091348
382,46.541078624074075,6.623598157407407
383,46.54113337004532,6.623946935284345
384,46.54127081208305,6.624639348358823
385,46.54117880852062,6.621507871594216
386,46.54159650360781,6.621397049348545
387,46.540748455044685,6.621008898332331
388,46.54235548111624,6.6223861204474295
389,46.542834746678174,6.623072422572317
390,46.543106164973786,6.6236512681354585
391,46.54380354105064,6.623887905392592
392,46.54306372536327,6.624061902017211
393,46.54266552584637,6.624505326662226
394,46.54195901023781,6.625229951231518
395,46.541171073668835,6.630168175952381
396,46.53496145433207,6.616978913669437
397,46.535482150206356,6.616371495349208
398,46.5359103102346,6.615968504205948
399,46.53640768237414,6.615647007373586
400,46.5364242820541,6.616078999624542
401,46.535855619327656,6.616493193803211
402,46.533624358997066,6.618758220670403
403,46.53538322425926,6.616033872222221
404,46.53607100442967,6.61546263665258
405,46.53736676147069,6.614506848508367
406,46.537721162870376,6.61411413128307
407,46.537937315050804,6.613471686972374
408,46.53876336029398,6.612800274076721
409,46.53899472846792,6.612313194537645
410,46.53975241739797,6.6123209455468155
411,46.54003380083334,6.612319483333333
412,46.54173429250209,6.6121099203562315
413,46.53065771948718,6.61772317550838
414,46.51885021839081,6.615058651551726
415,46.51980234229167,6.616750985104167
416,46.520007086094516,6.616110859968975
417,46.5199660861756,6.615368904977678
418,46.519994616272896,6.61475555084249
419,46.520060800367965,6.614260615223666
420,46.52031648086505,6.614023089117059
421,46.5185979781773,6.616263647343514
422,46.518990211994954,6.617280549116161
423,46.51898136095766,6.6178350488838715
424,46.518396434181916,6.618206007675198
425,46.51800883333333,6.6171443666666665
426,46.51779546324405,6.616745598746693
427,46.5170757325187,6.616197332015089
428,46.51765680746349,6.617409508668452
429,46.51725626664127,6.618027784368253
430,46.51640532777778,6.61955545
431,46.51606451725577,6.620272576033307
432,46.51570402903846,6.620740038717949
433,46.516612304084106,6.625312829230233
434,46.514941907237656,6.626123773650794
435,46.514675248886405,6.626955203819445
436,46.514459849706256,6.62767515305336
437,46.51417556815573,6.628617878464537
438,46.514073634404,6.629233071577653
439,46.513765913351236,6.6305010232908765
440,46.51518771483193,6.630612061995798
441,46.51524139791667,6.63016119798581
442,46.51532163349091,6.629513340879759
443,46.515431663618145,6.629156774901127
444,46.515592471611924,6.628598049474839
445,46.515723473822355,6.628029054126522
446,46.51594974845281,6.627324121763507
447,46.51610658421837,6.626816644784352
448,46.519867848160956,6.637687459681188
449,46.5267163852564,6.649098210897436
450,46.52734169676768,6.649819339494949
451,46.52703927472223,6.650699071944444
452,46.52660840876045,6.650286498201607
453,46.52636224666667,6.6499712756060605
454,46.5261318197436,6.6492115321794865
455,46.5259236295915,6.649565924803921
456,46.52539471326366,6.649777583411096
457,46.52708143666667,6.652436420000001
458,46.526621944555146,6.6520485386695025
459,46.531769390625,6.650646359375
460,46.53208715238095,6.651059100833334
461,46.53319983282051,6.650999707094017
462,46.5327039180247,6.651002043024691
463,46.533224118,6.651736752
464,46.53340384285714,6.652147114285715
465,46.53342584041666,6.6529233423611105
466,46.533409258333336,6.654449775000001
467,46.53241866522223,6.655765834555555
468,46.53205328653558,6.6561602293916735
469,46.53283794562308,6.654466658037613
470,46.53214805186529,6.6542084952461185
471,46.53144196418505,6.654170013310024
472,46.53129040664518,6.653591986777911
473,46.53103601008036,6.653116881317995
474,46.53067185744355,6.652002849104294
475,46.53083086875,6.6525069625
476,46.53092266983333,6.652264804666667
477,46.527902419366626,6.654150168981789
478,46.52895334026316,6.655533033508773
479,46.53124413418527,6.656500515787694
480,46.53029730915595,6.65677738008189
481,46.53037211045454,6.657739419848485
482,46.530569568888886,6.658219013666667
483,46.53132796685185,6.659164463101852
484,46.53168368571429,6.6595165
485,46.53279944370606,6.660486439603203
486,46.53203635770456,6.6586891977526035
487,46.53182371755101,6.657564218792518
488,46.53140243703702,6.657312035238095
489,46.53067485357143,6.657820512500002
490,46.53070244347222,6.6600099719444446
491,46.53012022569445,6.66096302013889
492,46.52985994777779,6.6627174033333345
493,46.52926262083333,6.662710393055555
494,46.528613792307695,6.662341073076922
495,46.52844174472079,6.661237252260425
496,46.52844032,6.6604730000000005
497,46.52884618,6.660311039999999
498,46.52924609960317,6.660256564682541
499,46.52963078,6.660231659999999
500,46.529530281818175,6.66083628651515
501,46.530017868928574,6.6596391125
502,46.530300504255955,6.660192029702381
503,46.52839688307692,6.660040094230769
504,46.5283623442674,6.659671021547619
505,46.52794727428791,6.65851282030409
506,46.52762624090348,6.657825456261186
507,46.526620097380956,6.6562902882142865
508,46.52630715615385,6.654805141089743
509,46.52623305435185,6.654173365347222
510,46.52628566818182,6.653663936363636
511,46.526354371242284,6.653003046346671
512,46.526118168698225,6.652128401524144
513,46.52417773198413,6.652994458842303
514,46.52425200997699,6.6523592779795155
515,46.52412835777034,6.651742964114583
516,46.52433180748847,6.651181464210234
517,46.522031,6.6583089
518,46.521832397170144,6.6584526649305555
519,46.52139676204094,6.658111343076299
520,46.521548477414974,6.657518147666272
521,46.5208372,6.6579031
522,46.52045865163004,6.657937816043956
523,46.522551604019306,6.657857315403347
524,46.5231737049542,6.659204784734431
525,46.52449397166666,6.662605878333333
526,46.52537399930555,6.661632613611111
527,46.525502664285725,6.661257664285714
528,46.5255095409091,6.660838590909091
529,46.52470392348484,6.657380821212121
530,46.52474389935065,6.657062941818182
531,46.52492789181819,6.6567000104545455
532,46.5256543125,6.656314986111112
533,46.52596179285714,6.656171535714287
534,46.527405207575754,6.655597085606061
535,46.5278310736455,6.655442036836481
536,46.528270320000004,6.65535993
537,46.52857282083333,6.655341233333334
538,46.52915940625,6.65617575
539,46.529113987592595,6.656580746481481
540,46.52893472227274,6.657021537272727
541,46.52870669630536,6.657167846353647
542,46.528348072424244,6.657374172121212
543,46.52660551200001,6.657700789888889
544,46.52620368266667,6.657550799083333
545,46.5260024,6.657145833333334
546,46.525335491818176,6.656598604545454
547,46.52553144285714,6.657843114285713
548,46.5239531900381,6.657027486828571
549,46.5239850792415,6.655586332642858
550,46.52371411971612,6.6558048664072045
551,46.52395741373626,6.654682552225274
552,46.51769698809523,6.6274134035714285
553,46.51584323833333,6.622290428333334
554,46.51582099663165,6.621783826463585
555,46.51541379069034,6.619773403864506
556,46.51560033127835,6.619092696160714
557,46.515737383921966,6.618686835542327
558,46.516097042100114,6.618312557368743
559,46.515478009000965,6.618019245102648
560,46.51666399628967,6.619566576184807
561,46.51653002336215,6.620545858242297
562,46.516466691773374,6.621760440607309
563,46.516492240625,6.6223098046875
564,46.516564279087305,6.623162398968253
565,46.51705557603873,6.624057729483037
566,46.51725120694777,6.623408456371291
567,46.51676239855556,6.624379581777776
568,46.51695685223958,6.623649801614583
569,46.51693401428572,6.623313457142858
570,46.51696667307177,6.622831618752301
571,46.51737546666667,6.622128433333334
572,46.51753957626983,6.6213548641269835
573,46.517090503393234,6.621151609620917
574,46.51714541235939,6.620490993536422
575,46.51725870187128,6.619891005932033
576,46.518001007692305,6.6197199034798535
577,46.51825998635417,6.619955991354167
578,46.51769530969507,6.620170273053468
579,46.51800731277417,6.620892131662156
580,46.51781448029412,6.621717525294118
581,46.51756112665844,6.622673499021077
582,46.51836306013889,6.619288791458334
583,46.51771956666667,6.619313284722222
584,46.517481098670636,6.61870101530754
585,46.51736948125778,6.619120158025017
586,46.51999809130975,6.619654800657134
587,46.519647735446426,6.618464999122024
588,46.51938241163974,6.619463444158164
589,46.51957092790675,6.623452498640873
590,46.51872555372454,6.627328527321718
591,46.51893930397488,6.626691347867318
592,46.51818585197369,6.6265816394736845
593,46.52025849444444,6.622992811111111
594,46.520569671969696,6.625184491212121
595,46.519838604431214,6.628667938730159
596,46.52001548661375,6.627589893723545
597,46.51806064480393,6.631703939936974
598,46.5182325820192,6.630444486549442
599,46.521749222780606,6.619433032942177
600,46.520986983333344,6.6180802320000005
601,46.53830728181818,6.62534549090909
602,46.5386748,6.6270504
603,46.538977824999996,6.625025133333334
604,46.539668829039954,6.62277057404792
605,46.54225607075396,6.621849110605158
606,46.53402769861111,6.6177115493055565
607,46.53006645635353,6.6165214036740885
608,46.51649389090908,6.619302495454545
609,46.526425499999995,6.6524896
610,46.524435817124534,6.658718717289377
611,46.529834720484125,6.656594724412698
612,46.53086189666667,6.658694576078432
613,46.5311137,6.659368862962963
614,46.53091946666666,6.659688404166666
615,46.5325587,6.6520087
616,46.531919358333326,6.653901900000001
617,46.5310865,6.6524364
618,46.52811978666667,6.6545483955555556
619,46.5166976,6.6204641
620,46.5166987,6.6208231
621,46.51761599122478,6.622137712140083
622,46.51262006348039,6.624040534399881
623,46.512270995555554,6.623473761736111
624,46.51171044444444,6.622490544444444
625,46.511223408366405,6.621697206977512
626,46.510420727972864,6.62072352913087
627,46.511972977973855,6.618274512819614
628,46.50910540284992,6.618416634015151
629,46.50886176879202,6.618055558416201
630,46.50935569828297,6.617165465772284
631,46.50974992293849,6.617616394398658
632,46.5085652481283,6.6204166179100525
633,46.507366925,6.6214078
634,46.50781533761546,6.622265362956626
635,46.50794601907814,6.6230942429548225
636,46.50700423928572,6.625622189285714
637,46.50694939236407,6.626983048077027
638,46.50595439685729,6.626329636751727
639,46.50742481571428,6.625433555
640,46.51010849202245,6.619693570704593
641,46.527249743846156,6.650344669230768
642,46.531696165,6.656771809365081
643,46.52671979444444,6.656798101388888
644,46.5176666569697,6.6198150975
645,46.52036335556296,6.620566948693437
646,46.519714119513885,6.620803010208333
647,46.519101947564096,6.620403268846153
648,46.5184035,6.6260433
649,46.520739719424604,6.624391031507935
650,46.519362866666675,6.628345991666667
651,46.53804896965812,6.624763650384616
652,46.53868181875,6.625737514583332
653,46.5411673,6.6233693
654,46.54769611266667,6.618559179333333
655,46.5405492836508,6.612357228095238
656,46.530482355972225,6.617346595138888
657,46.52081488690476,6.65809659404762
658,46.52273312,6.6582545600000005
659,46.5239336,6.6606815
660,46.52503801302083,6.660492013541667
661,46.53098502884615,6.657620878076923
662,46.530275816666666,6.660687483333334
663,46.53340555555556,6.652464833333333
664,46.533569207777774,6.653505517777777
665,46.53365138181818,6.653864704545454
666,46.531136719047616,6.652722310714286
667,46.51594616666667,6.622759299999999
668,46.51285042728174,6.624440317146164
669,46.510706184151786,6.621179969629502
670,46.51108829619963,6.619676839858058
671,46.509035031656744,6.617655590525794
672,46.50858822095152,6.617269872118803
673,46.50502056449862,6.627919589629121
674,46.51906636714285,6.62538373047619
675,46.519056849083334,6.625981094249999
676,46.518565697614996,6.625990424942676
677,46.52221973013145,6.630567507543022
678,46.51816463263889,6.6309312006944445
679,46.53321026770297,6.627565259842186
680,46.53318723138974,6.628184124669271
681,46.53371682148914,6.62756923127003
682,46.534683980312295,6.626684860106321
683,46.535163963646376,6.627504241172928
684,46.53516385,6.62823405
685,46.53500636787795,6.629185261309525
686,46.537785295000006,6.624789581666667
687,46.53848211428571,6.626593885714286
688,46.53906307333333,6.624564196666666
689,46.537987102923275,6.623040444976851
690,46.538300987543586,6.622715312434765
691,46.5388913,6.6221169
692,46.540108100000005,6.62106615
693,46.539744,6.6223457
694,46.5396745,6.623098061111111
695,46.53938971111111,6.6123583111111115
696,46.536994674999995,6.6146202375
697,46.53448659958333,6.616762029583334
698,46.5188482,6.61802345
699,46.51199775320512,6.623051971794873
700,46.508807507142855,6.616814128571428
701,46.52038471038347,6.624355742422403
702,46.533139799999994,6.625868466666667
703,46.532017247727275,6.627880281818182
704,46.534943988144214,6.628392193275972
705,46.51893812592593,6.616614046296295
706,46.53236305,6.65133622
707,46.5128742,6.6240381
708,46.50519542879291,6.627670036369392
709,46.518494843392865,6.630861180059524
710,46.538546213541665,6.627224386458334
711,46.52648604111111,6.655985611333333
712,46.528383278571425,6.654913664285714
713,46.5256252,6.656799449999999
714,46.516538499999996,6.622759408333334
715,46.54401220595238,6.62382184047619
716,46.54771364583333,6.618319302083334
717,46.5407583,6.61242825
718,46.524301461111115,6.658231811111111
719,46.5303010316092,6.651876165689655
720,46.525393675925926,6.658152966666666
721,46.5198516,6.6225457
722,46.54038405,6.621759675
723,46.5467536,6.615324920000001
724,46.51967425126259,6.630660463623878
725,46.519602520786115,6.631568263193551
726,46.51906120368615,6.636959149613813
727,46.5194486925869,6.638060230116411
728,46.51926834072906,6.638952103280745
729,46.51915788407531,6.639838689933847
730,46.5186418464279,6.639310101506596
731,46.51821265683738,6.639468629234039
732,46.517538392280734,6.639120025956087
733,46.518327505865315,6.63846411351197
734,46.51797666352275,6.638151291627633
735,46.518879295311876,6.637727303327239
736,46.51979711061225,6.636914193327665
737,46.52027375935436,6.637794138330944
738,46.52037686600594,6.640194091674478
739,46.51928189390763,6.644824480746212
740,46.520048369410254,6.6413315111538465
741,46.52127381106722,6.6397191612012865
742,46.5213222654781,6.640330784456082
743,46.51947718747665,6.637360382915499
744,46.52050996540307,6.639176091397591
745,46.52008490503141,6.639392707597057
746,46.51860388599007,6.636849184678378
747,46.519880506866414,6.632700952032156
748,46.523181158407745,6.636647815453446
749,46.52275946217644,6.6360613581257635
750,46.52218129419199,6.6360833199318705
751,46.52316897247006,6.635141650166176
752,46.52384293015873,6.635544038227513
753,46.5236783,6.635514625
754,46.52338292722765,6.635806575636768
755,46.523815299117054,6.63614409573082
756,46.525004884491224,6.6352462927218525
757,46.524718900716785,6.634715710250583
758,46.51990160426587,6.636301777380953
759,46.51963070245942,6.635687916385859
760,46.51943619694219,6.634233109097963
761,46.51985130624397,6.6336670430256195
762,46.521535282165786,6.630885390283846
763,46.52133252493855,6.631634272806857
764,46.53187728285192,6.625927582420955
765,46.53241832173147,6.6228099743296225
766,46.531746359476095,6.6241801422252555
767,46.53092079190171,6.624539261526252
768,46.53054300291743,6.624053590603929
769,46.53124438314395,6.6234220317545995
770,46.5315876434027,6.623164613026695
771,46.53047738055639,6.625290263790578
772,46.53157184722222,6.626979881944444
773,46.52924520399275,6.624053400504891
774,46.53002261986835,6.621345331741763
775,46.530215927414005,6.622263978521101
776,46.53063942465483,6.621802134119215
777,46.53096115454365,6.6212476307539685
778,46.53107367314827,6.621896795523477
779,46.52952107880122,6.6206225983849185
780,46.52997745059523,6.619758546478175
781,46.53020108270834,6.6195751521354165
782,46.52860747763491,6.622235185333333
783,46.528420969166675,6.622683297500001
784,46.52825489586691,6.623165084322346
785,46.5279601873779,6.623800869322344
786,46.52704855999409,6.6236832235270136
787,46.526695995509165,6.623384002352395
788,46.530115553461535,6.618945916336997
789,46.52981048787698,6.619071843174603
790,46.529461297542255,6.6193023304396
791,46.529239296428564,6.61950357202381
792,46.52868734809957,6.620208005307446
793,46.52865306275598,6.620852928272313
794,46.527910401586226,6.621237078926968
795,46.526493153136244,6.622687335874065
796,46.526172010706695,6.623378840123415
797,46.52533027861821,6.62267977576184
798,46.525999619444455,6.6222830902777785
799,46.52580648619875,6.624011076101719
800,46.52533124269723,6.624871474686898
801,46.5248608701169,6.624435258615797
802,46.52438293137563,6.624068861081435
803,46.524988650000004,6.623928447321428
804,46.525290240320516,6.624091882142859
805,46.525565685185185,6.624437240740741
806,46.525073614352095,6.625376917030186
807,46.52946550003093,6.617174407092901
808,46.52928246424242,6.6176950048484855
809,46.52920296820513,6.618140951794871
810,46.52897097511575,6.619568309675927
811,46.52698996110353,6.621385691617425
812,46.52724545866717,6.620888216472271
813,46.52757850353027,6.620397986045833
814,46.527863396188934,6.619864795618429
815,46.5281324129762,6.61872236595238
816,46.52876396939394,6.6186108033333335
817,46.528565969647154,6.618374215375451
818,46.52855265555907,6.617500002420516
819,46.51657927320971,6.648998059786325
820,46.51900610249003,6.654080988131054
821,46.51835579319445,6.65350244736111
822,46.51779227573499,6.65293514464815
823,46.51727073272161,6.652671607005147
824,46.516717045929305,6.6522449256767695
825,46.51641174098038,6.6524127595545135
826,46.5158332518801,6.652905870308414
827,46.51447420588327,6.651853328867961
828,46.51527919623839,6.648291046042888
829,46.51522124349359,6.647628297500001
830,46.51519756642857,6.646920261666666
831,46.51513603642858,6.6463618175
832,46.514734349581815,6.645048678470696
833,46.51459159187229,6.644632119603174
834,46.513807294829924,6.644927471802721
835,46.51376431562292,6.645655573222935
836,46.513584814268214,6.646447143093726
837,46.51378606138889,6.647069338441042
838,46.51414236543199,6.6480730850393055
839,46.513286603680775,6.648924651804954
840,46.51342004868142,6.649407187793132
841,46.51312201930335,6.650541439792769
842,46.51342407033069,6.650679064940479
843,46.513484217745315,6.6502640826406925
844,46.51452732,6.6481826325
845,46.51462011507696,6.648999406262025
846,46.5145885679127,6.650153231500001
847,46.514622187695714,6.650787126025432
848,46.52107681305555,6.641681868318903
849,46.52070986919841,6.643891997753967
850,46.52041452542502,6.644517150348881
851,46.51988232539941,6.645466706440881
852,46.51823457388138,6.644616600328262
853,46.51759318334325,6.644092660887897
854,46.51744099526133,6.64447607434911
855,46.51727684276291,6.644965446497585
856,46.51712813142568,6.645675380960093
857,46.516873548667476,6.646418626174241
858,46.516761563562916,6.6470904278061225
859,46.51665526693316,6.647824645760893
860,46.516508116958185,6.649530046642962
861,46.51745641154763,6.651318769523811
862,46.517022908814454,6.651966702050771
863,46.515235127599205,6.653135385018189
864,46.51481276802722,6.6520688842602045
865,46.51480083313491,6.652711754404762
866,46.51441960810483,6.653488148692398
867,46.51510519364983,6.650273596155723
868,46.51527177728261,6.649890399855072
869,46.515451851968315,6.649400615574944
870,46.51457735805556,6.6511199987500005
871,46.51443258681747,6.652487808119048
872,46.51493414333333,6.645726057333333
873,46.51392533287013,6.644340419045907
874,46.51354880091668,6.644380857116148
875,46.51321878632478,6.6447328467094025
876,46.512906391508096,6.645235683897177
877,46.51405285258896,6.648925114466723
878,46.513490196268556,6.647538187976707
879,46.51347599076924,6.646986217628205
880,46.51417374031266,6.649526644352517
881,46.51581283,6.648305447738095
882,46.51587689885058,6.64759187954023
883,46.51594206918651,6.646367424761905
884,46.51726385501984,6.64734760404762
885,46.51735790151515,6.649115117424242
886,46.51838067013889,6.649892596527778
887,46.51810570833333,6.6495822083333325
888,46.518186364583336,6.6492137784722205
889,46.518548091666666,6.6477026666666665
890,46.51935708106952,6.64631182909091
891,46.519017814775616,6.646817005604298
892,46.51869801011906,6.647284323809523
893,46.51781636121573,6.646356648976071
894,46.517601044556876,6.64595842460097
895,46.51884592894737,6.648532365789474
896,46.52013669236111,6.6491817583333335
897,46.52100033682408,6.647474337233029
898,46.52138217343807,6.646767587129791
899,46.52180831536232,6.648800981449278
900,46.521634041388886,6.649677499166667
901,46.52126512121212,6.648225999242424
902,46.52060118405754,6.648589046815476
903,46.52049853106061,6.648917744696971
904,46.5200213271796,6.650189154636224
905,46.51940780625,6.651457038888888
906,46.518784485076736,6.65174722826089
907,46.522359972261164,6.655851855982509
908,46.52223610760101,6.6545357825
909,46.52249120123411,6.654843007100732
910,46.52294777505102,6.654627112970522
911,46.523271975687834,6.654128066732803
912,46.52332052884921,6.653787523075397
913,46.52313758994048,6.653474562767858
914,46.52262014875731,6.652788013959888
915,46.52168522564252,6.652871543890225
916,46.522279686213146,6.65202348936596
917,46.52182053526786,6.653513020605158
918,46.521086303125,6.654146534375
919,46.52072484434524,6.655696990327381
920,46.52026590757576,6.6551369909090905
921,46.52041713257576,6.654864992424243
922,46.52062995,6.654452726470588
923,46.520517252272725,6.6563004887878785
924,46.520456562499994,6.656826325000001
925,46.52009521911765,6.658710484313724
926,46.51937993816667,6.6577152459999995
927,46.51928282386904,6.657128974761906
928,46.51910864395833,6.6560380143749995
929,46.51901278511574,6.655699382513229
930,46.518522136363636,6.653195643939394
931,46.515665845,6.641977777916666
932,46.51531271660317,6.642391682531746
933,46.515069829871805,6.642703901923077
934,46.51486676891331,6.643050976978021
935,46.51473674229267,6.643458768719974
936,46.51049158819444,6.6391716475
937,46.510580348931626,6.638849001118743
938,46.51075008613379,6.638127335447847
939,46.51086529855082,6.637695462599207
940,46.51230465358215,6.637022234956179
941,46.513053819999996,6.635984777738095
942,46.51279248421164,6.636421680648149
943,46.512519613396364,6.636415337261904
944,46.512611817647056,6.63577865
945,46.51140420706877,6.637169676502647
946,46.510619234963634,6.636383775710677
947,46.51037223020833,6.63611059375
948,46.510168444692454,6.635945109379509
949,46.509847712500004,6.6358850048611115
950,46.50981282857141,6.636424076190475
951,46.50990576416667,6.636724085833333
952,46.51009836932828,6.636925096590909
953,46.509436238150336,6.637047993203463
954,46.50917570118498,6.63612557703714
955,46.509300689375,6.63566195
956,46.50757324399547,6.637472045980913
957,46.507736987499996,6.639707549999999
958,46.50918280647959,6.639093434693878
959,46.508778120842486,6.639130981813187
960,46.50820437039115,6.639504884744899
961,46.510967775269265,6.632151684456988
962,46.511398073602976,6.631408792849004
963,46.51166254610389,6.631996834689755
964,46.511947923096194,6.632475147425616
965,46.51231683582183,6.633331718385116
966,46.51242769183333,6.633609921333334
967,46.513675553296444,6.632216671596701
968,46.513547185177195,6.633031692336596
969,46.51306678135817,6.632589721474326
970,46.512583177083336,6.632615205694445
971,46.51183343,6.63283684
972,46.51163994566355,6.633276365608178
973,46.511219324011755,6.634002143019132
974,46.510614529038264,6.634727033810751
975,46.512039368055554,6.634105145833332
976,46.51168252131236,6.633980675924037
977,46.51214955243055,6.632022015277779
978,46.51246753591544,6.6313758236932125
979,46.512955602319195,6.630218815004374
980,46.513573121594206,6.631252400519004
981,46.5132522441228,6.631984084385965
982,46.51089476754419,6.637054983371213
983,46.51271241159088,6.636848415506027
984,46.512625812449016,6.637794235226701
985,46.512477013345965,6.638525607961761
986,46.51237193670304,6.638923658260583
987,46.51227914972221,6.639918622638889
988,46.5122287,6.640373204166667
989,46.5122225008713,6.641138160065382
990,46.5122021545635,6.64174408236508
991,46.51221641279762,6.642158439285715
992,46.5122312226289,6.642565510189673
993,46.51227585319062,6.643188067431791
994,46.511631479653246,6.640572553659137
995,46.51131186618686,6.639628951906564
996,46.511285060238095,6.639161723138012
997,46.51129830134282,6.638570053190143
998,46.51161877517536,6.638191454361652
999,46.51171133262908,6.639482562556815
1000,46.51128539799783,6.637678954761904
1001,46.510746336662294,6.635886397058824
1002,46.52352775384673,6.636793217425595
1003,46.52235802990843,6.634839660457875
1004,46.52430366011541,6.635837684673782
1005,46.519405333647484,6.636141291071428
1006,46.520016924364846,6.636002397625154
1007,46.53217767499999,6.623909191666666
1008,46.5276755732684,6.624688329956711
1009,46.52937316061779,6.625150625576689
1010,46.52942508248889,6.6218076024289605
1011,46.52753160780901,6.621680776719459
1012,46.5295419711678,6.616321529954648
1013,46.51723055183334,6.651118809333333
1014,46.51488844679488,6.653966868516483
1015,46.517033047023816,6.647953995238096
1016,46.51696773125,6.64839169375
1017,46.517521623809536,6.6494939380952385
1018,46.51801538181819,6.646912363636364
1019,46.52100482407408,6.648071666666667
1020,46.51978915083334,6.651265141527779
1021,46.51794010479167,6.65227029625
1022,46.52106116458333,6.654414754166666
1023,46.52095316385965,6.6551705837719295
1024,46.51911595,6.6537869125
1025,46.51596163605133,6.6414427965148075
1026,46.51066583090909,6.638519811818182
1027,46.51184634196078,6.63718205382353
1028,46.50972897,6.6301263441666665
1029,46.508946624788805,6.629880085191948
1030,46.50834571374392,6.629375290204345
1031,46.508127134675924,6.6287286994014565
1032,46.507624957411196,6.629168702032634
1033,46.51326253887141,6.630448978905059
1034,46.51276965922619,6.630000292559524
1035,46.51245323776786,6.629803340651455
1036,46.51193497779624,6.629546874099823
1037,46.51177151931818,6.629385896306818
1038,46.50880551920621,6.627679720379071
1039,46.5078573436084,6.627406971350002
1040,46.50744071310067,6.627573974653188
1041,46.50918013925415,6.627846872472944
1042,46.509738602435895,6.628093647051282
1043,46.51315297107143,6.630980585654762
1044,46.514563633057044,6.631978770579322
1045,46.51446311672466,6.632966467545649
1046,46.5119430612484,6.635258163124733
1047,46.511674253938814,6.635711474746698
1048,46.5114877788534,6.636085332394521
1049,46.512270078799524,6.634744547182865
1050,46.51293049707822,6.63381203756353
1051,46.513229383495606,6.633579001997068
1052,46.51492269171737,6.632970840432099
1053,46.521791399245394,6.6418089056491585
1054,46.520516309090915,6.644289695454546
1055,46.514111791833336,6.648414807142858
1056,46.51380124171371,6.647914294508288
1057,46.515958686111105,6.646731241666667
1058,46.519374719999995,6.649446300000001
1059,46.520344843333326,6.657610365000001
1060,46.50801464090909,6.637596863636364
1061,46.50997069833333,6.6352281699999995
1062,46.5105295012963,6.635569609074074
1063,46.519416106340856,6.632844047869674
1064,46.52500019282313,6.635926216226037
1065,46.51983554000001,6.633009733333334
1066,46.5287089111111,6.624921022222221
1067,46.52766328530303,6.6241938742424225
1068,46.5275169,6.6237685
1069,46.529112565151515,6.621647563636364
1070,46.52036196944445,6.655488749999999
1071,46.52044494999999,6.657120666666667
1072,46.5128146,6.63063265
1073,46.508079460000005,6.62798576
1074,46.509888675,6.6283557250000005
1075,46.514066417647065,6.633137206862744
1076,46.51127916055195,6.636375635984849
1077,46.51362583114235,6.6333608026808015
1078,46.511051861805555,6.634224801944445
1079,46.512359,6.6367261
1080,46.519121,6.6451326
1081,46.523509179629635,6.636142585185184
1082,46.52924768239568,6.632286542309785
1083,46.529916832842225,6.631888497762233
1084,46.53038387606389,6.631775002804374
1085,46.53082926369067,6.631486907003707
1086,46.53111732448413,6.6310479372632765
1087,46.531538122799994,6.630511495469499
1088,46.51957254642857,6.636382932142858
1089,46.51993987083333,6.633357641666666
1090,46.53067533231655,6.627597195590961
1091,46.531339022083934,6.6282651724437835
1092,46.53247509567744,6.62858786401644
1093,46.53289263959708,6.628738147967033
1094,46.53332767808532,6.629086555863094
1095,46.532748282698414,6.629405457519841
1096,46.53221621591751,6.629714380099808
1097,46.53191660769841,6.63008238135582
1098,46.52877656926579,6.632465357115166
1099,46.52852135570294,6.632593409739229
1100,46.52818634222223,6.632875180277778
1101,46.527580929112794,6.633035458527568
1102,46.52684311609891,6.633614822902931
1103,46.528300955000006,6.61833757
1104,46.5104761,6.6364929
1105,46.510246,6.6361982
1106,46.50862936666667,6.637336594444444
1107,46.5089744,6.639297866666666
1108,46.51486740166666,6.631901768518519
1109,46.51099504066952,6.630636905747863
1110,46.51016927142857,6.630371283333333
1111,46.50990905,6.628619625000001
1112,46.51090313611112,6.6288903222222215
1113,46.511215232564105,6.629089598589743
1114,46.52741559693046,6.623996904157
1115,46.52414624272728,6.636092861212121
1116,46.533112633313486,6.629660055472885
1117,46.52918191,6.62199345
1118,46.51343130555556,6.646752161111111
1119,46.519789756250006,6.6494556750000005
1120,46.5221779,6.6517057
1121,46.5084432,6.6396238
1122,46.509387733333334,6.635362511111111
1123,46.50766166666667,6.627696
1124,46.5133397,6.63224
1125,46.51898440295139,6.642357006770833
1126,46.5314802,6.6234301
1127,46.518801226190476,6.6447607404761895
1128,46.51844528333333,6.644039396666666
1129,46.51646353055556,6.650023575000001
1130,46.521962916666666,6.647656996666667
1131,46.50894447,6.63709521
1132,46.5089165,6.6366209000000005
1133,46.520496314410266,6.637254319102564
1134,46.52290396875,6.6348997375000005
1135,46.5188558,6.6481647
1136,46.5203701,6.6492441
1137,46.521141658333335,6.653919033333334
1138,46.51880381428571,6.65341140952381
1139,46.5194922,6.6359059
1140,46.52372340953297,6.62056844241758
1141,46.52368305249008,6.621078139027779
1142,46.52369897960317,6.621498263775251
1143,46.52364434498529,6.622034572870294
1144,46.523607887028774,6.622358516195437
1145,46.52360782166666,6.623100696904761
1146,46.51700503879684,6.6369557699843655
1147,46.51685793196719,6.63593829886371
1148,46.51734878640213,6.6346561542495905
1149,46.51761824178291,6.633751838587299
1150,46.517724601413846,6.633147117064405
1151,46.5171293091064,6.633805429375336
1152,46.517007555616885,6.633047833376622
1153,46.517136380475115,6.631995995323592
1154,46.517517368371216,6.631657579015151
1155,46.51725935063476,6.63007329239466
1156,46.5162837490045,6.634268435950036
1157,46.51635099664694,6.635126259782142
1158,46.51546157992053,6.63396859111504
1159,46.51543007164502,6.634479712175326
1160,46.51691785419057,6.635211718096748
1161,46.516823847707855,6.63652294961261
1162,46.516124229284515,6.636568261261412
1163,46.5175999,6.63682645
1164,46.517937390963205,6.634752203571429
1165,46.51804428092592,6.634269822962963
1166,46.51880797291666,6.633764689583334
1167,46.5160709018303,6.63730584246955
1168,46.51451263801486,6.63642281301948
1169,46.51408889353477,6.636080552404331
1170,46.51466677139731,6.6375089089169474
1171,46.51413272374231,6.637432330371952
1172,46.51371442333914,6.637195742656809
1173,46.514407651339035,6.638186202175927
1174,46.51373529734031,6.63804897761413
1175,46.51393776234567,6.638977614506172
1176,46.5140017543755,6.639878964680464
1177,46.513932125,6.6403197673611105
1178,46.513959758492064,6.641003386670274
1179,46.51427333732601,6.642001992051281
1180,46.51433650515873,6.642464733531747
1181,46.51478019235235,6.63980407497881
1182,46.51534906558334,6.638958230277777
1183,46.51569995148047,6.638713718301802
1184,46.515678461931216,6.63936169205033
1185,46.51602997427932,6.639249505603358
1186,46.51542696922778,6.637797768275401
1187,46.515095665414705,6.637192807789582
1188,46.515322061396226,6.635742262433155
1189,46.51549350716032,6.635262361854198
1190,46.516486481464014,6.638346060456516
1191,46.51671893619933,6.639144122613399
1192,46.51552545438161,6.641070267628667
1193,46.51484607282153,6.640540760058188
1194,46.51518459782051,6.640106280833333
1195,46.51576237232,6.640679808191684
1196,46.51621452677777,6.641109959333333
1197,46.52181626055961,6.6406900654040895
1198,46.522407494370626,6.640778254093519
1199,46.52245524976741,6.641539226770185
1200,46.52111582277665,6.6443868704861275
1201,46.52134016897455,6.6451962458766065
1202,46.521973391380826,6.64500252919344
1203,46.5226483075,6.645914389642859
1204,46.52349108592721,6.645428035308755
1205,46.52423859968254,6.6453384771230155
1206,46.525019405780334,6.645336062864913
1207,46.5272850249528,6.61552291762098
1208,46.52748590947531,6.614758794753087
1209,46.527688740770216,6.614476355580213
1210,46.52809074440018,6.613838964406289
1211,46.52835627396826,6.613151973809525
1212,46.528561216829004,6.612385928932179
1213,46.528805139375,6.611800144583333
1214,46.528878291599874,6.611125608981407
1215,46.52896055130158,6.610558870714286
1216,46.528605082925495,6.6096215310860496
1217,46.528349733166664,6.610511949666668
1218,46.52813908449999,6.610957761166667
1219,46.527940059833334,6.611361242666666
1220,46.527731952265206,6.611725815658069
1221,46.525674908357146,6.614583540214286
1222,46.52542317842989,6.614693701712287
1223,46.52549990916667,6.6169287775
1224,46.524808666834105,6.617507591978927
1225,46.52447940998341,6.6172940322041836
1226,46.524618397177306,6.616423552264791
1227,46.52678843608844,6.615360898987408
1228,46.52689878277754,6.614191716411643
1229,46.527248451547266,6.61309429619122
1230,46.527878300476196,6.612780800380952
1231,46.5281210555,6.6124058093333336
1232,46.52838408950873,6.61195586370753
1233,46.528434858225104,6.607626491017316
1234,46.529236371924995,6.607575465775765
1235,46.530790044669764,6.607999411831674
1236,46.53232395501737,6.6099050394658665
1237,46.532577445844154,6.610595134735931
1238,46.53197737683502,6.6108742664951095
1239,46.53158885471755,6.610842754992997
1240,46.53117898812346,6.611478755704671
1241,46.528127715094506,6.614600241333289
1242,46.52763537626124,6.615144454283216
1243,46.526355314524146,6.6173099137329405
1244,46.526166368541666,6.6182938078125
1245,46.52606787871194,6.618601723281513
1246,46.525568131666674,6.619577065095238
1247,46.525635846043656,6.620798909418471
1248,46.52582351929824,6.621014633519737
1249,46.527061147803295,6.619151832023809
1250,46.52836581472222,6.616370165396825
1251,46.52861931720744,6.616583889908372
1252,46.52890888628067,6.616807334650073
1253,46.530938765087406,6.611956904335664
1254,46.53177031457799,6.609828164429487
1255,46.53142095941261,6.610129166215331
1256,46.53129497339052,6.609500895111833
1257,46.531029827066114,6.60902058613707
1258,46.53104866953982,6.608356225616736
1259,46.521240336603846,6.640926687486773
1260,46.522929180063805,6.639822974396434
1261,46.523517723455555,6.640880625186967
1262,46.528256296337304,6.642269854357143
1263,46.53075738430462,6.646065889058942
1264,46.53005663324676,6.646060024338898
1265,46.52960111129828,6.645800141089042
1266,46.52906809907408,6.645427947222223
1267,46.52833506447569,6.645219317751102
1268,46.528782849899784,6.643694942286748
1269,46.527944173028644,6.641735604172519
1270,46.52714265868455,6.641384141140918
1271,46.527135361648284,6.640831263125094
1272,46.52669724406548,6.641248476948506
1273,46.52391498470433,6.641222116757548
1274,46.523495925659724,6.642295395902778
1275,46.52355431160495,6.641868813580247
1276,46.52395903483333,6.641664109500001
1277,46.52411118139913,6.642586820259681
1278,46.52380894881164,6.644037677580003
1279,46.52304022286405,6.64461746103019
1280,46.52246730163365,6.644827663379953
1281,46.52220797023218,6.6442308855746095
1282,46.521541792468255,6.643810804825398
1283,46.52105233536869,6.643642839295455
1284,46.52146460018959,6.645930212518651
1285,46.522415895757575,6.646817156818181
1286,46.52282664204762,6.6470167785
1287,46.52316418240079,6.647156608869048
1288,46.52392460964287,6.647549346210319
1289,46.524397956286336,6.647787534476011
1290,46.524960400753976,6.648471306825396
1291,46.52537096982808,6.648159460559912
1292,46.52578141079094,6.64840642929293
1293,46.52718859166667,6.648524570833334
1294,46.52753547570424,6.6484489440587256
1295,46.529581363874534,6.648460236911975
1296,46.5300048900872,6.6484310410850025
1297,46.53180259049384,6.648410652966376
1298,46.532527680545456,6.648158887532828
1299,46.53281380640625,6.647826817135417
1300,46.53027734722222,6.648391469444444
1301,46.52836573831169,6.648393437099566
1302,46.527856627838204,6.648210976204351
1303,46.52812169414942,6.64941875785207
1304,46.527574764253245,6.6507063692183745
1305,46.52727806666667,6.651079004166666
1306,46.52898159672781,6.649033116015742
1307,46.52690780690476,6.648410995261905
1308,46.52654827790012,6.648378268830369
1309,46.52579979994841,6.647540040380951
1310,46.52565800242857,6.647271700904762
1311,46.525468858982684,6.646834592263709
1312,46.52531349025196,6.646360179459384
1313,46.52528867382204,6.645327480909799
1314,46.525518311111114,6.645137712222223
1315,46.5266941975,6.646346573690477
1316,46.52700118513889,6.646657235833333
1317,46.527473029608956,6.647122791571753
1318,46.526393183833335,6.646508841000001
1319,46.526253403846155,6.647648222115385
1320,46.524418093949556,6.6467510915000005
1321,46.52449802337992,6.645953079725673
1322,46.52362735009524,6.646265441285715
1323,46.52356769183334,6.6466582595000006
1324,46.523272470119046,6.647597841369048
1325,46.52278979797285,6.64812561819848
1326,46.521981713461535,6.646215573504274
1327,46.523173708571434,6.645682824430016
1328,46.526985574107144,6.6450495209880955
1329,46.5294067625,6.646461175
1330,46.52920330951405,6.646988893782382
1331,46.529021975249144,6.647413012866387
1332,46.528857532900496,6.647974945839834
1333,46.52061220624434,6.610574339273454
1334,46.520673793181814,6.610004847727273
1335,46.524144658466604,6.607774027599481
1336,46.52378746870959,6.607277245819987
1337,46.52412916592593,6.607105368888889
1338,46.524033457576074,6.606715847361565
1339,46.52415805303241,6.6059294758333325
1340,46.5248799826389,6.606565836111112
1341,46.525152948027525,6.606514629133263
1342,46.52472327207753,6.605341587149975
1343,46.52456357880952,6.603575118461039
1344,46.525641275,6.603983875
1345,46.525371025212294,6.604066103797526
1346,46.518594164999996,6.61292819
1347,46.5182973849906,6.613333642697368
1348,46.517911663831164,6.613402816861472
1349,46.51814826182038,6.612512926838425
1350,46.517715960782965,6.611067150964591
1351,46.51755314728785,6.611612803101596
1352,46.516745648461544,6.609975535967365
1353,46.516852078947366,6.610531200307018
1354,46.51669209469697,6.610809934090909
1355,46.516496272090905,6.61111064055315
1356,46.516031089074076,6.610625379259259
1357,46.51637127222222,6.609258635185185
1358,46.516198123290124,6.614369889063822
1359,46.5165529231494,6.614218681776666
1360,46.516233548744395,6.617015228316081
1361,46.51502017047497,6.616690144398769
1362,46.5145328839365,6.616470966706349
1363,46.51432799173019,6.616865538721872
1364,46.51395839314071,6.618075457521011
1365,46.51338669523809,6.617590795238095
1366,46.51353342730556,6.617152677638889
1367,46.51387469999999,6.61586478076923
1368,46.514955154999996,6.615344014166666
1369,46.51495138283334,6.614742804547619
1370,46.51508751394239,6.6142724382037965
1371,46.51440492000001,6.615689199499999
1372,46.5141097972558,6.615495203148657
1373,46.51388007916667,6.615325376041667
1374,46.51484803871341,6.609670135083749
1375,46.51307644,6.6124585025
1376,46.51306096584317,6.606523603319697
1377,46.513218445297625,6.6060478511904765
1378,46.51317889652777,6.605445522916668
1379,46.51195589074074,6.604068032407408
1380,46.51441258837301,6.599351654107143
1381,46.51740257029221,6.597912158279222
1382,46.51806176833334,6.602714982499999
1383,46.52174851792735,6.6001083846153845
1384,46.52208792156926,6.599989763668831
1385,46.522528968,6.600262727666667
1386,46.52209068535889,6.601330937591763
1387,46.523010464769754,6.601139567238494
1388,46.522790185254834,6.601719946377896
1389,46.522626214714776,6.602182629733727
1390,46.52246471680128,6.602533241961538
1391,46.52223975416668,6.602956375833332
1392,46.52367089561118,6.619692822097858
1393,46.518248646405155,6.636778644624251
1394,46.51742609024848,6.63787616558978
1395,46.51723010197004,6.631346217247807
1396,46.51607602916667,6.634842140625
1397,46.51600815200066,6.633885603353175
1398,46.51766364972086,6.636465665877623
1399,46.51781054179293,6.635425104197932
1400,46.51390851722223,6.640686566481481
1401,46.515038164859845,6.6392066283492595
1402,46.51619648673469,6.638056000510203
1403,46.514644036190475,6.634821268306879
1404,46.51433174385964,6.635527177192982
1405,46.516887162809155,6.640336441433604
1406,46.51803715298806,6.637718424732058
1407,46.52590249516369,6.61465547485119
1408,46.52546797371794,6.615680662545788
1409,46.524847872222225,6.615885936111111
1410,46.5314416,6.6106301
1411,46.531338124740564,6.611091771615566
1412,46.53054870529762,6.612318201011905
1413,46.53213833888888,6.610130405555555
1414,46.531495951515154,6.609808664393939
1415,46.5311956525,6.608781269166666
1416,46.52343401089743,6.642729959935898
1417,46.52367025941392,6.644528715457876
1418,46.528036310000005,6.64976438
1419,46.52528325925926,6.645793400925926
1420,46.52435517666667,6.6472130080303025
1421,46.51705063097314,6.613699923319397
1422,46.51676044793233,6.6154504645989975
1423,46.516795699635345,6.61682813155051
1424,46.51672121894819,6.617986192538534
1425,46.51722854774583,6.6148218269295
1426,46.51725041919414,6.6099128298840055
1427,46.517920731460414,6.609159629529227
1428,46.518474066904766,6.60823559605042
1429,46.517809021857815,6.6067039138539885
1430,46.51820201524377,6.607806495853175
1431,46.51804255333333,6.610149665
1432,46.517831003750004,6.610689528749999
1433,46.51691650312696,6.609509805180374
1434,46.516916422902746,6.608043388131794
1435,46.51691772569171,6.6067751998936695
1436,46.51696325245248,6.606215590755368
1437,46.51697289843407,6.605554876868131
1438,46.51685129718864,6.6071825775
1439,46.51624993730158,6.609493627354499
1440,46.51378541416667,6.616321377916666
1441,46.51507700389611,6.613675287683982
1442,46.51368077653571,6.615024690583333
1443,46.513732145472225,6.6141656620000004
1444,46.51304860041667,6.6068350448809525
1445,46.5165795,6.599352633333333
1446,46.52353148703704,6.646963400000001
1447,46.523936929166666,6.645346711111112
1448,46.51201650833334,6.609568333333333
1449,46.515239152654594,6.602101199869641
1450,46.51581958939394,6.604188584848484
1451,46.51921419166667,6.603207083333333
1452,46.51747218361111,6.634229598888889
1453,46.51649842525,6.6367300865
1454,46.51881028119345,6.634535689068374
1455,46.51475952133334,6.637114759666666
1456,46.527696613095245,6.617549748333333
1457,46.52890308333333,6.643521166666666
1458,46.51754185083333,6.606274854166666
1459,46.51711157898148,6.612643876157407
1460,46.516904361410255,6.614789138461538
1461,46.51376687992857,6.613544872738094
1462,46.51385798125,6.612848581250001
1463,46.51622488270833,6.6333614758333335
1464,46.51543622976191,6.636965307738095
1465,46.51680362,6.640731878333335
1466,46.52524174259259,6.617946988148148
1467,46.53393700507601,6.621900701132641
1468,46.53299507310752,6.622346461606631
1469,46.534447605,6.620618013333333
1470,46.53277454444444,6.61870905
1471,46.53285024774064,6.617215423410155
1472,46.533568176950666,6.616410427159065
1473,46.53440491178796,6.615646784717135
1474,46.53498593363051,6.6151652509406205
1475,46.535402564925214,6.614810157243589
1476,46.535922246448074,6.6142899562240745
1477,46.53640912325272,6.613898957103481
1478,46.53683814826434,6.61350558459129
1479,46.531748417870375,6.617580442888176
1480,46.53103173651814,6.617878405880715
1481,46.53066196520798,6.618421366330484
1482,46.52878282458333,6.645305885
1483,46.5180596,6.6136133
1484,46.517516813636355,6.609589399999999
1485,46.516601015153064,6.618891377108843
1486,46.527928357291664,6.617810007916667
1487,46.53215699659566,6.6185625551607
1488,46.53260122472223,6.619169916190475
1489,46.5330138233517,6.619947406345272
1490,46.5332512,6.6205011
1491,46.53398951944445,6.620419702380953
1492,46.53314595555556,6.616836144444444
1493,46.524360413333326,6.60480628
1494,46.5169759,6.6116891
1495,46.5177136,6.60947905
1496,46.51738954166667,6.605282949999999
1497,46.516801810000004,6.60905846
1498,46.51427045,6.617990649999999
1499,46.513823575,6.636124241666667
1500,46.51428413716667,6.641289199095238
1501,46.51438558969697,6.6409250356060605
1502,46.514614540625004,6.640112023958332
1503,46.516757275,6.638374799999999
1504,46.52622631,6.61792483
1505,46.529208082853536,6.617002481696129
1506,46.53086323266217,6.607542868276306
1507,46.52865755641025,6.61439596025641
1508,46.52904912222222,6.610156483333333
1509,46.52420435648148,6.605491112037037
1510,46.52454550320513,6.604371929487178
1511,46.52546302,6.61515398
1512,46.52533722,6.61650449
1513,46.522209000000004,6.6466866499999995
1514,46.52600916666667,6.645529394444444
1515,46.518686725,6.634064425
1516,46.5165489,6.6408948
1517,46.527060139999996,6.613696350000001
1518,46.52095758695651,6.636649008695651
1519,46.5218143682398,6.636998184566327
1520,46.522454913962974,6.637231553967238
1521,46.52444615,6.636759503571429
1522,46.52309259263158,6.637569003596492
1523,46.52462465,6.637681477884615
1524,46.524361999999996,6.637844233333333
1525,46.52339985208334,6.638271507291666
1526,46.522651965306125,6.638070026530612
1527,46.521688775,6.639993090000001
1528,46.521025449999996,6.6403379000000005
1529,46.52146911909091,6.638853691515152
1530,46.52115987,6.638011163589743
1531,46.52153262410714,6.635979183482143
1532,46.521709740000006,6.635520145833333
1533,46.52335105801282,6.63413913525641
1534,46.51963697121212,6.639181787373737
1535,46.518418282142854,6.641860290476191
1536,46.517639645164834,6.64271454978022
1537,46.51720069,6.64303183
1538,46.51689914999999,6.643695225
1539,46.51671740666667,6.644199293333333
1540,46.51634157307692,6.644795026923077
1541,46.51578398,6.6445565533333335
1542,46.51569894032968,6.643547075531134
1543,46.51677565454546,6.6421250575757576
1544,46.51756721875,6.6434663625
1545,46.5173807,6.6436212
1546,46.51606639666667,6.645394098333334
1547,46.51615432013889,6.64569754375
1548,46.51724159285715,6.643886421428571
1549,46.51711320178571,6.6423635503968255
1550,46.515951251666664,6.642732043333333
1551,46.51554930277777,6.644218974074074
1552,46.515534236250005,6.644735600000001
1553,46.51657509800001,6.641357510000001
1554,46.51809152291667,6.640345369375001
1555,46.521046455,6.637681926666667
1556,46.52015212962963,6.6363402240740745
1557,46.52009094545454,6.634762863636364
1558,46.5206067,6.633754678571428
1559,46.52105025904761,6.633353589523809
1560,46.5216751,6.63515792
1561,46.52183330119048,6.633685898363095
1562,46.522493470394735,6.632924138972431
1563,46.53299845,6.630792016666667
1564,46.5328054203125,6.6311601625000005
1565,46.53255384807692,6.631645095673077
1566,46.532254087171054,6.6321744875
1567,46.5326715875,6.6332295875
1568,46.53351348518519,6.633445025925925
1569,46.534473667499995,6.6334157225
1570,46.53523337777778,6.6333663
1571,46.536524893333336,6.633490548888889
1572,46.53705057272728,6.633418531818182
1573,46.537373190277776,6.633795370833334
1574,46.538031007492755,6.633848210231884
1575,46.53846836358975,6.633870385128205
1576,46.539666555555556,6.633104716666666
1577,46.54068544,6.632219774999999
1578,46.54103248052631,6.631468991578947
1579,46.539158691666664,6.633497383333333
1580,46.53960905555556,6.633604166666665
1581,46.54062949583334,6.633323741666668
1582,46.5412904625,6.633252375
1583,46.541747193333336,6.632968805555555
1584,46.541471933333334,6.632691508333334
1585,46.541277359469696,6.632406130303031
1586,46.54100189500001,6.6326269149999995
1587,46.54101768333334,6.633203533333333
1588,46.54010591666667,6.633440316666667
1589,46.53866819,6.633508007777778
1590,46.5376032,6.633776369047619
1591,46.535796225,6.6332974375
1592,46.534881975000005,6.6333094875
1593,46.53476737,6.63286793
1594,46.53557409318182,6.632208320454545
1595,46.534984030000004,6.63175052
1596,46.534437262500006,6.6317678625
1597,46.53358978295455,6.632575810227273
1598,46.53335659772728,6.632583065909091
1599,46.532773891666665,6.632743858333333
1600,46.534089656249996,6.632576862500001
1601,46.53448431666666,6.632554183333333
1602,46.53620009583334,6.6325135625
1603,46.53647161477272,6.632513898863637
1604,46.536690675,6.632553408333333
1605,46.53699397192983,6.632596890350877
1606,46.54039687857143,6.631600335714286
1607,46.539898335714284,6.631516342857143
1608,46.53945623458333,6.63157720375
1609,46.539080725000005,6.6316706
1610,46.538927432142856,6.631564723214286
1611,46.53903164374999,6.630486326785714
1612,46.53850861666666,6.631955625
1613,46.53809114264706,6.632102820588235
1614,46.537801908333336,6.631958483333334
1615,46.53767535,6.632353685
1616,46.53555985,6.632998537500001
1617,46.5331784125,6.630367775
1618,46.53394533854167,6.630084363541666
1619,46.527212121381886,6.626587457598039
1620,46.5976727,6.6586412
1621,46.597973,6.6584454
1622,46.5917403,6.6625812
1623,46.5927989,6.6569683
1624,46.58840248333333,6.6542216750000005
1625,46.587873450000004,6.653575525000001
1626,46.587873025,6.6590319000000004
1627,46.5877347875,6.6594994
1628,46.58673985,6.675478549999999
1629,46.56322625,6.6808947
1630,46.56255405357143,6.682846298214285
1631,46.56158514270833,6.682121341666666
1632,46.56101775,6.681656925
1633,46.560604360000006,6.6813938466666665
1634,46.559795011111106,6.681008527777777
1635,46.559474699999996,6.68079
1636,46.559167225,6.681684049999999
1637,46.557598153571426,6.674696475
1638,46.55862162500001,6.6800555500000005
1639,46.558326199999996,6.679943574999999
1640,46.5570443,6.679489350000001
1641,46.55780476388889,6.681605013194445
1642,46.55722614074074,6.682456316666667
1643,46.55648029142857,6.683067051428571
1644,46.556056274999996,6.683393875
1645,46.55761434,6.68200978
1646,46.558230970000004,6.68124979952381
1647,46.56272350974025,6.686684728571429
1648,46.56308790533334,6.6870397273333335
1649,46.5634658,6.69276155
1650,46.56136621509524,6.695786559595239
1651,46.561428600000006,6.696075233333334
1652,46.559959850000006,6.696085461666667
1653,46.5587505,6.6980293
1654,46.55913816840277,6.6982156944444435
1655,46.55942206666666,6.6988116333333325
1656,46.559431200000006,6.69928895
1657,46.55553989,6.69900377
1658,46.55583123333334,6.699166033333334
1659,46.55717473333333,6.697225199999999
1660,46.55748916666667,6.6976030125
1661,46.5598835,6.6962921600000005
1662,46.560843090000006,6.697215986666667
1663,46.56079485,6.697480499999999
1664,46.562640683333335,6.697734266666667
1665,46.56323786916666,6.698336476666667
1666,46.5635259,6.6988366500000005
1667,46.5665819,6.7039086
1668,46.57117406,6.712048386666667
1669,46.55641075,6.702341383333333
1670,46.55570531190477,6.701377066666666
1671,46.55399956666667,6.696933933333334
1672,46.55249969166667,6.698267008333333
1673,46.55196807333334,6.698678663333333
1674,46.551135009999996,6.69737428111111
1675,46.552636840000005,6.6966132400000005
1676,46.55229549999999,6.696281525
1677,46.55202436666667,6.696117916666666
1678,46.55137609,6.696022619999999
1679,46.55069545,6.695964275
1680,46.55009796428572,6.695982685714285
1681,46.54940840454546,6.695849166666667
1682,46.54922858333333,6.692532922222223
1683,46.54603316666667,6.6983874000000005
1684,46.551617725,6.6951188375
1685,46.55567192777778,6.688065895833333
1686,46.556732513571426,6.684795887857144
1687,46.5565733,6.6849575
1688,46.55520391666667,6.687108552777777
1689,46.55468558888888,6.687938144444444
1690,46.5543703,6.688224675
1691,46.55337286666667,6.689360838888888
1692,46.55301436666667,6.690772866666666
1693,46.5523879475,6.693263602500001
1694,46.550332258333334,6.690847404166666
1695,46.548974425,6.6890658
1696,46.54495048055556,6.685118036111111
1697,46.54473806666666,6.684692845833332
1698,46.54446741583334,6.684137451666667
1699,46.544195560000006,6.68361103
1700,46.54410828333333,6.683403533333333
1701,46.54349294,6.68255789
1702,46.54325495,6.6821308125000005
1703,46.543103425,6.6820169499999995
1704,46.54096882499999,6.678288625
1705,46.539722825000005,6.6772529249999995
1706,46.5394288,6.6773162
1707,46.539107566666665,6.677638316666666
1708,46.54231685,6.681781790625
1709,46.54005189,6.68272088
1710,46.538821590000005,6.680383979999999
1711,46.5372099,6.678480983333333
1712,46.536789725,6.677937825000001
1713,46.53275718333333,6.66768845
1714,46.53106482638889,6.646185327777778
1715,46.53171207501915,6.6465385530632135
1716,46.53325684027779,6.64704555
1717,46.53264525079365,6.646791457142857
1718,46.5323193404321,6.646708155246915
1719,46.53451293333334,6.649311444444446
1720,46.534261035,6.649812965
1721,46.5340502171875,6.650267603125
1722,46.53459250535714,6.661738139285714
1723,46.5342021079365,6.660969714285716
1724,46.533776200000005,6.660264816666668
1725,46.53583897555555,6.660051123333335
1726,46.53432109920635,6.659396473809523
1727,46.53482885555555,6.658805666666666
1728,46.5339276,6.6571626
1729,46.533866625,6.65676895
1730,46.53360953333333,6.654738324999999
1731,46.534387699999996,6.654219575
1732,46.53450189444444,6.652550111111111
1733,46.535702199999996,6.651258993214286
1734,46.53701919166667,6.649457358333334
1735,46.537143625,6.64950485
1736,46.538023808823525,6.650391401960784
1737,46.538719,6.6509427
1738,46.53901453910257,6.651960926282051
1739,46.539498859375,6.65245780625
1740,46.53998664666666,6.652729053333333
1741,46.540136195,6.653766765
1742,46.54056995555556,6.652740888888889
1743,46.539027575000006,6.651013991666667
1744,46.53815803333333,6.649802566666667
1745,46.538124295555555,6.649454468888888
1746,46.537831025,6.6492200624999995
1747,46.53753934666667,6.64894168
1748,46.53694117142857,6.648330514285713
1749,46.535686985000005,6.647771726666666
1750,46.53522155588235,6.647673661764705
1751,46.5348519,6.647371953333334
1752,46.53450488722222,6.647269867222222
1753,46.53407892142858,6.647136489999999
1754,46.53386496666666,6.647089366666667
1755,46.53595595,6.64818015
1756,46.53613203333333,6.6484835
1757,46.53756043333333,6.646970866666667
1758,46.53871815,6.646409500000001
1759,46.5389546,6.6463593
1760,46.5394921,6.6467291
1761,46.5394564,6.6471606
1762,46.54073192999999,6.64719668
1763,46.54153475333334,6.64969928
1764,46.541214175,6.649669575000001
1765,46.539312475,6.6492021
1766,46.5391397,6.6497638
1767,46.54058391666666,6.651203625000001
1768,46.540367454090905,6.650775023939395
1769,46.5397008,6.6501067
1770,46.53950699999999,6.650003206666667
1771,46.5390732,6.6505434
1772,46.54220771587302,6.6567695333333345
1773,46.541933150000006,6.65583415
1774,46.541488566666665,6.655285666666667
1775,46.54214491904762,6.654946961904762
1776,46.54264373888889,6.6539025
1777,46.542804000000004,6.6515181000000005
1778,46.5427818,6.65096275
1779,46.543168333333334,6.653243566666667
1780,46.54326391111112,6.652480105555555
1781,46.543378425,6.651564125
1782,46.543473,6.6503661
1783,46.54353093333334,6.650125777777777
1784,46.54345489458333,6.649073717916667
1785,46.54351324,6.648753600000001
1786,46.54487595892857,6.648719811309524
1787,46.54461303333333,6.649402943333333
1788,46.54349188333333,6.647748429166666
1789,46.5435957,6.6464347
1790,46.54388627857142,6.646300519047619
1791,46.544929,6.6456030045321635
1792,46.54423403333334,6.645612672222222
1793,46.54417870166666,6.645169909166666
1794,46.54416006571429,6.6446970414285715
1795,46.54350995222222,6.645793745555555
1796,46.543314827216314,6.643852948455969
1797,46.541744236666666,6.649069666666667
1798,46.54130232,6.6483267
1799,46.541037463636364,6.648026034848485
1800,46.5396038,6.647376
1801,46.538137549999995,6.647431427777778
1802,46.53929586666666,6.647819716666667
1803,46.538041700793656,6.6464526444444445
1804,46.537314800000004,6.6472230916666675
1805,46.5367960375,6.648072925
1806,46.51548062715517,6.631888949137931
1807,46.51544184885057,6.631145341810345
1808,46.51519153076924,6.631027153846154
1809,46.514557552083325,6.630892279861111
1810,46.51418484166666,6.630370325
1811,46.51493246818181,6.628510524242424
1812,46.515440375,6.627097175
1813,46.515479621666664,6.626738078333333
1814,46.5153861375,6.6261981625
1815,46.51541347916667,6.624542422916667
1816,46.515654215555564,6.623812877777777
1817,46.516480527777766,6.623854394444446
1818,46.51603127179488,6.624616191452991
1819,46.51575288055556,6.6243839583333335
1820,46.5141,6.627138775000001
1821,46.513923925,6.626935808333333
1822,46.51385046966464,6.626221054878049
1823,46.51440554166667,6.626421933333333
1824,46.51334282571428,6.626625068571428
1825,46.512618213333326,6.6267687183333335
1826,46.51206480978175,6.626825476650132
1827,46.51287114506173,6.627659772222223
1828,46.514109708333336,6.625822891666666
1829,46.512836931011904,6.625595350506253
1830,46.512332543872965,6.624936842554606
1831,46.51244623229166,6.62879866875
1832,46.51292012777778,6.62899453888889
1833,46.513097875,6.629535499999999
1834,46.51326722333332,6.629125596666667
1835,46.51337531944444,6.628713908333334
1836,46.50946979545454,6.627210581818182
1837,46.50924246666667,6.62665122
1838,46.50975677608696,6.626197065217392
1839,46.51039725333334,6.6257248933333335
1840,46.510094083333335,6.625471
1841,46.509619025,6.625049125
1842,46.50941065333334,6.62512294
1843,46.508811891666674,6.625329825000001
1844,46.509017975000006,6.624968300000001
1845,46.50913196,6.6247137333333335
1846,46.50934001,6.62443602
1847,46.50939036666667,6.6241111
1848,46.509481902525245,6.623800541414141
1849,46.510218561904765,6.623292807142858
1850,46.51057767222222,6.623278977777777
1851,46.51025163333333,6.623811779166666
1852,46.509984753124996,6.62413841875
1853,46.509823588888885,6.624604633333334
1854,46.51015703333334,6.624954441666667
1855,46.5104521,6.62523805
1856,46.51084038333334,6.62534525
1857,46.510862290000006,6.6251165599999995
1858,46.511048485714284,6.624576044642856
1859,46.5111713125,6.624006495833333
1860,46.51150925340909,6.624162878409091
1861,46.511832275,6.6242954975
1862,46.51229324907822,6.624543779276066
1863,46.52285165,6.637214950000001
1864,46.521609743055556,6.636856476388889
1865,46.52511481833333,6.636316374747475
1866,46.5242212,6.63808415
1867,46.520816433333344,6.6403521888888895
1868,46.52089267264957,6.637354295641026
1869,46.52076306,6.63704325
1870,46.52257604194445,6.6339806744444445
1871,46.51619913333334,6.642286273333333
1872,46.515862315,6.643083615
1873,46.52283278125,6.632441504861112
1874,46.5216994,6.6338064
1875,46.521635399999994,6.634228
1876,46.53423096666666,6.633354566666667
1877,46.53400272500001,6.631984125
1878,46.539234,6.6305024
1879,46.5370987,6.6320744
1880,46.534517075,6.662042175
1881,46.5338106,6.6563034
1882,46.533740300000005,6.655720499999999
1883,46.53928178,6.6521523
1884,46.53725598,6.648716446666666
1885,46.541788903125,6.649651128125001
1886,46.5421045,6.65636605
1887,46.54282203333333,6.6506247499999995
1888,46.543522624999994,6.65055335
1889,46.5453316,6.64633455
1890,46.54480578333334,6.646855516666666
1891,46.540349225,6.64697395
1892,46.538546600000004,6.6463245083333335
1893,46.5371689,6.6474618
1894,46.51423125,6.6272688833333335
1895,46.515515156250004,6.62403623125
1896,46.52155367944544,6.596133489837026
1897,46.52016242,6.59738668
1898,46.51969459711269,6.598870595583759
1899,46.520002814825034,6.596008028815838
1900,46.520816800000006,6.596483333333334
1901,46.520779899999994,6.5970479
1902,46.520475766666664,6.598024533333334
1903,46.51894518405037,6.599212003071794
1904,46.518695812928634,6.598769376222615
1905,46.5190387550457,6.598104610212843
1906,46.519103877633704,6.597436547877217
1907,46.520044892,6.591485408
1908,46.5196313,6.5937394
1909,46.51887532116857,6.600334403553683
1910,46.518241145628686,6.600040814952925
1911,46.51817493859941,6.6012724315196385
1912,46.51799230143218,6.601738685692639
1913,46.50975913333333,6.627750683333334
1914,46.5135290785,6.612587556595239
1915,46.51431354757143,6.611444490285715
1916,46.51597547888652,6.607424207772586
1917,46.51626717758835,6.605538057054563
1918,46.54243446666667,6.679409916666667
1919,46.54076984444444,6.6781332375
1920,46.54042625625,6.67782698125
1921,46.53994485,6.677440750000001
1922,46.5387566,6.6789982
1923,46.536444933333335,6.677471399999999
1924,46.52801945,6.597469975
1925,46.532506493750006,6.64706028125
1926,46.534883,6.660804875
1927,46.5401746,6.6505958
1928,46.544342,6.647732533333333
1929,46.53948845,6.6469178
1930,46.51561045,6.6313619
1931,46.51495516666666,6.626589533333333
1932,46.512187768888886,6.628675273333333
1933,46.524588125,6.6370082749999995
1934,46.52014058333333,6.634326349999999
1935,46.52181284,6.63395494
1936,46.5344955,6.6327999
1937,46.5376591,6.6500421
1938,46.53923945,6.64951275
1939,46.54042745,6.6490772499999995
1940,46.5427011,6.653493575
1941,46.5427257,6.652989483333333
1942,46.5424876,6.6510437
1943,46.542272249999996,6.6524446
1944,46.5405357,6.6470736
1945,46.54086723333333,6.647673833333333
1946,46.53698115,6.64772315
1947,46.5366525,6.6483496
1948,46.5138204,6.6271187
1949,46.522464450086574,6.595211675508659
1950,46.519908550000004,6.5917866599999995
1951,46.51968203333333,6.5933684
1952,46.52127055,6.63667545
1953,46.5241779,6.6371018
1954,46.523991712500006,6.6380607625
1955,46.5210568,6.6405196
1956,46.522232566666666,6.634301208333334
1957,46.51850092777778,6.640595411111111
1958,46.5240176,6.6368636500000004
1959,46.5212209,6.6333021500000005
1960,46.521868,6.6332939
1961,46.52220643149697,6.632147942811374
1962,46.521421930503934,6.632207311430187
1963,46.5229635,6.6327751
1964,46.524929628204234,6.633102280535149
1965,46.52427851,6.633971805
1966,46.52407897014929,6.632723091924355
1967,46.52420273380748,6.633553264028875
1968,46.52472163543545,6.633730626274651
1969,46.5249331111111,6.63362055
1970,46.52526229735516,6.6348161157182535
1971,46.52580968065927,6.634624238598796
1972,46.52620462013548,6.634084835814012
1973,46.52652956442381,6.633819383505405
1974,46.52520087915885,6.633726237468131
1975,46.524540032817264,6.632930746345268
1976,46.5241412,6.632207375
1977,46.5233979,6.6317466
1978,46.52292255891966,6.631498531425303
1979,46.52361977582949,6.631587414179791
1980,46.523884892651516,6.631787321536796
1981,46.52415999412258,6.631749523276801
1982,46.524446063504406,6.631420518225969
1983,46.54032085,6.63251785
1984,46.5378268,6.6315276
1985,46.538368866666666,6.631653533333334
1986,46.539641933333336,6.631628566666667
1987,46.5690746,6.6603134
1988,46.5568367,6.6792495
1989,46.55998820000001,6.67895725
1990,46.55622745,6.6832410499999995
1991,46.563802300000006,6.686663725000001
1992,46.56459382,6.6925402599999995
1993,46.5549207,6.694877549999999
1994,46.554460230000004,6.694761193333333
1995,46.55422675,6.696661450000001
1996,46.557759936000004,6.697009304
1997,46.5142055,6.6264824
1998,46.51504525,6.631465524999999
1999,46.5317457,6.6462082
2000,46.5436127,6.6480575
2001,46.5213915,6.63669
2002,46.5245911,6.6372527
2003,46.51945805,6.64016085
2004,46.521565800000005,6.6352881
2005,46.52325121130634,6.631963737182792
2006,46.5388155,6.6318291
2007,46.5398657,6.64855315
2008,46.53376855,6.6565399
2009,46.5337595,6.6561326
2010,46.5141478,6.6261384
2011,46.509243945486844,6.626086299206167
2012,46.509510500000005,6.62486845
2013,46.5122083,6.6242193
2014,46.532875625,6.63340025
2015,46.53382536666667,6.633410333333333
2016,46.5346563,6.6333218
2017,46.534358749999996,6.6326198000000005
2018,46.5332265,6.6323165
2019,46.5341092,6.63182745
2020,46.5352126,6.63176795
2021,46.53554725,6.632586625
2022,46.52533043111065,6.626732500271167
2023,46.52449517422128,6.628508396807646
2024,46.52430155942308,6.629194504134615
2025,46.52427107715764,6.629532539551595
2026,46.52496466855969,6.629392368659894
2027,46.52564714206736,6.6292844811788605
2028,46.52537741978184,6.629942994954476
2029,46.52502181517856,6.630480119631161
2030,46.523712076562106,6.630026826542189
2031,46.524241648266006,6.6305757602389335
2032,46.52624011067932,6.6289266373376154
2033,46.526865191441594,6.627661147006078
2034,46.52813647855632,6.626866642899756
2035,46.52672912537717,6.626919304878664
2036,46.52512863313392,6.6310193862582185
2037,46.52569662207693,6.631142803049264
2038,46.5263171,6.6311945
2039,46.5268311,6.6312424
2040,46.527974387862315,6.630882408460191
2041,46.5284155,6.6306928
2042,46.52903042257881,6.630316968923854
2043,46.52934033959531,6.630434225713626
2044,46.53012625711359,6.6298582743793055
2045,46.53041765695527,6.629738855512265
2046,46.53134092441956,6.628892369142118
2047,46.537303854566126,6.6208597759056085
2048,46.53839636762236,6.619182746162842
2049,46.53103876666666,6.623507333333333
2050,46.529809964846606,6.62780928887086
2051,46.5293270687913,6.62877081682524
2052,46.52898676042019,6.629386431015373
2053,46.52869649544262,6.629905750421246
2054,46.5275052678293,6.627670524731546
2055,46.5261503329228,6.626418037482384
2056,46.525786316748366,6.62625569624183
2057,46.52580778843118,6.625368439413943
2058,46.52421782366518,6.625175211430087
2059,46.52381434273422,6.625129651555079
2060,46.53344863317276,6.620376783681426
2061,46.53876638248601,6.617254196674808
2062,46.542574925000004,6.614064324999999
2063,46.532641866666665,6.618451333333333
2064,46.53251839545455,6.6178585909090915
2065,46.533944,6.6275995000000005
2066,46.5309309,6.63096085
2067,46.52503886111111,6.6342635436507935
2068,46.524848500000004,6.634429016666666
2069,46.521685399999996,6.63323548125
2070,46.52228815,6.63267575
2071,46.523391072857144,6.6007019157422455
2072,46.526410207496355,6.589920667423617
2073,46.52566716612286,6.58885544548867
2074,46.524487709574,6.5889400006621015
2075,46.52441624889636,6.5897417589144185
2076,46.52399950051384,6.59073299094916
2077,46.52393860289528,6.5887285433113245
2078,46.52401504665692,6.587795065903294
2079,46.524456261984156,6.587294676498514
2080,46.525080241197074,6.587660842757558
2081,46.52479572030989,6.5877281524726845
2082,46.52691894828067,6.616210484578162
2083,46.527890685694445,6.614803574861111
2084,46.53333896590909,6.62542642969697
2085,46.536625760501614,6.622963503511914
2086,46.53115325,6.6292382
2087,46.526999,6.6335901
2088,46.52897113,6.632158749999999
2089,46.52845520096154,6.630246385637974
2090,46.535514499,6.624228961666667
2091,46.53840067291667,6.622341159166667
2092,46.538719394146824,6.622080538055555
2093,46.54478937907865,6.620419808496856
2094,46.5224174,6.6324006
2095,46.52173745,6.63200345
2096,46.533770746153856,6.625090934615385
2097,46.53199265706557,6.629018897240195
2098,46.53219496269841,6.629256729076477
2099,46.531503,6.62821675
2100,46.53117705,6.631673299999999
2101,46.52774570702862,6.62673927978395
2102,46.52645501330897,6.6098276030332705
2103,46.52646819168651,6.61035403521164
2104,46.52637041714705,6.611282100113725
2105,46.52631112176348,6.612291661217445
2106,46.52626303040765,6.614324444117966
2107,46.5256974972175,6.617681006367674
2108,46.52489511804926,6.619250172220472
2109,46.52464746396104,6.619725371780304
2110,46.52422484882937,6.620798602831828
2111,46.524455416564514,6.620077623844154
2112,46.525143489460675,6.618712952142857
2113,46.52536475251701,6.618338246530612
2114,46.526011044148355,6.617097089313186
2115,46.5263065527417,6.613268293145743
2116,46.527098062357375,6.606586716218211
2117,46.527271039523804,6.606169435974025
2118,46.527518797464445,6.605528505505249
2119,46.52830840012348,6.603745998276268
2120,46.528350928462096,6.604611879709127
2121,46.5279786612013,6.605252376720778
2122,46.52790272538574,6.605626849990663
2123,46.52780011498015,6.6062652857638895
2124,46.52768496899755,6.607015490682792
2125,46.52745841592904,6.60841948247242
2126,46.52752708861471,6.609226134483094
2127,46.52733486716738,6.610846140672494
2128,46.527753461086135,6.610331862024255
2129,46.52731570619318,6.611598377203284
2130,46.527284151855156,6.6122177533167985
2131,46.526728205297616,6.613078185416666
2132,46.52591909795918,6.6130639814285725
2133,46.52562998186304,6.612951055841704
2134,46.52436804305555,6.614737775198413
2135,46.52454076711005,6.613866816577381
2136,46.52481200292667,6.612427232127622
2137,46.524481947281146,6.612307500967862
2138,46.52357532250651,6.614643718958441
2139,46.52472107213681,6.649788655239075
2140,46.52608721994762,6.650639115405849
2141,46.52853810416813,6.653160573527793
2142,46.529790039937986,6.652437440574174
2143,46.53394995609971,6.647903568355888
2144,46.53513663846065,6.655048159964388
2145,46.53566216886382,6.655936422830709
2146,46.5374728356075,6.656540255195634
2147,46.537583304917185,6.6575481770668
2148,46.53788117277849,6.658419681303067
2149,46.537434058139034,6.656095640920534
2150,46.53465569140266,6.64851770800505
2151,46.53506006725112,6.648911309495321
2152,46.535531363639606,6.649446644055033
2153,46.5362359,6.6498185
2154,46.536059411425434,6.649856574398119
2155,46.53563138333334,6.649787075
2156,46.53557084633333,6.650201134333334
2157,46.5354117907166,6.650881910320037
2158,46.533586368015875,6.647584625343915
2159,46.53005259270833,6.651432608333334
2160,46.529607875,6.651038557142857
2161,46.52742892886905,6.651683603154763
2162,46.52431153367857,6.649622775809523
2163,46.52196010926871,6.647064792517006
2164,46.52909854779298,6.652882661503814
2165,46.530138199999996,6.651629725
2166,46.52923728554061,6.65074181405086
2167,46.52848267525581,6.6510600919631315
2168,46.527402775,6.652047954166666
2169,46.539046770909096,6.656950821363638
2170,46.53961243875,6.659921599107143
2171,46.54065711462963,6.658646307592593
2172,46.54004114635841,6.660090259096315
2173,46.54039969694445,6.661727335500001
2174,46.53351227038895,6.6594108173458615
2175,46.53324190833333,6.661732289999999
2176,46.53362254170119,6.661445115900178
2177,46.53370455,6.6618553
2178,46.533937076848616,6.662531468766189
2179,46.53531513656039,6.663518482959534
2180,46.53550927557539,6.662365030130952
2181,46.53528189758347,6.661665408865827
2182,46.53598636653289,6.662938815736977
2183,46.53682264073888,6.66181131076907
2184,46.53680520904762,6.6614005841071435
2185,46.53634885164572,6.661059430331514
2186,46.53554695441642,6.663816328818634
2187,46.53598418444674,6.664683066395775
2188,46.535342605,6.66519438
2189,46.53552413333333,6.6677006
2190,46.53492988786899,6.668692928730325
2191,46.53518675507936,6.669597037222221
2192,46.53732045147436,6.664686979040496
2193,46.53759399309785,6.6649746247997115
2194,46.53797118095793,6.663926081033411
2195,46.53814721581845,6.664337339279442
2196,46.53978209654729,6.664731637561328
2197,46.5392031424359,6.664578626497253
2198,46.53802772648515,6.666164850363658
2199,46.53837671615196,6.6671387559395425
2200,46.53897593249556,6.666899951135764
2201,46.53801704362092,6.667299870834387
2202,46.53523567727272,6.6566583810606055
2203,46.534963899603184,6.653886862989419
2204,46.53484517441559,6.65332680939394
2205,46.53494466190476,6.650810057142857
2206,46.53493558030303,6.650264995369318
2207,46.53464002895376,6.648973145731457
2208,46.52779693335078,6.653260248540717
2209,46.52351181135897,6.649211433942308
2210,46.52247631553571,6.647840219464285
2211,46.512395207841166,6.617196343833745
2212,46.51321255505953,6.61821215625
2213,46.515796244725934,6.62558886582479
2214,46.516413914,6.626007827238095
2215,46.515497425,6.6254425305555555
2216,46.514704371899924,6.619300201402688
2217,46.51500517554199,6.61865781083028
2218,46.5154494957075,6.617310707583096
2219,46.515529665691,6.616739058356289
2220,46.51556574097918,6.615911524508348
2221,46.51561069585715,6.615326702079365
2222,46.515878787663816,6.6144111974257225
2223,46.516015701827186,6.613371718359616
2224,46.516344383965986,6.612885952286344
2225,46.51666917308333,6.611649901376984
2226,46.515168307287155,6.612778526370851
2227,46.515735463783166,6.6148806570241785
2228,46.51551551304713,6.6162565577483265
2229,46.514813222067986,6.618877395134645
2230,46.51284616734768,6.621888373560206
2231,46.51256888481346,6.622942426897301
2232,46.51227564170163,6.6252855231368635
2233,46.51216039474223,6.626256272685294
2234,46.510615183652604,6.63271652810065
2235,46.509833305088385,6.634225605340909
2236,46.508947295688095,6.634189698580724
2237,46.51122473710416,6.62717262477174
2238,46.51085213889957,6.6270637197168805
2239,46.51051697213805,6.6269861859908605
2240,46.51027312190477,6.6268010423809525
2241,46.510511003723,6.626237039386319
2242,46.50879757331533,6.625960287472661
2243,46.5083151444494,6.626381923928571
2244,46.508556783333326,6.626828133333333
2245,46.50828386264189,6.626742017239058
2246,46.50807623401536,6.625349069887499
2247,46.5079141256216,6.62620259580247
2248,46.50745575030377,6.626395615355551
2249,46.50732848320862,6.625833805736963
2250,46.51125502420908,6.6258405747193425
2251,46.51187976723261,6.625789464292459
2252,46.513270244283746,6.625591541322314
2253,46.525706993283734,6.61011649656002
2254,46.52560273811828,6.611110194332889
2255,46.526190193630946,6.609124163595237
2256,46.52618263338744,6.615970437229437
2257,46.52693132666667,6.6072360066666675
2258,46.523118340952394,6.6487596317857145
2259,46.52390028064302,6.649582162994672
2260,46.525823873584656,6.650308220462964
2261,46.5255055,6.6519981
2262,46.52528516139765,6.652087746863752
2263,46.52493818131103,6.652510084248738
2264,46.52482336541553,6.652922283048162
2265,46.52476976827068,6.653189098659148
2266,46.52428909299999,6.653575858168418
2267,46.52304138773809,6.655321740595238
2268,46.522786477807024,6.656518256122077
2269,46.5227043,6.6567733833333325
2270,46.522577187,6.657337532666666
2271,46.522358584732316,6.658380352631314
2272,46.52226875303571,6.659349153630953
2273,46.52202195989583,6.660065094791667
2274,46.52234458181818,6.658838777272726
2275,46.522952755068026,6.655855486371882
2276,46.523376396987736,6.654907714736653
2277,46.52363744957143,6.654480605190477
2278,46.5270462,6.651807766666667
2279,46.53075818475,6.651153511333334
2280,46.53144628,6.6504262
2281,46.53292728611111,6.648483430555555
2282,46.53478902407407,6.649588400000001
2283,46.53470206933333,6.6515931206904755
2284,46.5393959748555,6.661200154098585
2285,46.5327137925,6.6651833325
2286,46.533902816998555,6.661709812568543
2287,46.534686786111116,6.6625662611111105
2288,46.5355654203254,6.667405144317461
2289,46.53943001666667,6.667627566666667
2290,46.53477004471917,6.657512560134309
2291,46.52399847777778,6.653970677777778
2292,46.52763560416667,6.652768180555555
2293,46.52799905555556,6.653356855555555
2294,46.52960098333334,6.65260017857143
2295,46.53102887000001,6.650815
2296,46.532046574999995,6.650230112500001
2297,46.53918395416667,6.667857616666667
2298,46.535326233333336,6.656296366666667
2299,46.51277318335453,6.616165062611014
2300,46.51259290961539,6.616588652521369
2301,46.51386285252232,6.618582832261906
2302,46.515443527,6.612987174
2303,46.5149453,6.612623858000001
2304,46.51596926360389,6.6140206432236965
2305,46.5157907,6.6153602
2306,46.513053588470015,6.620255050604056
2307,46.511283382063496,6.630324528809524
2308,46.511536524978354,6.629632141255411
2309,46.50817035166667,6.6257462480000004
2310,46.512665150000004,6.625482225
2311,46.5141848,6.625278
2312,46.5160710061508,6.625818074107143
2313,46.5227004,6.5836155
2314,46.52412986666667,6.582389433333333
2315,46.524036408444445,6.584311097714287
2316,46.52185276,6.584789119999999
2317,46.52165765833334,6.584099941666667
2318,46.52167402999999,6.583405861574075
2319,46.519292451666665,6.579593868333333
2320,46.52039830142858,6.5769859209523815
2321,46.51918122666667,6.573505129333332
2322,46.51847676,6.57169004
2323,46.519509166666666,6.571919727777778
2324,46.5210478875,6.569948687499999
2325,46.52101325,6.569523450000001
2326,46.52151467916667,6.572772100000001
2327,46.522597526666665,6.57553612375
2328,46.52146373253968,6.573661831746031
2329,46.5208739,6.5711553
2330,46.5203788,6.57117255
2331,46.52011005833333,6.571055641666667
2332,46.51990008333333,6.5711192333333335
2333,46.519923075,6.570782911666666
2334,46.52008188,6.56956108
2335,46.519957325,6.56672095
2336,46.519940375,6.567247825
2337,46.51944829999999,6.5675624
2338,46.521616300000005,6.56839145
2339,46.52108916666666,6.565601600000001
2340,46.52084035,6.56536495
2341,46.521050450000004,6.5664163
2342,46.5210654,6.566760875
2343,46.5208924875,6.5670992375
2344,46.52150705,6.5676108
2345,46.5216947,6.5675392
2346,46.51974402223809,6.565528077261905
2347,46.519345005000005,6.5649622433333334
2348,46.518533399999995,6.56482355
2349,46.51811016875,6.566498084672618
2350,46.5179031,6.564459575
2351,46.517299779999995,6.5646270399999995
2352,46.51810679666666,6.563240836666667
2353,46.51812982272727,6.562324768181819
2354,46.516971275,6.561099425
2355,46.51650136666667,6.561683666666667
2356,46.51669436633333,6.562509428666667
2357,46.516937479999996,6.562991583333333
2358,46.51737731,6.5629900899999996
2359,46.517893575,6.562582875
2360,46.51762405,6.561651099999999
2361,46.517569376999994,6.56224002
2362,46.51792943666667,6.559991286666666
2363,46.51985246666666,6.562716866666666
2364,46.51988761111111,6.563612091666667
2365,46.520973275,6.562648675
2366,46.525087115000005,6.5654085774999995
2367,46.52349114902835,6.566295463918069
2368,46.522625008333335,6.567533399999999
2369,46.52021261611111,6.56289975611111
2370,46.5201042,6.5632599
2371,46.520294899999996,6.5643198
2372,46.5204291,6.5644795
2373,46.5203082625,6.564836012500001
2374,46.52061185,6.5651761
2375,46.520496550000004,6.5646592
2376,46.52116533111111,6.564675991111112
2377,46.52576544391406,6.609709117069504
2378,46.52579682857143,6.6104879428571435
2379,46.52595775,6.609905409999999
2380,46.52711519403802,6.607647835954404
2381,46.526188000000005,6.6156281
2382,46.526246668750005,6.614883371875001
2383,46.52868877777778,6.650740133333334
2384,46.5399942,6.6647858
2385,46.53940815,6.66474
2386,46.53549795,6.6504322
2387,46.5245418,6.6495593
2388,46.51530027095237,6.623433309285715
2389,46.5156094862963,6.623014698703704
2390,46.515503512398986,6.6210129035353535
2391,46.513955497654315,6.620874418796296
2392,46.51448714627866,6.620106563192241
2393,46.516248928124995,6.613233898958335
2394,46.52302051666667,6.648482866666667
2395,46.52457773333333,6.593599833333333
2396,46.5140833,6.6184529
2397,46.509613599999994,6.63460155
2398,46.5134678,6.6256692
2399,46.52733635,6.6076643
2400,46.5261846125,6.61514725
2401,46.5253875461838,6.627612533791702
2402,46.5241931,6.62788095
2403,46.526265430598635,6.628146924928699
2404,46.525990815128196,6.627916221025641
2405,46.52693214232804,6.628623470767197
2406,46.52856173333333,6.631038566666667
2407,46.528590577043225,6.631396753920476
2408,46.52943506631494,6.631052995393155
2409,46.529972860548305,6.630843315235459
2410,46.53086479796296,6.6303159549999995
2411,46.53118956631578,6.630203053496241
2412,46.53270463143099,6.630029035196991
2413,46.53235071747974,6.630824037310662
2414,46.529838378882225,6.630044179818002
2415,46.52934572031746,6.629415784682539
2416,46.52824656286483,6.628784937227343
2417,46.52804788010363,6.62792082930116
2418,46.52825910531926,6.627543281423652
2419,46.529626054,6.627030501555556
2420,46.52919798319444,6.628073270138889
2421,46.52889780480086,6.628662338919914
2422,46.52787171845238,6.629436705952381
2423,46.52772941912994,6.629827933370064
2424,46.5271037050759,6.629991212566674
2425,46.52741240437225,6.63165911961569
2426,46.52666220000297,6.63166468151858
2427,46.52669669666667,6.631980517222222
2428,46.52621686990092,6.632696558329576
2429,46.525802739629036,6.6330753874785895
2430,46.52524328095737,6.632055716232897
2431,46.52564557850027,6.6317452022892835
2432,46.52548071813725,6.630575357543742
2433,46.53063431097491,6.629935465951849
2434,46.530601574194165,6.629078008604497
2435,46.5302366822619,6.628635530238097
2436,46.52980296666667,6.628223038888888
2437,46.52889751641204,6.62741609449074
2438,46.52228323750615,6.6300870008328205
2439,46.523927280555554,6.6244569544973535
2440,46.524504616704554,6.623582300568181
2441,46.52489589787076,6.62297350258889
2442,46.525473234953104,6.622055570768399
2443,46.52596015863766,6.621271457005761
2444,46.526602184893534,6.620347665163775
2445,46.52702218140337,6.619637954106209
2446,46.52773680519176,6.618490109184325
2447,46.530401600799195,6.616150144971695
2448,46.53063797462301,6.615958655634922
2449,46.531193278214545,6.615638352490862
2450,46.531556280740226,6.615393853075008
2451,46.53380945034391,6.6139246614285705
2452,46.535147525700054,6.613182308105166
2453,46.54002356534392,6.610888603121693
2454,46.539833336960314,6.610186399119047
2455,46.534925584999996,6.613200573333333
2456,46.53190023404762,6.6158596920952375
2457,46.531871183999996,6.616354767333332
2458,46.53015642950216,6.6183849019985574
2459,46.5297255225,6.617583983333334
2460,46.53040961858521,6.615405310194236
2461,46.53123842391535,6.6147802732539684
2462,46.53154048046875,6.614494393229166
2463,46.53211983211972,6.613906376402116
2464,46.531916540000005,6.61313478
2465,46.5317818899852,6.6129776543410745
2466,46.532671255555556,6.613345988888889
2467,46.53287300110379,6.612337788497529
2468,46.533570101590584,6.611773804441045
2469,46.534223850425,6.61136761675408
2470,46.53422736666667,6.610395111111111
2471,46.53446201481681,6.612485907447398
2472,46.53378381042749,6.612340515773809
2473,46.53353204383334,6.612552049416666
2474,46.53331442823556,6.6127431497686215
2475,46.532956519447914,6.612982779362642
2476,46.53304088715714,6.613960971812987
2477,46.53276103333333,6.614561488303572
2478,46.5320724784127,6.61499605284127
2479,46.52995602083333,6.614748469166666
2480,46.53088450404734,6.614641906519531
2481,46.53163915034722,6.61406229375
2482,46.53135036321378,6.613630880403653
2483,46.529465205416656,6.62750171375
2484,46.52685789722222,6.630375536111111
2485,46.52651536666667,6.632235799999999
2486,46.5262136,6.6330927
2487,46.5263623,6.631581399999999
2488,46.5030954,6.6234151
2489,47.17294900000001,5.0464221
2490,46.5353575,6.6309124
2491,46.52248408333333,6.631008966666667
2492,46.529586016721765,6.614148264820937
2493,46.53420164130952,6.612349774077381
2494,46.531604993749994,6.616800334375
2495,46.531096479615385,6.613110380128205
2496,46.52664984285713,6.630704076190476
2497,46.629499800000005,6.8935295
2498,46.7653046,6.841373800000001
2499,46.52748420608465,6.6189250751322755
2500,46.5533127,6.6083984
2501,46.5684679,6.6034235
2502,46.5231197,6.6181821
2503,46.5366637,6.603404
2504,46.5298918,6.6272986
2505,46.52623145,6.6319229
2506,46.5259907,6.6305125
2507,46.5278432,6.6290201
2508,46.5287736,6.6280619
2509,46.526233,6.6307361
2510,46.5308265,6.629557
2511,46.53133739815126,6.6294490454061625
2512,46.53244481666667,6.629463333333334
2513,46.5284013,6.640058999999998
2514,45.5177021,6.8809072
2515,45.7403128,6.7989638
2516,45.72428450000001,6.843222399999998
2517,46.5267927,6.6196598
2518,46.526866749999996,6.619408
2519,46.52996002162162,6.613908278378378
2520,46.525012411111106,6.627610011111112
2521,46.53069395,6.6295447875
2522,46.52449526666667,6.6307929
2523,46.52989891439394,6.61565951439394
2524,46.530396960019836,6.614427240674604
2525,46.53170626666667,6.616628333333334
2526,46.52988561666666,6.617997516666667
2527,46.524517811912204,6.627634368132441
2528,46.52450071111111,6.62719068888889
2529,46.5269922,6.6281015
2530,46.524644000000016,6.622129299999997
2531,46.52170135,6.6303447
2532,46.5224954,6.6303357
2533,46.52267565,6.63072515
2534,46.52457139999999,6.6302569
2535,46.5250384,6.6405671
2536,46.52411945,6.623720349999999
2537,46.5336458,6.6143935
2538,46.53182675,6.61396055
2539,46.5293449,6.6365216
2540,46.5318113,6.6290422
2541,46.5231471,6.6297815
2542,46.525756791666666,6.625838756666667
2543,46.525541874999995,6.6254242
2544,46.5247615,6.6234878
2545,46.5265529,6.6189874
2546,46.52667580000001,6.618899900000001
2547,46.4279376,6.6011251
2548,46.44363500000001,6.628777
2549,46.5239466,6.62930995
2550,46.5247179,6.6298496
2551,46.5248978,6.629988
2552,46.530498827777784,6.630702965079364
2553,46.5407654,6.6350554
2554,46.5330043,6.6312278
2555,46.5320211,6.6237855
2556,46.519135,6.6192789
2557,46.5033549,6.631454600000001
2558,46.5298165,6.6295374
2559,46.5300353,6.6289375
2560,46.5348083,6.6306401
2561,46.5262457,6.6255169
2562,46.52656600573424,6.63894275519818
2563,46.522566305,6.606279860000001
2564,46.521354573354984,6.609822815541126
2565,46.5199399,6.609861977777778
2566,46.52172737274893,6.6298983486291485
2567,46.523074725,6.626645579166667
2568,46.5218763,6.62665375
2569,46.5233828,6.630019
2570,46.52351554,6.628210930833333
2571,46.523203082366074,6.6267755402281745
2572,46.523677730049016,6.628694431630253
2573,46.52766727935105,6.61685038246152
2574,46.530249739629625,6.613159703240741
2575,46.53260343155733,6.611365113922928
2576,46.53348882417658,6.610672698640873
2577,46.52501710366061,6.613503263058501
2578,46.5327933,6.6353707
2579,46.53319011279762,6.635398328660714
2580,46.52601395,6.6390554250000005
2581,46.52126377,6.626001480000001
2582,46.52506212294347,6.620750273701049
2583,46.5289407,6.6148099
2584,46.53312974983332,6.610963529999999
2585,46.520737125,6.60510255
2586,46.51964323333334,6.612350833333333
2587,46.523387227777775,6.617692488888888
2588,46.5306283,6.6420769
2589,46.532426775000005,6.637425875
2590,46.5283538,6.6397196
2591,46.52063320208334,6.630538460416666
2592,46.52284115514286,6.624221115999999
2593,46.544262889481836,6.628176251632366
2594,46.53372225,6.63706095
2595,46.52220091785715,6.605653674999999
2596,46.519559701851854,6.604134116666667
2597,46.52087970833334,6.630892361111111
2598,46.523061042857144,6.615702685714285
2599,46.5309413,6.6353794
2600,46.5231027,6.6258012
2601,46.5927619,6.6564819
2602,46.59212975,6.656180883333334
2603,46.557309375,6.679522725
2604,46.55738113888888,6.674905827777778
2605,46.559822,6.6789278875
2606,46.5629869,6.68196575
2607,46.55916705333334,6.681267516666668
2608,46.55909866666667,6.680582983333333
2609,46.55734459999999,6.697307925
2610,46.5564259,6.70179395
2611,46.55534265,6.698824900000001
2612,46.55512675,6.6984977
2613,46.55411246666667,6.699159866666666
2614,46.55429341666667,6.698715306666667
2615,46.55444740666667,6.698415360000001
2616,46.55473115625,6.69813175625
2617,46.554351475000004,6.6972000000000005
2618,46.5582961,6.6970122750000005
2619,46.55871879,6.6982987566666665
2620,46.55931376666666,6.698617316666667
2621,46.559541333333335,6.698979916666667
2622,46.55963992561404,6.69920624377193
2623,46.56010605,6.696380550000001
2624,46.560964500000004,6.6974208666666675
2625,46.561394283333335,6.698043200000001
2626,46.5608924,6.6963539
2627,46.561605033333336,6.696127366666666
2628,46.56611181666667,6.696116533333334
2629,46.566565,6.697135899999999
2630,46.5676541,6.7004352
2631,46.55283402,6.6975580699999995
2632,46.552572733333335,6.698056333333334
2633,46.55217580000001,6.698833099999999
2634,46.55191707708334,6.69819586875
2635,46.551803283333335,6.697570583333333
2636,46.551582825,6.696534425
2637,46.5516811,6.6959533
2638,46.5511254,6.69598795
2639,46.549010481372555,6.692353505882353
2640,46.5500259,6.69498595
2641,46.55121655,6.695017225
2642,46.55221815,6.69526185
2643,46.55370295,6.6949133
2644,46.5541243,6.694744200000001
2645,46.553937000000005,6.69434645
2646,46.552857716666665,6.693345216666666
2647,46.556566,6.6866105
2648,46.55543063333334,6.686722033333333
2649,46.551941275,6.692865283333333
2650,46.55222419166667,6.693082483333334
2651,46.547466675,6.6885696249999995
2652,46.5491173,6.6892902
2653,46.5455155,6.6862019
2654,46.54565279166667,6.683484173611111
2655,46.541674891666666,6.6788413250000005
2656,46.54135794375,6.67860238125
2657,46.54018013333333,6.677656766666666
2658,46.542064116666666,6.684529566666666
2659,46.54064890833334,6.6834761
2660,46.540511787499995,6.6831360125
2661,46.53933671666667,6.680989083333333
2662,46.51987024047619,6.629052957142856
2663,46.517742486341774,6.630398417747381
2664,46.521517395,6.623286569999999
2665,46.52102489345196,6.620251474123796
2666,46.55081730555556,6.618696327777777
2667,46.53849745,6.61279285
2668,46.5351437,6.616143475
2669,46.53346702,6.6192771
2670,46.517478333143934,6.616499434659092
2671,46.5161173675,6.627424410000001
2672,46.516109549999996,6.6271147
2673,46.52660927591521,6.652997240672328
2674,46.51705862916667,6.619169540595237
2675,46.52011450907245,6.625286347603964
2676,46.520376189314014,6.62572595838065
2677,46.5325984,6.6555344
2678,46.53262596666667,6.654351658333334
2679,46.51854558166666,6.6186345125
2680,46.5309797,6.65278185
2681,46.53149493333333,6.656138758333334
2682,46.5182977,6.6266682
2683,46.51882231727272,6.632113960151516
2684,46.5220335,6.6585757
2685,46.5193671,6.62451375
2686,46.523717039999994,6.6600522
2687,46.5241331375,6.66150206875
2688,46.52479264285714,6.661683592857143
2689,46.531961450000004,6.659777314285715
2690,46.5295555125,6.6629290875
2691,46.524835200000005,6.661360299999999
2692,46.52525049090909,6.658522027272727
2693,46.515827825,6.626713475
2694,46.51157955152681,6.622479407832168
2695,46.50736077500001,6.621730437500001
2696,46.5193866,6.6236051
2697,46.52407616666667,6.660966366666666
2698,46.519875621766566,6.641563465513929
2699,46.520798380838265,6.647950301030572
2700,46.51385781893939,6.631659426774892
2701,46.51268981748557,6.637221565667389
2702,46.512343,6.6414789
2703,46.511995986222935,6.638573796515152
2704,46.52037098432835,6.639294065671642
2705,46.52000508804616,6.63221206891604
2706,46.52352007045969,6.635308419362057
2707,46.519248500349214,6.635538264666667
2708,46.519060188372094,6.634286246511628
2709,46.52127180174603,6.630766958412698
2710,46.5218274632353,6.6310317535294105
2711,46.5322367,6.6228543
2712,46.5301443,6.6200033000000005
2713,46.528917166666666,6.620181433333333
2714,46.528796125,6.620419025
2715,46.5288293,6.6210691
2716,46.5167574,6.6505738
2717,46.52189594916667,6.652779954166666
2718,46.5114485,6.6392702
2719,46.520516462428574,6.632388489
2720,46.5180235,6.6529698
2721,46.51248916041666,6.639290002083333
2722,46.52845708166667,6.6205277590178575
2723,46.5182787,6.6485604
2724,46.51841752777778,6.6521303
2725,46.53234823092592,6.623752265925926
2726,46.518418833333335,6.6480186
2727,46.520042,6.6332014
2728,46.5280767,6.62527194
2729,46.5277505,6.5966432
2730,46.5181187,6.6449854
2731,46.5145613,6.6522283
2732,46.5141213125,6.6499644625
2733,46.5234341,6.6540706
2734,46.5141753375,6.653351837500001
2735,46.512650050000005,6.633929
2736,46.51999214,6.650577180000001
2737,46.52787384922619,6.6501769416666665
2738,46.52627526766554,6.647374355409652
2739,46.52622724715726,6.6479178734537685
2740,46.516627031726195,6.614550232083333
2741,46.51279874587647,6.610368607953999
2742,46.512955774999995,6.601524425
2743,46.518396708333334,6.6030949
2744,46.52221816507937,6.601023845238095
2745,46.521991825,6.601663851666666
2746,46.52182324736394,6.602085396258503
2747,46.51428829307996,6.63631447503872
2748,46.529059649999994,6.61421000625
2749,46.52413835,6.64166745
2750,46.524206325,6.642126800000001
2751,46.52130650833334,6.644468833333332
2752,46.527835333333336,6.650434566666667
2753,46.52632342619047,6.647059833333333
2754,46.517206610466275,6.630475034474207
2755,46.52791598500001,6.614110388333333
2756,46.52861102708995,6.611650478862434
2757,46.5138403,6.6370774
2758,46.52459175,6.6477219000000005
2759,46.5156676,6.6336355
2760,46.518837147058825,6.634904285294118
2761,46.51493273333333,6.639615033333333
2762,46.51768654999999,6.638033999999999
2763,46.5229272,6.6458271
2764,46.5237946,6.6223402
2765,46.5187163,6.63568795
2766,46.5248574,6.6479547
2767,46.515278890993265,6.637426171632996
2768,46.5171728,6.6401453
2769,46.52952030666667,6.64405565
2770,46.5220599,6.6409552
2771,46.5183139,6.6124845
2772,46.516919075000004,6.632015775
2773,46.51708955,6.63084025
2774,46.5189537,6.6351231
2775,46.53198371111111,6.646648177777778
2776,46.5343924,6.6497008
2777,46.535836450000005,6.64784155
2778,46.53542485,6.6477616
2779,46.53607515,6.648205024999999
2780,46.5375171,6.6497803
2781,46.538056175,6.650203275
2782,46.5401133,6.6528975
2783,46.5391837,6.6509794
2784,46.537968,6.6492896
2785,46.5418946,6.6555408
2786,46.5429891,6.6536310499999995
2787,46.543704700000006,6.646341314285715
2788,46.540705275,6.64738335
2789,46.5148028775,6.6287693899999995
2790,46.51547372,6.626330790000001
2791,46.51397934583334,6.626523108333333
2792,46.5145519,6.6264868
2793,46.51368207857142,6.6270745785714285
2794,46.513378947619046,6.626948466666667
2795,46.51280821666667,6.62676035
2796,46.5125512,6.6266095
2797,46.51259660480768,6.627638775961538
2798,46.51309591333333,6.627688320000001
2799,46.51332141190476,6.626346107142857
2800,46.51353495,6.62607125
2801,46.5139179,6.6256943
2802,46.512608926056345,6.6248042964788745
2803,46.50979356666667,6.6265219166666665
2804,46.5108733,6.62281955
2805,46.50757267777778,6.6212406222222215
2806,46.5100620896892,6.6283613264699195
2807,46.515520683333335,6.608236416666667
2808,46.52560078880952,6.591296348318905
2809,46.525751389251376,6.591552334801587
2810,46.523263486666664,6.593371633333334
2811,46.52872296792124,6.6304942058791205
2812,46.531018233333334,6.627999579411765
2813,46.53267863000001,6.627604276666668
2814,46.539947822800016,6.620969876750001
2815,46.5219537,6.6318872
2816,46.5243361,6.633698
2817,46.52996486944445,6.632264955555556
2818,46.5254552,6.6332913
2819,46.5278523,6.6271184
2820,46.52146845,6.63051515
2821,46.5228225,6.6308908
2822,46.524871399999995,6.631668566666666
2823,46.5260586,6.6351798
2824,46.5269262,6.6405131
2825,46.5205209,6.6311192
2826,46.50715025,6.628827449999999
2827,46.5197938,6.59855885
2828,46.51805042083333,6.60804521888889
2829,46.516759548787874,6.617407389848486
2830,46.5400593,6.6175627
2831,46.5402319,6.6175678
2832,46.5367291,6.618882999999999
2833,46.5376066,6.6173933
2834,46.53820978333333,6.619353783333333
2835,46.5332049,6.6182769
2836,46.5331631,6.6174847
2837,46.5342846,6.6160188
2838,46.5312867,6.630885
2839,46.5227191,6.6305165
2840,46.522026,6.6301526
2841,46.5221514,6.6311763500000005
2842,46.522455,6.6301625
2843,46.5306378,6.631599899999999
2844,46.520283733333336,6.597087483333333
2845,46.52266,6.5947948499999995
2846,46.5259269,6.634607
2847,46.527839078070166,6.597665733333334
2848,46.52307483,6.59389255
2849,46.521100700550654,6.594526094899365
2850,46.54209266190475,6.619617017857143
2851,46.54161388148148,6.619090085185186
2852,46.538899207368154,6.621751330248184
2853,46.51713346571429,6.6150548364285715
2854,46.52565899719136,6.6519340557098765
2855,46.53425947291666,6.648334802083333
2856,46.52504046666667,6.649778783333333
2857,46.5302569,6.6516116
2858,46.53233553333333,6.6501089833333324
2859,46.53956573035714,6.660838226785714
2860,46.53776096666667,6.666230944444444
2861,46.51324641875,6.621639875
2862,46.52541667,6.613046195000001
2863,46.51169563333333,6.625856363541667
2864,46.51433768125,6.625446738541667
2865,46.5130889,6.6217241
2866,46.50893275,6.6338194
2867,46.5257194,6.5803243
2868,46.52721336232684,6.578745722651515
2869,46.52630746666667,6.578746466666668
2870,46.52337703333333,6.581896966666666
2871,46.5230206,6.5803626
2872,46.5193196,6.57182648
2873,46.5204931,6.5711195
2874,46.52023975,6.570958
2875,46.52019748,6.56961442
2876,46.517964857142864,6.566336442857143
2877,46.51864725,6.5649182
2878,46.5191574,6.56281295
2879,46.5197551,6.5629594
2880,46.519859825,6.563932425
2881,46.5152309,6.6232214
2882,46.51514676666667,6.618269233333333
2883,46.515270045,6.623779750000001
2884,46.51485696545454,6.625367151212121
2885,46.5350657,6.6681485
2886,46.5154647,6.6236567
2887,46.5151569,6.6253954
2888,46.51035264000001,6.63321566
2889,46.5130467,6.6160426
2890,46.5163631,6.6262812
2891,46.52476735095238,6.627766696802722
2892,46.520177,6.6294645
2893,46.5260218,6.6260371
2894,46.5455771,6.6264586
2895,46.5272068,6.6259292
2896,46.5290203,6.6190115
2897,46.52962549555556,6.630935976666668
2898,46.52732751111111,6.629394319444445
2899,46.5275064,6.6302602
2900,46.531873430000005,6.62870568
2901,46.526429387786365,6.626709984221365
2902,46.526279925115546,6.625851454375
2903,46.52402880416667,6.62517185625
2904,46.5276295,6.6274207
2905,46.5296598,6.6280843
2906,46.52847429375001,6.63183858125
2907,46.5295962,6.6293334
2908,46.530441501666665,6.630268383333333
2909,46.5337633,6.629815500000001
2910,46.52443686875,6.629819381250001
2911,46.5263092,6.6270085
2912,46.52563786111111,6.626105666666667
2913,46.52507723333334,6.626324400000001
2914,46.5562316,6.6781174
2915,46.52520726666666,6.625647333333333
2916,46.5311355,6.626827
2917,46.5527675,6.69324
2918,46.53014701111111,6.614974516666667
2919,46.5254925,6.6272349
2920,46.5241502,6.6281979
2921,46.5262367,6.625201708333333
2922,46.5257966,6.6269832
2923,46.5267489,6.6263624
2924,46.5248128,6.62696755
2925,46.523311,6.6281058
2926,46.5166651,6.6259252
2927,46.5286294,6.6279065
2928,46.4912599,6.6305305
2929,46.52367139999999,6.632059600000001
2930,46.52771045,6.627965850000001
2931,46.5272409,6.6281623
2932,46.52763325,6.6294597500000005
2933,46.5280554,6.631733
2934,46.5267276,6.6324937
2935,46.52630585,6.63296215
2936,46.5256325,6.6324019
2937,46.5341632,6.6277207
2938,46.5222965,6.6296881
2939,46.5268125,6.6260791
2940,46.52809477972973,6.625674312162162
2941,46.526366,6.6262848
2942,46.5243025,6.6234891
2943,46.5249142,6.6234388
2944,46.52521,6.6220507
2945,46.5262641,6.6200045
2946,46.5257955,6.6199446
2947,46.529065,6.6175973500000005
2948,46.5221684,6.6339612
2949,46.5241263,6.6246698
2950,46.5248581,6.6264196
2951,46.52890250459184,6.63148326462585
2952,46.529098125243024,6.631281217312034
2953,46.5292609,6.6276898
2954,46.5264068,6.6309857
2955,46.5269688,6.6311818
2956,46.5269728,6.6313488
2957,46.5634819,6.676188
2958,46.5229198,6.628961
2959,46.5256665,6.6273019
2960,46.52596672666667,6.6248785733333335
2961,46.5287078,6.6271772
2962,46.51290629999998,6.618987000000001
2963,46.5287329,6.628632
2964,46.5261291,6.6323959
2965,46.5372879,6.6402484
2966,46.5331962,6.6460406
2967,46.530101,6.6550805
2968,46.5275357,6.6747097
2969,46.466555,6.7709251
2970,46.5297912,6.6267265
2971,46.52817625,6.62910865
2972,46.4327482,6.7622652
2973,46.4120915,6.747517900000001
2974,46.078409,15.640682099999998
2975,46.526639,6.6332263
2976,46.5257376,6.6322693
2977,46.5261242,6.6316785
2978,46.5082858,6.617819299999999
2979,46.5248653,6.6281166
2980,46.5005551,6.6454447
2981,46.531098675,6.629706687500001
2982,46.52958837999999,6.6157996400000005
2983,46.530084,6.615418719999999
2984,46.5340504,6.636636725
2985,46.5391811,6.6439386111111105
2986,46.52673028520834,6.639010254513889
2987,46.5221153,6.6067844
2988,46.52143401011742,6.627773298333211
2989,46.52328249461418,6.628949605346805
2990,46.5259187,6.6192623
2991,46.53195512577011,6.611823455225448
2992,46.53227419495879,6.611619232914377
2993,46.53174371602564,6.612119884615384
2994,46.52191779937641,6.624606556746032
2995,46.52332035725275,6.620123466326695
2996,46.5209958,6.63031165
2997,46.529286899999995,6.641301966666666
2998,46.5282934,6.6399219
2999,46.526057660000006,6.619363299999999
3000,46.5280918,6.6388750000000005
3001,46.522877,6.6265634
3002,46.5363007,6.635145349999999
3003,46.5311226,6.6122076
3004,46.57137590000001,6.4929751000000016
3005,46.5303053,6.635543125
3006,46.5300938,6.635438
3007,46.5305115,6.6354101
3008,46.5306604,6.6355587
3009,46.5357787,6.6348557
3010,46.5352372,6.6350557
3011,46.5345676,6.6348828
3012,46.5327669,6.6356703
3013,46.5331534,6.6357087
3014,46.5333651,6.6357701
3015,46.5334855,6.6358561
3016,46.5336185,6.635863
3017,46.5341868,6.6356464
3018,46.5358317,6.6343776
3019,46.534878500000005,6.6357307500000005
3020,46.5440593,6.6282343
3021,46.5290708,6.6382531
3022,46.5329865,6.6377544
3023,46.5330464,6.637444
3024,46.533139,6.6376111
3025,46.5334643,6.6369993
3026,46.5319496,6.6371056
3027,46.5316082,6.6399023
3028,46.531455,6.6394123
3029,46.531939,6.6403911
3030,46.533151,6.6407513
3031,46.5371301,6.6388867
3032,46.5358099,6.6380029
3033,46.5328124,6.6382669
3034,46.5316744,6.6414127
3035,46.5350765,6.6405165
3036,46.533433300000006,6.645124699999999
3037,46.5278834,6.6400108
3038,46.527437000000006,6.6398969
3039,46.5278274,6.642537399999999
3040,46.5263658,6.6397317
3041,46.5258216,6.6396399
3042,46.5296599,6.6403644
3043,46.5235779,6.6083177
3044,46.5240315,6.6089877
3045,46.5232429,6.610987
3046,46.5205106,6.6124134
3047,46.5205945,6.6121559
3048,46.5211856,6.6107909
3049,46.5224095,6.6110622
3050,46.5215502,6.6080142
3051,46.5215852,6.607664
3052,46.5215152,6.6075305
3053,46.5222374,6.60757215
3054,46.52271445,6.60533455
3055,46.523693825,6.6040998250000005
3056,46.5224314,6.6074915
3057,46.5218305,6.6063813
3058,46.5212667,6.6061744
3059,46.5200765,6.6067815
3060,46.5196944,6.606682
3061,46.5226209,6.6255113
3062,46.5229409,6.618220750000001
3063,46.5198411,6.6100135
3064,46.5281712,6.6383972
3065,46.58763125,6.659854375
3066,46.557944275,6.67983245
3067,46.5576699,6.6796823000000005
3068,46.5564378,6.6791139
3069,46.5568841,6.6827634
3070,46.556632725,6.683714375000001
3071,46.5593478,6.6793769
3072,46.5669405,6.7026513
3073,46.55598345,6.70166635
3074,46.556263866666676,6.700614833333333
3075,46.5559158,6.6994229
3076,46.5537323,6.6981963
3077,46.55487675,6.69832875
3078,46.5545129,6.697343
3079,46.553580775,6.69683635
3080,46.5535772,6.6979323
3081,46.551789325,6.696188375
3082,46.5509835,6.696040183333333
3083,46.55041602916667,6.695968841666667
3084,46.549800149999996,6.695902524999999
3085,46.5487306,6.6925291
3086,46.55094685,6.69495815
3087,46.5542193,6.6964888
3088,46.5542965,6.6960549
3089,46.554314999999995,6.695712400000001
3090,46.55865178333333,6.697220416666667
3091,46.560773375,6.696416825
3092,46.551766833333325,6.692715333333333
3093,46.548852333333336,6.688847883333334
3094,46.54513,6.6854384
3095,46.5449263,6.6840373
3096,46.542189500000006,6.679062999999999
3097,46.5386655,6.6791443
3098,46.540226425,6.6824202
3099,46.539527324999995,6.681623825000001
3100,46.539387,6.6814241
3101,46.5380369,6.6806978
3102,46.51815927406501,6.617741378144045
3103,46.53135163333332,6.653846939999999
3104,46.51393936596178,6.629621152490601
3105,46.51788825,6.62874425
3106,46.519259250000005,6.622498800000001
3107,46.5195101,6.6226025
3108,46.5196538,6.6250255
3109,46.5158886,6.6287601
3110,46.51829649404762,6.627431563095238
3111,46.5205556,6.6279142
3112,46.5191986,6.6273348
3113,46.5224056,6.6250463
3114,46.539219078125,6.62835923125
3115,46.54098927619048,6.622764674285715
3116,46.54124337125851,6.620261652295918
3117,46.51806311133333,6.620567851333334
3118,46.5210908125,6.6194252124999995
3119,46.5309363,6.6593955
3120,46.5265291,6.6543837
3121,46.5266008,6.6539596
3122,46.5151953,6.6290011
3123,46.5158262,6.6225241
3124,46.51910733333333,6.622382366666667
3125,46.52030156666667,6.6255515
3126,46.53204295,6.658948433333333
3127,46.5284729,6.6617349
3128,46.52498898888889,6.659219525925925
3129,46.5330381,6.655061
3130,46.5143033,6.6277053
3131,46.51421395,6.62789195
3132,46.5192305,6.625575
3133,46.51870969090909,6.633481472727272
3134,46.5199396,6.6144508
3135,46.51796885,6.61668195
3136,46.51852665,6.6159926
3137,46.5183938,6.6177451
3138,46.518334,6.6175648
3139,46.5162736,6.6203362
3140,46.518915449999994,6.6162375
3141,46.51668536666667,6.625661483333334
3142,46.5287466,6.6557386
3143,46.5300478,6.6563556
3144,46.5300832,6.6559528
3145,46.5316204,6.6574747
3146,46.5240706,6.6511139
3147,46.5206455,6.6588124
3148,46.5202862,6.656488900000001
3149,46.5316067,6.654492
3150,46.53104209999999,6.6540939
3151,46.5305024,6.6523513
3152,46.5143639,6.62874945
3153,46.5136744,6.6290815
3154,46.51545720000001,6.627666733333334
3155,46.5152775,6.6277184
3156,46.5147599,6.6263522
3157,46.5150992,6.620440433333333
3158,46.5154206,6.6192592
3159,46.51579035,6.62115655
3160,46.5152937,6.6190846
3161,46.51687395,6.6239395000000005
3162,46.517346,6.6214595
3163,46.48821940000001,6.616350899999998
3164,46.5196093,6.6252934
3165,46.51861123333333,6.628846633333333
3166,46.5187421,6.62854175
3167,46.51915215,6.6267261
3168,46.5188097,6.6263883
3169,46.51866185,6.626393650000001
3170,46.5188406,6.6253185
3171,46.5182789,6.6257416
3172,46.5191741,6.6246009
3173,46.5195521,6.6229379999999995
3174,46.51970335,6.62782765
3175,46.5192496,6.6284823500000005
3176,46.5191439,6.63240195
3177,46.5183715375,6.6340383874999995
3178,46.51855833333334,6.633579416666667
3179,46.53141668333333,6.621570666666667
3180,46.5348122,6.6165991
3181,46.5356254,6.615969
3182,46.538109275,6.6135702
3183,46.5387479,6.6130982
3184,46.5390208,6.6128991
3185,46.53911781666667,6.6125720999999995
3186,46.5419273,6.6124866
3187,46.5405453,6.6216048
3188,46.5422182,6.6231283
3189,46.5440822,6.623271
3190,46.5415246,6.6249817
3191,46.5400287,6.6273981
3192,46.475736200000014,6.5929481
3193,46.5307149,6.6135203
3194,46.5237656,6.6592885
3195,46.5201772,6.6207696
3196,46.519823650000006,6.6206130000000005
3197,46.5196159,6.6215667
3198,46.5209336,6.6215215
3199,46.5191688,6.6234897
3200,46.519038,6.6232078
3201,46.5188929,6.6205197
3202,46.5180752,6.6279425
3203,46.5180706,6.6283063
3204,46.5205997,6.6273447
3205,46.51929331666666,6.631995183333333
3206,46.5186059,6.6319279
3207,46.518892,6.6318584
3208,46.52082355,6.620726639999999
3209,46.520537,6.6200816
3210,46.52071765,6.6195314
3211,46.520308799999995,6.6185382
3212,46.53571002931034,6.625530344827586
3213,46.5352656,6.6163176
3214,46.5303794,6.6213983
3215,46.5182208,6.6143311
3216,46.5197252,6.6151738
3217,46.5197369,6.614573
3218,46.51990255,6.6139864500000005
3219,46.5187322,6.6177746
3220,46.51795905,6.61772605
3221,46.5174674,6.6160314
3222,46.5172961,6.6159526
3223,46.5199144,6.6135974
3224,46.51752456666666,6.617674416666667
3225,46.5169499,6.6183541
3226,46.5188237,6.6158203
3227,46.5465855,6.6816202
3228,46.5289613,6.6389746
3229,46.529439100000005,6.66272865
3230,46.5251798,6.6614216
3231,46.5311325,6.6616423
3232,46.5390411,6.7089393
3233,46.5368419,6.7375235
3234,46.5280808,6.6603775
3235,46.5285246,6.6595785
3236,46.5258305,6.6525049
3237,46.526376675,6.652093725
3238,46.5257477,6.6513123
3239,46.5285881,6.6574149
3240,46.5239951,6.6563879
3241,46.5272334,6.6540517
3242,46.5173122,6.6204646
3243,46.5198608,6.6210933
3244,46.5218726,6.622129
3245,46.5212543,6.6194386
3246,46.53888487857143,6.627845328571428
3247,46.52051495,6.6138995750000005
3248,46.517016905,6.6303726275
3249,46.5321701,6.6590847
3250,46.53221966666666,6.656033266666667
3251,46.519167,6.6211486
3252,46.521966074999995,6.619379
3253,46.516884250000004,6.62311045
3254,46.516949049999994,6.652183825
3255,46.51039805105982,6.637147993562105
3256,46.5183307125,6.63983823125
3257,46.523005510000004,6.636639204166666
3258,46.51961026611111,6.6310842166666655
3259,46.52483115,6.62516035
3260,46.52006683333334,6.645068233333333
3261,46.5225436,6.655318833333333
3262,46.525266433333336,6.635833233333334
3263,46.5300479,6.6205049
3264,46.5120176,6.6415868
3265,46.51291145,6.64565595
3266,46.51902266666667,6.655006733333333
3267,46.5196893,6.630313400000001
3268,46.522545622222225,6.634654666666667
3269,46.519003951575755,6.6384114597575765
3270,46.5108995,6.6361383
3271,46.5241815,6.6412071
3272,46.5238996,6.644397
3273,46.52820305,6.64852975
3274,46.52396790507247,6.607571292753624
3275,46.517686748661234,6.598531131031744
3276,46.522746100000006,6.600327558333333
3277,46.51627025,6.6108620875
3278,46.51189205328054,6.616601511783559
3279,46.511529312499995,6.6113687875
3280,46.51413561178571,6.599972619642857
3281,46.51701697307691,6.636724536538463
3282,46.516934575,6.633785775
3283,46.5172152,6.6296174
3284,46.51604025,6.6333039
3285,46.5191794,6.6338247
3286,46.519400700000006,6.63322775
3287,46.519066699999996,6.632877675
3288,46.5189987,6.6335104
3289,46.514096949999995,6.63945395
3290,46.514461175,6.6406145500000004
3291,46.53236525555556,6.609632922222222
3292,46.531662350000005,6.6094638
3293,46.5281371,6.6168185
3294,46.527530475,6.615681425
3295,46.5240294,6.6410819
3296,46.5243461,6.641265
3297,46.5239875,6.6439035
3298,46.52236681785715,6.6457443892857135
3299,46.52971905,6.6486336
3300,46.5239467,6.6070335
3301,46.5158804,6.6169622
3302,46.5156282,6.6342655
3303,46.5171116,6.6360763
3304,46.514603550000004,6.6377733
3305,46.5154018,6.6412987
3306,46.5252403225,6.615007197500001
3307,46.5244403,6.6163407
3308,46.5245012,6.6161508
3309,46.5311831,6.6099169
3310,46.5227739,6.6448582
3311,46.5226929,6.6449797
3312,46.5221432,6.6456635
3313,46.5249852,6.6038642
3314,46.514639525,6.617011925
3315,46.51369615,6.6144945250000005
3316,46.5173031,6.6369531
3317,46.51873055,6.6350582
3318,46.5158631,6.6375126
3319,46.514624233333336,6.638078033333334
3320,46.5259106,6.6206121
3321,46.529021087500006,6.607604641666667
3322,46.52263718000001,6.63988808
3323,46.52367821111111,6.641465544444444
3324,46.52743628333334,6.6450915833333335
3325,46.516040700000005,6.6101809
3326,46.51650665,6.6107473500000005
3327,46.5234758,6.6209469
3328,46.51694749999999,6.629759066666668
3329,46.5310686,6.6111218
3330,46.530494,6.6119627
3331,46.5288942,6.6141822
3332,46.5252117,6.6207849
3333,46.5267849,6.6186699
3334,46.52726506666667,6.618003416666667
3335,46.5228166,6.6400435
3336,46.5261763,6.6457218
3337,46.51724966250001,6.630909175
3338,46.526537328333326,6.644971686666666
3339,46.5272693,6.6451012
3340,46.527717833333334,6.645181466666666
3341,46.516138524999995,6.60975125
3342,46.5143155,6.6374904
3343,46.5254486,6.619699
3344,46.52814935000001,6.61703385
3345,46.5279094,6.6499126
3346,46.528578125,6.6453344
3347,46.5246247,6.6038458
3348,46.5217931,6.5998187249999996
3349,46.52464378333333,6.6365133499999995
3350,46.52101778555555,6.636413124722222
3351,46.523405725,6.6376722
3352,46.52425051666666,6.636890366666667
3353,46.5247133,6.6374201
3354,46.52003395375,6.63823969625
3355,46.5196995,6.6389548000000005
3356,46.51739695,6.64272205
3357,46.5189815,6.640531
3358,46.521293660000005,6.63849213
3359,46.52014276666667,6.633929366666666
3360,46.5204835,6.63379355
3361,46.515580825,6.643943966666666
3362,46.5328192,6.633230800000001
3363,46.53707063333333,6.633705566666666
3364,46.5401005,6.6326369
3365,46.5405615,6.6331281
3366,46.540787550000005,6.6332819875
3367,46.50639352222222,6.636486691111112
3368,46.533549636111104,6.623132382777778
3369,46.531914168005954,6.629354958928571
3370,46.53919347863149,6.61816521497007
3371,46.52400096976744,6.631607611627907
3372,46.5230289687997,6.631061168252695
3373,46.52953598,6.631914699999999
3374,46.528672353148146,6.5976637693266
3375,46.527936455555555,6.598411093333334
3376,46.5260336,6.6348458
3377,46.5309898,6.6290028
3378,46.5161128125,6.6075673125000005
3379,46.5327865,6.6197805
3380,46.52008753333333,6.597616900000001
3381,46.51423033229665,6.611721596730463
3382,46.532727625,6.6174345
3383,46.5300729,6.627114
3384,46.53004655,6.6273095
3385,46.5249455,6.6311772
3386,46.53018516666667,6.632089016666667
3387,46.518085256666666,6.608890773333333
3388,46.5072895,6.6254697
3389,46.5278966,6.5989791
3390,46.53242024875,6.6247059933333325
3391,46.53237032521368,6.627051406276709
3392,46.52449073333333,6.633871833333333
3393,46.5331489,6.6291303500000005
3394,46.51960019999999,6.599203583333334
3395,46.5067433875,6.62505335
3396,46.52945905,6.6325460750000005
3397,46.50753761666667,6.623757261111112
3398,46.5236441,6.602284
3399,46.50727955,6.621559850000001
3400,46.51028934666667,6.617282200000002
3401,46.53298795,6.619085075
3402,46.5206285,6.5975195
3403,46.539076133354534,6.664361548731236
3404,46.52565226666667,6.610612355000001
3405,46.5272447,6.6519959
3406,46.534230783333335,6.658180850000001
3407,46.5120026,6.626200383333333
3408,46.50956578838462,6.626113283410257
3409,46.5237717,6.6226856000000005
3410,46.526424825,6.609126333333333
3411,46.513139108333334,6.62192505
3412,46.5127413,6.622973
3413,46.524529575,6.61260895
3414,46.52665445,6.65111215
3415,46.509132,6.6268093
3416,46.527759325,6.6515333000000005
3417,46.5397439,6.660088
3418,46.517579950000005,6.626142574999999
3419,46.526023,6.6088706
3420,46.52811461666667,6.651263950000001
3421,46.5096002,6.6258473
3422,46.51209135,6.625559300000001
3423,46.5345884,6.6576423
3424,46.53772555,6.657869833333333
3425,46.51356915426574,6.618035960139861
3426,46.508226175000004,6.6271661250000005
3427,46.525790575,6.62745235
3428,46.525624066666666,6.633363825
3429,46.5281824,6.6314529
3430,46.5324471,6.6302055
3431,46.5265329,6.6257302
3432,46.5244131,6.6248052
3433,46.5340884,6.61354105
3434,46.5260658,6.6252817
3435,46.5298864,6.6151197
3436,46.5253026,6.6262957
3437,46.52581721666667,6.630559733333334
3438,46.5240755,6.6286195
3439,46.5242443625,6.628460925
3440,46.5247376,6.630155
3441,46.5247315,6.6303891
3442,46.525000266666666,6.628782466666666
3443,46.52519624166666,6.628848225
3444,46.52464586382978,6.628019737234043
3445,46.525209258333334,6.62797172
3446,46.52528945,6.62770435
3447,46.5262147,6.6284709
3448,46.5288814,6.6309853
3449,46.5264471,6.627069
3450,46.53158675,6.6301011
3451,46.5321264,6.6312803
3452,46.5295286,6.630753000000001
3453,46.5275663,6.632294
3454,46.5271719,6.6320554000000005
3455,46.52635035,6.632189433333333
3456,46.5250421,6.6317579
3457,46.5275167,6.6310983
3458,46.5225646,6.629633
3459,46.522698399999996,6.6301145
3460,46.525833799999994,6.6265608
3461,46.5246875,6.6241181
3462,46.5249901,6.6222809
3463,46.5276356,6.6181683
3464,46.531444,6.6167046
3465,46.5398206,6.6107485
3466,46.5397069,6.6099687
3467,46.5347529,6.6130138
3468,46.5340695,6.61217625
3469,46.5332697,6.6118338
3470,46.527214,6.627607
3471,46.52870886666667,6.631048799999999
3472,46.5291587,6.63098175
3473,46.525113399999995,6.6233608875
3474,46.5294441,6.6391886
3475,46.5285173,6.6280097
3476,46.5263678,6.6334653
3477,46.53246,6.614526
3478,46.524601399999995,6.62908295
3479,46.5240705,6.6261957
3480,46.52363635,6.6249903833333335
3481,46.53128325,6.614258100000001
3482,46.522594,6.62937
3483,46.5299715,6.6311378
3484,46.5324784,6.6312548
3485,46.5240105,6.629820566666667
3486,46.5245681,6.6305864
3487,46.52649455,6.62591795
3488,46.5272868,6.6188664
3489,46.5919431,6.6773035
3490,46.5368213,6.6152727
3491,46.5344408,6.611668
3492,46.5730113,6.6601424
3493,46.5877592,6.6751098
3494,46.58644089999999,6.6417217000000015
3495,46.5351466,6.6142333
3496,46.5692194,6.6559814
3497,46.5273108,6.6319051
3498,46.5253536,6.633054400000001
3499,46.5239397,6.6305717
3500,46.5245536,6.6309877
3501,46.5300819,6.6305999
3502,46.5309712,6.6299182
3503,46.524055849999996,6.6248761
3504,46.5260255,6.6217156
3505,46.53425108333334,6.613621591666667
3506,46.51624913333333,6.634661366666666
3507,46.5235343,6.6256962
3508,46.515867586604976,6.639304827628176
3509,46.5232203,6.6044583
3510,46.5084848,6.6269661
3511,46.52372706666667,6.626362683333333
3512,46.52302989999999,6.6270342
3513,46.521865,6.623085
3514,46.53245148,6.63678296
3515,46.5209412,6.6316699
3516,46.52080982,6.6317781600000005
3517,46.5212609,6.628959
3518,46.5212091,6.6287761
3519,46.52107593333333,6.633997766666667
3520,46.5276225,6.5976971
3521,46.5271374,6.5971124
3522,46.52097064791667,6.63246821875
3523,46.537519833333334,6.634811366666667
3524,46.5235177,6.6286069
3525,46.5228581,6.62723205
3526,46.5266845,6.6579664
3527,46.51694329,6.622272409999999
3528,46.51573465,6.62860485
3529,46.54010361395586,6.625525397232143
3530,46.540648125000004,6.6206532
3531,46.5428212,6.6242423
3532,46.53037122,6.617061723333333
3533,46.52905393333334,6.660280833333334
3534,46.520486,6.6203509
3535,46.5192004,6.6207603
3536,46.51775135,6.628436983333333
3537,46.5174499,6.6287377
3538,46.5059117,6.625859849999999
3539,46.52054,6.6212759
3540,46.51881944485294,6.626958093218955
3541,46.5183646,6.633605
3542,46.53532676,6.61695972
3543,46.51393385,6.6285016
3544,46.5194629,6.6218116
3545,46.518792000000005,6.6330938249999996
3546,46.535823205833324,6.625639748333333
3547,46.54077170583333,6.621434411666666
3548,46.5240881,6.6524207
3549,46.523838975,6.660242175
3550,46.5197732,6.628293
3551,46.5183159,6.6443369
3552,46.52873720208334,6.623683827083333
3553,46.52815115305555,6.6209501771906565
3554,46.52485592222222,6.625589033333334
3555,46.5145966,6.6203295
3556,46.511375683333334,6.6399276
3557,46.519431716666666,6.6390130833333325
3558,46.518225099999995,6.639184350000001
3559,46.521045449999995,6.6547457166666675
3560,46.5180781,6.6391396
3561,46.52485289999999,6.638013499999998
3562,46.52447645000001,6.6356987
3563,46.52433954999999,6.635539925
3564,46.519868216666666,6.6303916
3565,46.519777466666675,6.631933733333334
3566,46.52902215,6.62108525
3567,46.5259796,6.6236355499999995
3568,46.5211254,6.6495374
3569,46.52139626266667,6.6448357133333324
3570,46.52508325,6.64589825
3571,46.524285,6.64252
3572,46.5215025,6.6434833
3573,46.5238916,6.6203193
3574,46.5134092,6.6380815
3575,46.51525635,6.63784905
3576,46.5232292,6.6407311
3577,46.5164687,6.634018
3578,46.5239361875,6.64256675
3579,46.52239681190476,6.645956666095238
3580,46.52480895,6.6453644999999995
3581,46.516809466666665,6.616355966666666
3582,46.5161297,6.6331196
3583,46.5144763,6.638488325
3584,46.5224958,6.640517099999999
3585,46.5228569,6.6402723
3586,46.5226593,6.6401617
3587,46.52822079999999,6.645633866666667
3588,46.5240338,6.6437297
3589,46.5233248,6.6445865
3590,46.522475,6.644618400000001
3591,46.5213108,6.6455267
3592,46.520995675,6.64496965
3593,46.5210298,6.6439558
3594,46.5224652,6.644364550000001
3595,46.52214495,6.64400675
3596,46.5207944,6.644149
3597,46.5228123,6.6467696
3598,46.523873,6.6471106
3599,46.5240253,6.6473535
3600,46.5258802,6.6463443
3601,46.5257667,6.6470434
3602,46.5266733,6.6458585
3603,46.5266192,6.6453265
3604,46.5248376,6.6463044
3605,46.5250105,6.6445988
3606,46.524628,6.6451779
3607,46.5262078,6.6451263
3608,46.5251812,6.6473935
3609,46.5258995,6.6460289
3610,46.525958599999996,6.64724075
3611,46.5242292,6.6461478
3612,46.5257987,6.6444301
3613,46.5234557,6.6214916
3614,46.5254437,6.6139326
3615,46.5171011,6.634535
3616,46.5179996,6.6329609
3617,46.5169859,6.6316151
3618,46.5176911,6.6313632
3619,46.5179414,6.63379
3620,46.51652716666666,6.63502625
3621,46.5170297,6.6340167
3622,46.51711065,6.635752
3623,46.5165503,6.6370769
3624,46.516378950000004,6.63646485
3625,46.518485475000006,6.634408325
3626,46.5144716,6.6368683
3627,46.5131708,6.6382752
3628,46.512821,6.63784905
3629,46.5130408,6.6377069
3630,46.5133378,6.6390583
3631,46.5129843,6.6388837
3632,46.5130628,6.6399707
3633,46.5122109,6.6393768
3634,46.514061,6.6413493
3635,46.5132761,6.6420985
3636,46.514912499999994,6.6399949
3637,46.51353,6.6402142
3638,46.5135487,6.6399
3639,46.5159922,6.639689975
3640,46.5133279,6.6416295
3641,46.5147774,6.6382345
3642,46.5149041,6.6377857
3643,46.5153158,6.6384974
3644,46.51664029999999,6.639847200000001
3645,46.5310501,6.6102246
3646,46.5313522,6.6069077
3647,46.5312569,6.6075983
3648,46.5323612,6.6082656
3649,46.5330465,6.60888855
3650,46.5298164,6.6104784
3651,46.5279994,6.6117399
3652,46.5269587,6.614504200000001
3653,46.5270924,6.6142554
3654,46.5274766,6.6133303
3655,46.5276154,6.6133458
3656,46.5269585,6.6126409
3657,46.5275498,6.6124255
3658,46.52863855,6.6108832500000005
3659,46.5254351,6.6143199
3660,46.5252992,6.6144714
3661,46.5253253,6.6154323
3662,46.5257516,6.6169237
3663,46.5254117,6.6177748
3664,46.5250616,6.6177214
3665,46.5252202,6.6168293
3666,46.5328339,6.6259966
3667,46.5302053,6.625547
3668,46.5306813,6.6115135
3669,46.5311021,6.6076858
3670,46.5131686,6.6045178
3671,46.5196002,6.620311799999999
3672,46.5644429,6.6824452
3673,46.5633564,6.6814931
3674,46.56241314,6.682900859999999
3675,46.560628,6.6818545
3676,46.5605279,6.6819433
3677,46.5590335,6.681939
3678,46.557987,6.6747732
3679,46.5582527,6.6749547
3680,46.5579934,6.6751617
3681,46.5567673,6.6794601
3682,46.5562979,6.6790634
3683,46.5580992,6.6762759
3684,46.5544131,6.6950505
3685,46.579342249999996,6.711206925000001
3686,46.5672977,6.7014439
3687,46.5562119,6.7038899
3688,46.55161245000001,6.697179216666667
3689,46.5526416125,6.6912953875
3690,46.550610500000005,6.6909927499999995
3691,46.543833570000004,6.68305166
3692,46.5429077,6.6817581
3693,46.5418733,6.6788962
3694,46.51693118,6.606443350000001
3695,46.5376338,6.619990133333332
3696,46.526513,6.603118950000001
3697,46.50807675,6.627589
3698,46.5347858,6.6217242
3699,46.5315,6.6285112
3700,46.5267829,6.603516
3701,46.529259,6.5963809
3702,46.5203605,6.5967714
3703,46.5132307,6.6306727
3704,46.53666315,6.6182087
3705,46.52800725,6.63281415
3706,46.5278176,6.6328367
3707,46.5126986,6.63418085
3708,46.5282003,6.596949900000001
3709,46.53553532222222,6.6238903222222225
3710,46.5258061,6.65181735
3711,46.51569425,6.6160946
3712,46.51250875,6.62533215
3713,46.537676266666665,6.65866595
3714,46.527329055555555,6.609332488888889
3715,46.540209000000004,6.66138115
3716,46.5348099,6.668964
3717,46.5274813,6.6107407
3718,46.52791055,6.60991265
3719,46.5268518,6.6129022
3720,46.53575036666667,6.6496240166666665
3721,46.523048300000006,6.580742599999999
3722,46.519572725,6.572194475000001
3723,46.518580549999996,6.5650616500000005
3724,46.5190139,6.56271275
3725,46.5199488,6.5628986
3726,46.52024565,6.5632538
3727,46.5203541,6.5641297
3728,46.520262970000005,6.564575435
3729,46.5199264,6.5643253
3730,46.5218933,6.5644381
3731,46.5215781,6.5647455
3732,46.53515208333333,6.663278999999999
3733,46.5334733,6.659154
3734,46.512043,6.6257896
3735,46.52801875,6.6274161
3736,46.5278272,6.6275448
3737,46.5272477,6.6311868
3738,46.5273475,6.6312908
3739,46.5293806,6.62983
3740,46.5273542,6.6296985
3741,46.5254498,6.6267969
3742,46.52588,6.6314211
3743,46.5289023,6.627123774999999
3744,46.52987725,6.6306119500000005
3745,46.5241702,6.6263225
3746,46.52429483125,6.6264181625
3747,46.529336525000005,6.6314257875000004
3748,46.529666,6.6312294666666665
3749,46.5319971,6.6307879
3750,46.5319241,6.61280995
3751,46.52775514999999,6.627733575
3752,46.5329773,6.6328513
3753,46.5225308,6.6307102
3754,46.524482160000005,6.62530884
3755,46.524731825,6.623180874999999
3756,46.5285869,6.6292464
3757,46.5303555,6.626909
3758,46.530965075,6.62576045
3759,46.530943199999996,6.62926065
3760,46.5259817,6.6256178
3761,46.52673740000001,6.620667650000001
3762,46.5297725,6.6144613
3763,46.521232358571424,6.632513041428572
3764,46.52432161284687,6.625685575853531
3765,46.5320249,6.6367455
3766,46.5333961,6.6395691
3767,46.5298241,6.64101885
3768,46.5300061,6.6412553
3769,46.530201700000006,6.6415479
3770,46.5305674,6.6424398
3771,46.52681612,6.638365240000001
3772,46.52144865,6.628758400000001
3773,46.5217506,6.627987525
3774,46.52175209999999,6.6276145500000005
3775,46.522983,6.6244368
3776,46.5235415,6.62026455
3777,46.523102200000004,6.628855133333334
3778,46.5227096,6.6290015
3779,46.5246174,6.6210536
3780,46.52189631666666,6.605395183333333
3781,46.5194012,6.6043416
3782,46.5228029,6.60612925
3783,46.540273875,6.641327725
3784,46.52050835,6.63201835
3785,46.53240937142858,6.6407029
3786,46.54151411330358,6.6358197499107145
3787,46.520716875,6.635026074999999
3788,46.5206921,6.634123199999999
3789,46.5207454125,6.633677175000001
3790,46.52302835,6.622292475
3791,46.521987625,6.6222451499999995
3792,46.5278204,6.6167107
3793,46.5208146,6.6138497
3794,46.5275535,6.6342975
3795,46.5307881,6.6354433
3796,46.54150189999999,6.64499595625
3797,46.5302913,6.63641655
3798,46.52304455416667,6.6124061375
3799,46.5231651,6.6164378
3800,46.5243874,6.6262087
3801,46.531889516666666,6.63312465
3802,46.51577673333333,6.627676572222222
3803,46.5302261,6.6598026
3804,46.5242581,6.6616075
3805,46.52467711999999,6.659550920000001
3806,46.52838330000001,6.597423300000001
3807,46.51917,6.6227001
3808,46.5185162,6.6275098
3809,46.5178996,6.6268352
3810,46.5180149,6.6246833
3811,46.519979975,6.62439925
3812,46.5210294,6.6269154
3813,46.519518766666664,6.631971549999999
3814,46.5189328,6.6332552
3815,46.51885765,6.6309289
3816,46.51809996666666,6.6293794
3817,46.51753793333333,6.628471333333334
3818,46.5225459,6.6242431
3819,46.52119235,6.61860765
3820,46.5210986,6.6176491
3821,46.522045200000015,6.6130852
3822,46.5357861,6.62591275
3823,46.5402387,6.6246415
3824,46.5403312,6.6204589
3825,46.518995375,6.62725075
3826,46.517402602,6.628417696
3827,46.52394175,6.651527175
3828,46.5241703,6.6509999
3829,46.5229182,6.6588014
3830,46.519783350000004,6.618202123333333
3831,46.5413139,6.629996333333334
3832,46.5325156,6.6542454
3833,46.5166411,6.62145485
3834,46.5159304,6.6276773
3835,46.529861749999995,6.6617442
3836,46.52621755,6.6527239
3837,46.51541975,6.61774645
3838,46.54222998571429,6.625420660714287
3839,46.5211328,6.6178342
3840,46.5186506,6.6283202
3841,46.54469265,6.6275646
3842,46.51883966829268,6.636865234146342
3843,46.5177412,6.6471068
3844,46.5168017,6.6481622
3845,46.5163107,6.64908445
3846,46.5143494,6.6533026
3847,46.515656175000004,6.649552975000001
3848,46.5145996,6.6457337
3849,46.5127177,6.6453728
3850,46.5143467,6.6483016
3851,46.5135262625,6.6487539875
3852,46.5134942,6.649075325
3853,46.51338365714285,6.650454885714286
3854,46.5147818,6.6491805
3855,46.5145147,6.6499146
3856,46.5194784,6.6304764
3857,46.5192128,6.6327986
3858,46.517539400000004,6.63857535
3859,46.517334533333326,6.638758
3860,46.5183837,6.6436786
3861,46.5187754,6.636675383333333
3862,46.5238053,6.6369465
3863,46.5229936,6.6362592
3864,46.52242708,6.63618702
3865,46.523306165,6.635396504999999
3866,46.5242669,6.6365397
3867,46.5247697,6.636254
3868,46.5251053,6.6366025
3869,46.5248735,6.6364771
3870,46.525323379365084,6.636411286507936
3871,46.526018199999996,6.6361034750000005
3872,46.5197716,6.6358303
3873,46.5195067,6.6355049
3874,46.5312693,6.6248214
3875,46.531100025,6.6247779499999995
3876,46.5306071,6.6249554
3877,46.530323550000006,6.62435375
3878,46.5307837,6.6236174000000005
3879,46.5300629,6.6254216
3880,46.5307234,6.6257507
3881,46.5313029,6.6270817
3882,46.52869599,6.6233756900000005
3883,46.513337954375,6.63286875125
3884,46.52188830833333,6.6357928895833345
3885,46.5173528,6.644197866666667
3886,46.5155137,6.6423254
3887,46.5110433,6.637746033333333
3888,46.5090071,6.636476
3889,46.518539325,6.637708525
3890,46.5268222,6.6225104
3891,46.51339895,6.6496049500000005
3892,46.5209114,6.6412857
3893,46.52047315,6.644753
3894,46.5142053,6.6521732
3895,46.5146182,6.65143625
3896,46.5154236,6.6529031
3897,46.5148182,6.6535817
3898,46.5146724,6.6522973
3899,46.51459789999999,6.6528937
3900,46.5139465,6.652408700000001
3901,46.5190337,6.6389684
3902,46.5193521,6.639428
3903,46.519671849999995,6.63962955
3904,46.519511550000004,6.639825075
3905,46.5171897,6.6388917
3906,46.5213262,6.6373952
3907,46.522141,6.6374288
3908,46.5195285,6.64441245
3909,46.519746,6.637325244444444
3910,46.5193553,6.6444236
3911,46.52024247857143,6.632323407142858
3912,46.520330099999995,6.635461899999999
3913,46.5316376,6.6273503
3914,46.5277711,6.6240308
3915,46.5278689,6.6235977
3916,46.53031420000001,6.62257325
3917,46.52825549999999,6.620704199999998
3918,46.5201541,6.6318181
3919,46.5191804,6.6332768
3920,46.5199435,6.6386445
3921,46.5199148,6.6394159
3922,46.51892655,6.64501145
3923,46.5202806,6.6414199
3924,46.5211121,6.6406962
3925,46.5201128,6.6401372
3926,46.518529,6.6371208
3927,46.518576949999996,6.63731855
3928,46.52070405,6.639721125
3929,46.5183946,6.6376687
3930,46.5221388,6.634872550000001
3931,46.5224686,6.6357809
3932,46.52310445,6.6360282999999995
3933,46.523335716666665,6.636278483333333
3934,46.5207843,6.6411636
3935,46.5160773,6.6492793
3936,46.5158294,6.6489467
3937,46.5227707,6.6557457
3938,46.5225772,6.6521969
3939,46.5219987,6.65172615
3940,46.5205356,6.6557833
3941,46.5192484,6.657569
3942,46.5188075,6.6540504
3943,46.51700783333333,6.652433533333333
3944,46.516640100000004,6.6525712
3945,46.5148593,6.6468929
3946,46.5130788,6.6451097
3947,46.5138767,6.6490088
3948,46.520218588750005,6.6405511575
3949,46.5196657,6.632936944444444
3950,46.52519638,6.60681752
3951,46.5187139,6.6127162
3952,46.5159665,6.6168107
3953,46.51172534583334,6.6026963625
3954,46.5179766,6.6364344
3955,46.5183221,6.6350114
3956,46.514823774999996,6.636312375
3957,46.515685,6.63525765
3958,46.5148872,6.6348437
3959,46.5145564,6.6357776
3960,46.51488875,6.63758485
3961,46.514227149999996,6.639531549999999
3962,46.5141184,6.6410501
3963,46.5154768,6.6391173
3964,46.5279309,6.6080136
3965,46.53070995,6.6118232500000005
3966,46.52991635,6.61282055
3967,46.5277628,6.615464
3968,46.5274522,6.616085
3969,46.5271143,6.6189888
3970,46.5269707,6.6186703
3971,46.51648768333334,6.617093719166666
3972,46.515527633333335,6.633616833333334
3973,46.5190525,6.6348849
3974,46.52436395,6.6167851833333335
3975,46.5191332,6.6125228
3976,46.51472995,6.6049394249999995
3977,46.5163735,6.6333595
3978,46.5254577,6.61616655
3979,46.52281554583333,6.601947137500001
3980,46.5146229,6.6166904
3981,46.5219449,6.6442438
3982,46.5292791,6.646229
3983,46.5309841,6.6078752
3984,46.542688,6.651842
3985,46.543186675,6.6529951
3986,46.54406985,6.644971325
3987,46.54071255,6.64686165
3988,46.5378127,6.6465546
3989,46.51552794,6.63215936
3990,46.5151257,6.6316822
3991,46.51519706,6.62832614
3992,46.516158875,6.624676375
3993,46.51480095,6.6271512
3994,46.51466325,6.62731725
3995,46.51262805,6.629035249999999
3996,46.5211596,6.6368974
3997,46.5244554,6.63709635
3998,46.5231982,6.6385313
3999,46.5218965,6.6399762
4000,46.5216225,6.6386442500000005
4001,46.5213073,6.6388333
4002,46.5214658,6.6376261
4003,46.5211156,6.6373374
4004,46.5198264,6.6388172
4005,46.5155899,6.6449746
4006,46.5160792,6.644782
4007,46.517083025000005,6.643929883333334
4008,46.5170786,6.6431567
4009,46.5157209,6.6429857
4010,46.51673235,6.64163175
4011,46.5166345,6.6402128
4012,46.517897175,6.640875825
4013,46.51892385,6.640774
4014,46.51952849999999,6.635061599999999
4015,46.5336727,6.6558662
4016,46.53554745,6.651430625
4017,46.5368745,6.6494335
4018,46.53749855,6.64995095
4019,46.53926308,6.6526939
4020,46.5399475,6.65294525
4021,46.5370329,6.6484667
4022,46.5381367,6.6467107
4023,46.54084826666667,6.646858833333333
4024,46.539547,6.6465194
4025,46.5367919,6.6482995
4026,46.53588295,6.64800005
4027,46.53509815,6.6475247
4028,46.5423951,6.6524145
4029,46.5152739,6.6243616
4030,46.52178738472223,6.637311631944445
4031,46.524423475,6.6373234
4032,46.523191,6.638128
4033,46.5207813,6.637882
4034,46.5224598,6.63838025
4035,46.5218514,6.638698100000001
4036,46.5174177,6.643447233333333
4037,46.5199399,6.6352123
4038,46.51996735,6.6349307500000005
4039,46.5156959,6.6451215
4040,46.5404974,6.63346085
4041,46.5360056,6.6326045
4042,46.53700544,6.63321996
4043,46.5402656,6.6327362
4044,46.540973,6.631164233333333
4045,46.5405491,6.6315923
4046,46.53822873333333,6.632034100000001
4047,46.53706468,6.632387
4048,46.5352227,6.6604276
4049,46.53494349999999,6.659483600000002
4050,46.51568995,6.6312224
4051,46.5143457,6.6303103
4052,46.5150954,6.6266064
4053,46.5095585,6.6275109
4054,46.5097903,6.6252526
4055,46.5089401,6.6251099
4056,46.5099989,6.6248733
4057,46.52325495,6.6377596
4058,46.5244589,6.636563450000001
4059,46.5243708,6.6375329
4060,46.5209303,6.6379149
4061,46.5160635,6.6422032
4062,46.520446750000005,6.636341250000001
4063,46.5331792,6.6306352
4064,46.5393229,6.6333724
4065,46.5398914,6.6330427
4066,46.5346493,6.6317923
4067,46.5401902,6.631563
4068,46.5383434,6.6319251
4069,46.5379989,6.6322333
4070,46.52512877591464,6.630747559645233
4071,46.5297219047619,6.632123790476191
4072,46.50722086666667,6.62434582037037
4073,46.5088815,6.6172622
4074,46.50994345952381,6.617706285714286
4075,46.511974,6.6355357
4076,46.54174476666666,6.6178276333333335
4077,46.538892950000005,6.6170259
4078,46.53953713333334,6.617984666666666
4079,46.5398916,6.617383333333333
4080,46.53457326666666,6.6157245
4081,46.5347695,6.6154813
4082,46.53523485,6.61502505
4083,46.5216646,6.6324519
4084,46.5219045,6.6320572
4085,46.5213765,6.6325068
4086,46.529303175,6.628435049999999
4087,46.5264266,6.6342327
4088,46.5170471,6.6082684
4089,46.5424611,6.6143939
4090,46.519011087500004,6.6311612375
4091,46.5123619,6.63424
4092,46.52826275920635,6.596402363915344
4093,46.52757653333333,6.5974155
4094,46.5279717,6.596915
4095,46.5267326,6.6038121
4096,46.50915635,6.627563975
4097,46.5095393,6.6279958
4098,46.5050658,6.6416534
4099,46.50999053333334,6.617361822222222
4100,46.5121261,6.6296374
4101,46.527667,6.5969759
4102,46.519871,6.5958886
4103,46.5266188,6.6083362
4104,46.5305927,6.6512355
4105,46.50805755,6.62713675
4106,46.52435015,6.621339900000001
4107,46.52519745,6.61896275
4108,46.52586765,6.61791935
4109,46.526366,6.6151987
4110,46.5263643,6.6135323
4111,46.5235155,6.6151893
4112,46.5232746,6.6155896
4113,46.5267412,6.6067905
4114,46.525697,6.6161553
4115,46.52502719999999,6.617907833333334
4116,46.5246503,6.6184135
4117,46.5244892,6.6188697
4118,46.5243149,6.6191826
4119,46.5242089,6.6198525
4120,46.5107967,6.6259175
4121,46.52586720952381,6.609322266666666
4122,46.537774600000006,6.6580808000000005
4123,46.5376034,6.65811325
4124,46.5353563,6.6492361
4125,46.5221831,6.581079300000001
4126,46.5204381,6.5718699
4127,46.5165214,6.5619951
4128,46.512789600000005,6.6225808
4129,46.515445650000004,6.62297285
4130,46.537904,6.6579652
4131,46.5131664,6.6178493
4132,46.5261959,6.6130166
4133,46.524577953401355,6.629469984563057
4134,46.531548425000004,6.61307025
4135,46.5314019,6.6130984
4136,46.5255603,6.628809
4137,46.5285477,6.6283632
4138,46.5257424,6.6304338
4139,46.5297285,6.6305283
4140,46.5323402,6.6289628
4141,46.5324318,6.6290894
4142,46.5319016,6.62969385
4143,46.5222841,6.6313309
4144,46.52367145,6.630345650000001
4145,46.5239097,6.630931
4146,46.5240126,6.6311643
4147,46.52516355,6.62847895
4148,46.5265873,6.6271894
4149,46.526654,6.6273746
4150,46.5263504,6.6272002
4151,46.5256975,6.62664585
4152,46.5239468,6.6239182
4153,46.5254361,6.6216142
4154,46.5254456,6.6214013
4155,46.5274363,6.61935685
4156,46.5311223,6.6134197
4157,46.5302878,6.6155494
4158,46.5248094,6.6266585
4159,46.5913637,6.7684204
4160,46.530927,6.6162011
4161,46.5341131,6.6117114
4162,46.5240773,6.6011851
4163,46.5299555,6.6283049
4164,46.5242913,6.6308731
4165,46.5259325,6.6321464
4166,46.5322138625,6.6303119625
4167,46.5248314,6.6227374
4168,46.5241659,6.6298276
4169,46.5325205,6.6096376
4170,46.52403445,6.6302276
4171,46.5264611,6.6314101
4172,46.5255361,6.6339904
4173,46.527533,6.6336132
4174,46.5267253,6.6310605
4175,46.5439209,6.6072617
4176,46.5677599,6.5734617
4177,46.590003,6.5967988
4178,46.5370027,6.556536
4179,46.4944313,6.5298444
4180,46.4969817,6.4914248
4181,46.7043116,7.4173997
4182,46.696176900000005,7.406478800000001
4183,46.5409661,6.6444586
4184,46.5415165,6.6423774
4185,46.53973935,6.64579075
4186,46.5301592,6.6425629
4187,46.5301046,6.6401254
4188,46.5299999,6.639826
4189,46.527036,6.6382088
4190,46.5229150375,6.6275335625
4191,46.4745834,6.6006569
4192,46.5284715,6.593992
4193,46.4550544,6.5634754
4194,46.4441327,6.5704121
4195,46.4818621,6.5887117
4196,46.4318962,6.5743966
4197,46.5209092,6.6049946
4198,46.5223857,6.6265827625
4199,46.5221977,6.6260137
4200,46.52475370604086,6.626020410896433
4201,46.53667898333333,6.621014983333333
4202,46.53708853333333,6.618706833333334
4203,46.5811704,6.64335905
4204,46.582413775000006,6.642569975000001
4205,46.52117145,6.635017599999999
4206,46.53018531666666,6.613380766666666
4207,46.5139621,6.6298413
4208,46.5153931,6.6302277
4209,46.5166193,6.624657750000001
4210,46.518551701260506,6.61904115420168
4211,46.5069231375,6.6248403125
4212,46.50714385,6.62504603
4213,46.52078851666667,6.620050749999999
4214,46.5204395,6.6214344
4215,46.5201621,6.620461
4216,46.51990906666666,6.623180733333334
4217,46.5195052,6.6190566
4218,46.5179383,6.62816795
4219,46.5182983125,6.6270004875
4220,46.5189157,6.6248926
4221,46.5206336,6.6260533
4222,46.51913293333333,6.631868699999999
4223,46.51857806111111,6.633280033333333
4224,46.5392952,6.6242003
4225,46.5394042,6.6241154
4226,46.54010065,6.623860475
4227,46.54046350848214,6.623801428472223
4228,46.5410944,6.6223055
4229,46.5409894,6.6233997
4230,46.5401103,6.6247902
4231,46.541359,6.62151255
4232,46.5302637,6.6169281
4233,46.5193106,6.6151041
4234,46.5202365,6.6160764
4235,46.52061975,6.614130100000001
4236,46.5164396,6.6213425
4237,46.5163216,6.6215203
4238,46.51459865,6.62794255
4239,46.5142549,6.6292904
4240,46.5151943,6.6293056
4241,46.515751,6.6288138
4242,46.5158965,6.6268986
4243,46.52438009999999,6.657903699999999
4244,46.5217979,6.6205011
4245,46.5189625,6.6250997
4246,46.518016349999996,6.6287439500000005
4247,46.5181209,6.6261149
4248,46.5175577,6.627187
4249,46.5174485,6.6279797
4250,46.5173331,6.6279109
4251,46.52048305,6.626640399999999
4252,46.5189152,6.6327579
4253,46.5180334,6.6292404
4254,46.5180525,6.629029900000001
4255,46.5209883,6.6225163
4256,46.52142965,6.62257465
4257,46.5210337,6.6199887
4258,46.5213442,6.6186278
4259,46.5210865,6.6173571
4260,46.5356259,6.617206
4261,46.535982,6.615152
4262,46.5379772,6.614215
4263,46.5363626,6.6153494
4264,46.5330093,6.625531
4265,46.5331825,6.62713945
4266,46.53293966666666,6.628200533333334
4267,46.5349136,6.6265748
4268,46.53440805,6.62927335
4269,46.5348263,6.6292063
4270,46.5349368,6.6293895
4271,46.5360808,6.626123966666667
4272,46.5373883,6.6250956
4273,46.54331460833333,6.623742025
4274,46.5429537,6.6245448
4275,46.5414458,6.6251126
4276,46.538601933333325,6.621646466666667
4277,46.5364549,6.622826033333333
4278,46.53955365,6.62423635
4279,46.53984554444444,6.623868666666667
4280,46.5321645,6.6589001
4281,46.5139764,6.6289954
4282,46.515834975000004,6.618385549999999
4283,46.5212493,6.6206739
4284,46.5197489,6.6233497
4285,46.518957424999996,6.6238409
4286,46.5119101,6.6297505333333335
4287,46.5112979,6.631050733333333
4288,46.5190729,6.6449459
4289,46.51946337857143,6.6387418928571424
4290,46.5220223,6.6356784
4291,46.5226254,6.6348857
4292,46.5242958,6.6360454
4293,46.5274117,6.6218414
4294,46.5254931,6.6241724
4295,46.51373,6.6476597
4296,46.5078864,6.6374858
4297,46.50737585,6.6373411
4298,46.530256925,6.631572775
4299,46.53010763333333,6.631680566666667
4300,46.5202781,6.649407425
4301,46.51918493947369,6.638067186842106
4302,46.5287093,6.6179538
4303,46.522773112500005,6.63985435
4304,46.5283175,6.6424803
4305,46.523773925,6.644251225
4306,46.5203144,6.61038035
4307,46.5141464,6.6177531
4308,46.5167456,6.6139762
4309,46.51635225,6.63406825
4310,46.5209463,6.644197
4311,46.5210039,6.6446886
4312,46.5211226,6.6450097
4313,46.5243361,6.6170896
4314,46.5211937,6.6447508
4315,46.515948233333326,6.638970433333334
4316,46.516536,6.6381007
4317,46.523893725,6.632612675
4318,46.52833625833333,6.626885491666666
4319,46.5310682,6.6031551
4320,46.5188521,6.6007324
4321,46.52553410000002,6.602542800000003
4322,46.513139100000004,6.6333286000000005
4323,46.53242999999999,6.618482
4324,46.528577,6.6294626
4325,46.5251164,6.631466199999999
4326,46.538364,6.6225498
4327,46.5376103,6.6179848
4328,46.5232517,6.632532
4329,46.5223426,6.6335424
4330,46.5219399,6.632867
4331,46.5220914,6.6327744
4332,46.52484222777778,6.613909876984127
4333,46.52710236666667,6.6073488
4334,46.5101744,6.6262201
4335,46.5086678,6.62574825
4336,46.5261659,6.60962045
4337,46.525659559999994,6.6277875
4338,46.5268812,6.6270098
4339,46.5249809,6.6227504
4340,46.532904726666665,6.6144602133333334
4341,46.53207715,6.61315905
4342,46.5306164,6.6154399
4343,46.5349609,6.6133914
4344,46.5337724,6.614159
4345,46.52446685,6.6280791
4346,46.5251584,6.6294106
4347,46.53132195,6.6306127
4348,46.5326517,6.6298354
4349,46.5646212,6.7257466
4350,46.5812033,6.78087
4351,46.5254078,6.6264083
4352,46.5263502,6.6276376
4353,46.5284986,6.6288271
4354,46.53166255,6.6293112
4355,46.5220062,6.630591
4356,46.5246104,6.6223834
4357,46.5308179,6.615851
4358,46.53551695,6.6131958
4359,46.5400034,6.6101126
4360,46.53298385,6.6118198
4361,46.5297031,6.6171155
4362,46.54061115,6.6416024
4363,46.5370012,6.6391271
4364,46.5215156,6.6119913
4365,46.5211865,6.6247573
4366,46.5322253,6.6402782
4367,46.5203495,6.6307824250000005
4368,46.5202418,6.6306077
4369,46.5206581,6.6302258
4370,46.52051165,6.63314275
4371,46.5206894,6.6354834
4372,46.521246,6.6340957
4373,46.52094,6.6283828
4374,46.5213004,6.6262955
4375,46.521769,6.6262672
4376,46.521972133333335,6.626325033333334
4377,46.52161264,6.62652276
4378,46.5215978,6.6254929
4379,46.5209414,6.6248647
4380,46.52090935,6.629584475
4381,46.5207598,6.6289952
4382,46.5208123,6.6294174
4383,46.5206629,6.6297196
4384,46.5238423,6.62893935
4385,46.5239745,6.6274453
4386,46.5231964,6.6279557
4387,46.5256276,6.6202686
4388,46.5275477,6.6166147
4389,46.5321266,6.612089
4390,46.5216658,6.6161919
4391,46.5219793,6.6166148
4392,46.5217897,6.6168159
4393,46.522248,6.6158306666666675
4394,46.5225592,6.6167781
4395,46.5226267,6.6177077
4396,46.5222382,6.6196083
4397,46.52287295,6.620425
4398,46.5229646,6.6202764
4399,46.5232716,6.6187575
4400,46.5240459,6.6165409
4401,46.54076029999999,6.588136900000001
4402,46.5311277,6.6338596
4403,46.5291817,6.6345739
4404,46.53524720000001,6.631100000000003
4405,46.6142832,6.809710100000002
4406,46.5243199,6.60406705
4407,46.5257673,6.6080801
4408,46.5259233,6.6039827
4409,46.52674425,6.60456715
4410,46.4624703,6.6672179
4411,46.528131,6.6341686
4412,45.33827970000002,5.488578400000002
4413,46.5341551,6.5794955
4414,46.5335197,6.5814773
4415,46.5219497,6.6269614
4416,46.5217581,6.6285876
4417,46.52801691183433,6.597265128994083
4418,46.688951800000005,6.935202900000001
4419,46.5414202,6.6387779
4420,46.5263237,6.6433359
4421,46.4884285,6.6768457
4422,46.5424242,6.6364839
4423,46.6836243,6.4658994
4424,46.4795655,6.6698391
4425,46.4799352,6.6742195
4426,46.4943329,6.6823023
4427,46.4883618,6.6196993
4428,46.6199529,6.5112801
4429,46.6376423,6.5025771
4430,46.6909874,6.4501124
4431,46.6892203,6.451177
4432,46.6058056,6.364505
4433,46.5533761,6.6364693
4434,46.5412951,6.6345326
4435,46.5327195,6.6385416
4436,46.5467661,6.6483475
4437,46.5324124,6.6458204
4438,46.5250107,6.6720902
4439,46.5285942,6.6742553
4440,46.522557,6.5700877
4441,46.5263274,6.5471731
4442,46.5338529,6.5757752
4443,46.5718138,6.636405
4444,46.54439649999999,6.589370699999998
4445,46.5524193,6.6602187
4446,46.582084,6.6194753
4447,46.5329939,6.5582349
4448,46.52321925,6.60957875
4449,46.5232573,6.6124344
4450,46.5228751,6.611267899999999
4451,46.5241594,6.6093772
4452,46.4272281,6.673740100000001
4453,46.5441045,6.600807900000001
4454,46.5230145,6.6282507
4455,46.5261929,6.6197479
4456,46.4965718,6.6439275
4457,46.52730355,6.6217419
4458,46.5360024,6.6289877
4459,46.4902964,6.6459516
4460,46.4872297,6.645199299999999
4461,46.52339635,6.62040105
4462,46.5157007,6.7888692
4463,46.4958797,6.7638227
4464,46.513206,6.6210888
4465,46.5332697,6.634675799999999
4466,46.53878379999998,6.589469199999999
4467,46.5236393,6.6189574
4468,46.5244314,6.6155578
4469,46.5243456,6.6156698
4470,46.5246448,6.6148927
4471,46.5236612,6.6169136
4472,46.524390816666674,6.616532683333335
4473,46.5240025,6.6169519
4474,46.5236882,6.6173313
4475,46.51845195,6.63348695
4476,46.5206889,6.6204756
4477,46.54176535,6.61244135
4478,46.5184827,6.6164692
4479,46.5190657,6.6181224
4480,46.5192135,6.6168301
4481,46.5178619,6.6175291
4482,46.5151073,6.6176896
4483,46.5166932,6.6210034
4484,46.5162171,6.622144
4485,46.5172036,6.6221192
4486,46.5169318,6.6199848
4487,46.5191106,6.6200383
4488,46.5176916,6.6243905
4489,46.5259775,6.6513772
4490,46.5248815,6.661065033333333
4491,46.51107609708333,6.617426320416667
4492,46.50904271616488,6.61574354204301
4493,46.50929250587044,6.61946322125506
4494,46.50700110357143,6.624586564285715
4495,46.5061965,6.62597215
4496,46.5181735,6.6255622
4497,46.5192538,6.6239066
4498,46.59722725,6.65896395
4499,46.5576312,6.6756583
4500,46.5587344,6.6798572
4501,46.5580753,6.679692
4502,46.5565603,6.6791047
4503,46.5630861,6.6821226
4504,46.5604519,6.6812897
4505,46.5632405,6.6823595
4506,46.5594094,6.6805378
4507,46.564369,6.6926645
4508,46.56107096666667,6.695835666666667
4509,46.5624721,6.6975871
4510,46.5660657,6.6963244
4511,46.5667428,6.6971845
4512,46.5671343,6.698129
4513,46.567831,6.7006096
4514,46.5559042,6.7013536
4515,46.5562348,6.7008501
4516,46.5541594,6.698179100000001
4517,46.5545273,6.6980313
4518,46.5540985,6.6964068
4519,46.5581679,6.6970061
4520,46.5583851,6.6977697
4521,46.5590201,6.6984567
4522,46.5588071,6.6975715000000005
4523,46.5589067,6.6964286
4524,46.552333925,6.6985361
4525,46.5503228,6.6949445
4526,46.5538585,6.6948644
4527,46.5495377,6.6898922
4528,46.5402822,6.682698183333334
4529,46.54013035,6.68207455
4530,46.5399176,6.6818634
4531,46.5204116,6.6142339
4532,46.5200025,6.6150485
4533,46.5162644,6.6198091
4534,46.51756215,6.618239966666667
4535,46.5146189,6.6277159
4536,46.5141474,6.6308907
4537,46.5153206,6.6299108
4538,46.5160817,6.6280545
4539,46.5267297,6.650105
4540,46.5236471,6.6533632
4541,46.5237909,6.6532735
4542,46.5247872,6.6604756
4543,46.52388010000001,6.651739
4544,46.5241578,6.6580313
4545,46.5245878,6.6569557
4546,46.521227,6.6578355
4547,46.5328572,6.6602182
4548,46.516937375,6.622493674999999
4549,46.5190236,6.6220082
4550,46.5183941,6.6255132
4551,46.51817715,6.6237397
4552,46.5206224,6.6227735
4553,46.5214346,6.6188496
4554,46.5213243,6.6175853
4555,46.54211376666667,6.612153999999999
4556,46.5181284,6.6192805
4557,46.5158374,6.6167742
4558,46.5276971,6.6360686
4559,46.5154227,6.6149241
4560,46.5206594,6.6248952
4561,46.53056691666667,6.620376966666667
4562,46.5928567,6.6559824
4563,46.5575005,6.6758211
4564,46.5592082,6.6781148
4565,46.5630856,6.6816708
4566,46.5668684,6.698058
4567,46.5670958,6.7020155
4568,46.5542996,6.6963526
4569,46.5543549,6.6955233
4570,46.5584362,6.6975991
4571,46.5548604,6.6875872
4572,46.5453358,6.683778
4573,46.5153174,6.6220967
4574,46.51534585,6.621668414285713
4575,46.519090625000004,6.649082075000001
4576,46.518434565384624,6.636808423076923
4577,46.5263535,6.6224452
4578,46.5125112,6.6375439
4579,46.5170945,6.6393544
4580,46.522027775,6.6361478
4581,46.51711623333333,6.647756466666666
4582,46.5275149,6.6248939
4583,46.5212697,6.6459561
4584,46.52811433333334,6.645179066666667
4585,46.52762016666667,6.6474978
4586,46.511637,6.6115461
4587,46.5237235,6.646036
4588,46.5224302,6.6004006
4589,46.51179927058824,6.60242521764706
4590,46.5152227,6.61380715
4591,46.509112311920845,6.619090762548263
4592,46.5383523,6.6092
4593,46.5319608,6.6085834
4594,46.528872050000004,6.61828445
4595,46.52871519999999,6.61704965
4596,46.5286913,6.6158862
4597,46.5318737,6.6102714
4598,46.52920425,6.610583800000001
4599,46.5291335,6.6093627
4600,46.5309333,6.6110473
4601,46.5309945,6.608764949999999
4602,46.5312795,6.6082848
4603,46.5302733,6.607863
4604,46.529923,6.6080685
4605,46.5305564,6.6078236
4606,46.5295461,6.6098909
4607,46.5307243,6.609203
4608,46.511370025000005,6.61708523
4609,46.5242918,6.6071755
4610,46.5172736,6.6316915
4611,46.5150772,6.6362667
4612,46.5168419,6.6385362
4613,46.517401225,6.6059285
4614,46.5273443,6.6482428
4615,46.5267241,6.647987
4616,46.5265252,6.6481448
4617,46.5260018,6.6476272
4618,46.5259446,6.6479255
4619,46.5253318,6.6476363
4620,46.525212,6.646722
4621,46.5244607,6.6054277
4622,46.5255964,6.6037958
4623,46.5175419,6.5986029
4624,46.5185887,6.6133633
4625,46.5181327,6.61345
4626,46.5184919,6.612693
4627,46.5184646,6.6125237
4628,46.5177713,6.6113368
4629,46.51767225,6.61172625
4630,46.5164872,6.6102196
4631,46.5160308,6.6110587
4632,46.5158744,6.610849
4633,46.5162322,6.6106638
4634,46.5114153,6.6112063
4635,46.703568100000005,6.763865
4636,46.8174238,6.827082399999999
4637,46.7937021,6.9943813
4638,46.7450158,6.8504431
4639,46.5762168,6.8991584
4640,46.5115514,6.6041209
4641,46.5142141,6.6002703
4642,46.51770425,6.6318133249999995
4643,46.5286776,6.6073222
4644,46.5296212,6.6079205
4645,46.5313297,6.6108172
4646,46.5278529,6.6138039
4647,46.5284389,6.6091859
4648,46.5282213,6.6085155
4649,46.5280615,6.6115081
4650,46.5258739,6.6149855
4651,46.5277543,6.6177669
4652,46.5277751,6.6188011
4653,46.5303053,6.6180167
4654,46.5312422,6.6199072
4655,46.5326186,6.6224182
4656,46.5212235,6.6426814
4657,46.5231973,6.6409347
4658,46.5278702,6.6423111
4659,46.5304764,6.6459188
4660,46.5291707,6.645728
4661,46.52711725,6.6418502
4662,46.5237289,6.6410355
4663,46.5217514,6.6438182
4664,46.5214248,6.6441191
4665,46.5225867,6.6470203
4666,46.5229722,6.6472093
4667,46.516716,6.609511
4668,46.5160489,6.6148833
4669,46.5189006,6.61997
4670,46.5088032,6.8384403
4671,46.5243915,6.6079655
4672,46.5254776,6.6069741
4673,46.524958,6.6044757
4674,46.52383805,6.62188395
4675,46.523839,6.6221599
4676,46.51756281666666,6.63472245
4677,46.518174,6.6346115
4678,46.5175568,6.6329137
4679,46.5174415,6.6330493
4680,46.5166692,6.6339638
4681,46.5166571,6.6322439
4682,46.5168757,6.6304011
4683,46.515119,6.6333984
4684,46.5151597,6.6336727
4685,46.5152006,6.633953
4686,46.516647725,6.634258225
4687,46.5172722,6.6364832
4688,46.5168383,6.6367731
4689,46.5151977,6.6360651
4690,46.5183249,6.6346366
4691,46.516323,6.6371327
4692,46.51379585,6.63688695
4693,46.5159639,6.6406153
4694,46.5161935,6.6407462
4695,46.5287677,6.6108387
4696,46.5279234,6.6143866
4697,46.5280239,6.613078
4698,46.51704065,6.616665
4699,46.54216886666666,6.614270083333334
4700,46.5308718,6.618412733333333
4701,46.529793225,6.62750345
4702,46.5232745526455,6.5931058677248675
4703,46.520020841666664,6.597837074999999
4704,46.5185479,6.5987753
4705,46.519576,6.5935129
4706,46.5358473,6.6138639
4707,46.5254526,6.6353017
4708,46.5308145,6.6317442
4709,46.5233916,6.5927663
4710,46.5170695,6.6123186
4711,46.5344322,6.6216447
4712,46.54029565,6.62070965
4713,46.5342125,6.6217853
4714,46.5242356,6.587919666666667
4715,46.524728874999994,6.5872988249999995
4716,46.50887327142857,6.618842385714286
4717,46.5299617,6.6275340499999995
4718,46.5338929,6.662165
4719,46.5399492,6.660330775
4720,46.5396763,6.6675102
4721,46.5075797,6.6262092
4722,46.5126385,6.6227302
4723,46.52566198571429,6.610841661904762
4724,46.5262978,6.6138231
4725,46.5349211,6.6681102
4726,46.51329179166667,6.617926622222222
4727,46.5155554,6.6174818
4728,46.5244762,6.6533374
4729,46.53637468888889,6.649973144444444
4730,46.5265428,6.6130619
4731,46.5318806,6.6153701
4732,46.5399597,6.611534
4733,46.5303757,6.6188785
4734,46.530616650000006,6.614695899999998
4735,46.5250606,6.6278026
4736,46.523673599999995,6.629694300000001
4737,46.5258511,6.6307956
4738,46.5301019,6.6283412
4739,46.53061945,6.6142181
4740,46.5274671,6.6177701
4741,46.529906225,6.62977065
4742,46.5326271,6.6130882
4743,46.5237833,6.6304333
4744,46.5261836,6.6310313
4745,46.5253281,6.6303692
4746,46.5243715,6.6302801
4747,46.5251981,6.6312926
4748,46.52971416666667,6.629263899999999
4749,46.5279618,6.6297669
4750,46.526893799999996,6.62979335
4751,46.5287504,6.6317617
4752,46.52967174166667,6.631790400000001
4753,46.53179539999999,6.6307653
4754,46.5218575,6.6301482
4755,46.526336,6.6273977
4756,46.5235857,6.6253802
4757,46.5236948,6.6247534
4758,46.5279261,6.6187421
4759,46.5311324,6.6154791
4760,46.5327388,6.6142359
4761,46.532371,6.6136987
4762,46.5325084,6.6117024
4763,46.5332645,6.6113944
4764,46.5317838,6.6134835
4765,46.5319786,6.6136657
4766,46.532994,6.611417
4767,46.53208548,6.625955
4768,46.51700240000001,6.656533100000001
4769,46.5235068,6.6244999
4770,46.5070462,6.6091017
4771,46.5297373,6.6314481
4772,46.4739251,6.5269164
4773,46.4577526,6.5026263
4774,46.4434825,6.4956342
4775,46.4008783,6.4951063
4776,46.4330338,6.4932838
4777,46.3803548,6.4541724
4778,46.5353585,6.61295755
4779,46.5226762,6.6298739
4780,46.5305813,6.6144123
4781,46.52050788977392,6.629532299666505
4782,46.5207279,6.6332344
4783,46.52464968,6.6257459
4784,46.5229602,6.6064333
4785,46.5228972,6.6154841
4786,46.52239079999999,6.6247702
4787,46.5207417,6.63474335
4788,46.535037,6.6354458
4789,46.538692,6.6344383
4790,46.5415399,6.6369365
4791,46.52303598333333,6.626215449999999
4792,46.52367795,6.62592875
4793,46.5279653,6.6388609
4794,46.5232733,6.6042472
4795,46.5228026,6.625704
4796,46.5321603,6.6369858
4797,46.5229636,6.6592802
4798,46.5193013,6.6313763
4799,46.5174915,6.6198737
4800,46.5154438,6.628397
4801,46.5217154,6.5810624
4802,46.5192525,6.6213198
4803,46.5188034,6.6215812
4804,46.5191033,6.6270947
4805,46.5194217,6.6289881
4806,46.5216106,6.6271549
4807,46.517662,6.625153700000001
4808,46.52157425,6.61874505
4809,46.5216426,6.6196938
4810,46.53047275,6.6566988999999985
4811,46.5191921,6.6178183
4812,46.5195763,6.6172221
4813,46.526030999999996,6.657396016666667
4814,46.538670599999996,6.627646600000001
4815,46.5347414,6.6692745
4816,46.519843449999996,6.65024195
4817,46.519723,6.6503521
4818,46.5196008,6.6516143
4819,46.51887585,6.65578625
4820,46.5131758,6.6353857
4821,46.5127433,6.6381063
4822,46.5121941,6.640761
4823,46.5108874,6.640086
4824,46.5113671,6.633249
4825,46.5299806,6.6245286
4826,46.5295837,6.6221145
4827,46.5268192,6.62376815
4828,46.52643375833333,6.623205133333333
4829,46.5282788,6.6200511
4830,46.515431975,6.649027075
4831,46.5153737,6.647222
4832,46.5152641,6.6467239
4833,46.5129026,6.6449117
4834,46.51869025,6.638533750000001
4835,46.50765873125001,6.627505164583334
4836,46.5285906,6.6238173
4837,46.5192122,6.638661600000001
4838,46.5191441,6.656328966666667
4839,46.5128918,6.636757749999999
4840,46.5339985,6.6254565
4841,46.5407346,6.61774665
4842,46.539399826,6.621023038
4843,46.5265775,6.6038029
4844,46.5413377,6.6176344
4845,46.52591245,6.600073549999999
4846,46.53627461,6.619465173333334
4847,46.5293761,6.5957222
4848,46.506221,6.6262032
4849,46.5237823,6.6019804
4850,46.5295052,6.5952338
4851,46.5205674,6.5978085
4852,46.528056,6.5979841
4853,46.525342,6.633488266666667
4854,46.52884355,6.63017825
4855,46.5231961,6.628212749999999
4856,46.53267,6.6353205
4857,46.52340752222222,6.627580099999999
4858,46.5219454,6.6218457
4859,46.5289391,6.5968305
4860,46.37072369999999,8.2662222
4861,46.529588,6.6419163
4862,46.5220737,6.6289763
4863,46.52483935,6.6136181
4864,46.5295433,6.6415648
4865,46.529405350000005,6.6416975
4866,46.5371616,6.620663666666666
4867,46.59675779999999,6.599573099999999
4868,46.5233175,6.6134029
4869,46.52082485,6.614266199999999
4870,46.5206499,6.63265415
4871,46.52237345,6.6158774000000005
4872,46.5308693,6.6359269
4873,46.52231915,6.6294509
4874,46.5249912,6.6209994
4875,46.51856776285714,6.625311614285715
4876,46.5197976,6.6147711
4877,46.5468589,6.6152106
4878,46.5299611,6.6610858
4879,46.518970800000005,6.6241017
4880,46.5143081,6.628329
4881,46.529826400000005,6.66023735
4882,46.515919100000005,6.6181771000000005
4883,46.520635,6.6265042
4884,46.5213845,6.6235437
4885,46.538244014444444,6.6232897388888885
4886,46.52526445,6.66043655
4887,46.5272141,6.6555077
4888,46.544987160000005,6.620425539999999
4889,46.511643166666666,6.618828699999999
4890,46.5391983,6.6214449
4891,46.5203195,6.6416769
4892,46.5203806,6.6439391
4893,46.51748855,6.6451232000000005
4894,46.5163336,6.6493166
4895,46.51665623333333,6.649446666666667
4896,46.5167585,6.6501845
4897,46.5150012,6.653248550000001
4898,46.5152578,6.650499
4899,46.5143576,6.6528909
4900,46.5154135,6.6486246
4901,46.51303985,6.644753
4902,46.5131304,6.6455053
4903,46.5134298,6.6510829
4904,46.513389275,6.64610305
4905,46.5154902,6.64196
4906,46.5170823,6.6474916
4907,46.5194762,6.644762781818182
4908,46.5202734,6.6444189
4909,46.51519215,6.649267050000001
4910,46.5150406,6.6470269
4911,46.5148454,6.6459526
4912,46.5132952,6.6472395
4913,46.5202994,6.632776233333334
4914,46.5202313,6.632551266666667
4915,46.51972205,6.632292425
4916,46.5210549,6.6311159
4917,46.52918795,6.6213351
4918,46.519198842857136,6.640284842857143
4919,46.5191755,6.6414789
4920,46.5187625,6.6412698500000005
4921,46.518212975,6.6404848
4922,46.5179011,6.6405924
4923,46.5176052,6.6399255
4924,46.5175317,6.6403087
4925,46.5170755,6.6400177
4926,46.5206252,6.640129
4927,46.521422225,6.6395497
4928,46.52167504863013,6.640588839726027
4929,46.5208828,6.6409286
4930,46.5215214,6.6392615
4931,46.5197749,6.6397998
4932,46.519645125,6.6381574500000005
4933,46.5233437,6.6371452
4934,46.5229803,6.637142750000001
4935,46.52251076666667,6.636068433333333
4936,46.5246518,6.635873140000001
4937,46.5249238,6.6347101
4938,46.5199898,6.630567733333334
4939,46.519694400000006,6.63599625
4940,46.5210138,6.6315281
4941,46.5310989,6.6221869
4942,46.5309601,6.6220367
4943,46.5130449,6.6552156
4944,46.5142119,6.654578
4945,46.5139253,6.6515841
4946,46.5156893,6.6498713
4947,46.5135913,6.655697
4948,46.51433115,6.651324000000001
4949,46.5146888,6.653764525
4950,46.5149947,6.6488351
4951,46.51504875,6.64861335
4952,46.5150673,6.6489683
4953,46.5139568,6.6447381
4954,46.51337685,6.645638399999999
4955,46.513983,6.6475907
4956,46.5138987,6.6474135
4957,46.5137776,6.6467656
4958,46.5143159,6.6477471
4959,46.5216414,6.6468059
4960,46.52027563333333,6.648350700000001
4961,46.5179255,6.6524656
4962,46.5158653,6.6419555
4963,46.5117816,6.6368447
4964,46.5122297,6.6368206
4965,46.5128739,6.6357268
4966,46.5102607,6.6373014
4967,46.5107699,6.6374103
4968,46.5129151,6.6373447500000005
4969,46.5123803,6.6418651
4970,46.5120381,6.6426103
4971,46.5108815,6.6408876
4972,46.5111655,6.6395359
4973,46.51122165,6.6380848
4974,46.511385950000005,6.63816115
4975,46.5115013,6.6383314
4976,46.5105091,6.6404699
4977,46.51046854285714,6.6358371571428565
4978,46.5104668,6.6369685
4979,46.5085426,6.6362539
4980,46.51141975,6.6334788
4981,46.5197739,6.6310588
4982,46.5195131,6.63838445
4983,46.5189383,6.6393558
4984,46.5186637,6.640184
4985,46.5177415,6.6409632
4986,46.517053225,6.639582750000001
4987,46.5169758,6.6389425
4988,46.517095,6.6387771
4989,46.5167004,6.6386547
4990,46.518346750000006,6.6388747
4991,46.5183586,6.63917115
4992,46.517840750000005,6.6394055000000005
4993,46.5200777,6.6384236
4994,46.51992908,6.638086820000001
4995,46.519769,6.63799225
4996,46.5216308,6.6390991
4997,46.5220347,6.64037665
4998,46.5199644,6.63967935
4999,46.5235505,6.636364
5000,46.523256,6.636956333333333
5001,46.5227986,6.6350998
5002,46.5259096,6.6353847
5003,46.5223261,6.6358517
5004,46.51943605,6.63111735
5005,46.5197056,6.6343618
5006,46.5195479,6.6332177
5007,46.51951592499999,6.633592
5008,46.52088646666667,6.631246
5009,46.5219502,6.6315752
5010,46.5284429,6.6235095
5011,46.5282864,6.6240667
5012,46.5294911,6.6201661
5013,46.5285198,6.621200399999999
5014,46.5283338,6.6210381
5015,46.5281037,6.6207212
5016,46.52776145,6.62205285
5017,46.5255698,6.6225798
5018,46.5266835,6.6209677
5019,46.5266487,6.621551
5020,46.526361,6.621546
5021,46.5268358,6.6207971
5022,46.5283216,6.6192516
5023,46.5281317,6.61897615
5024,46.5279814,6.6189867
5025,46.5276085,6.6183411
5026,46.5283026,6.617927
5027,46.528554,6.6197279
5028,46.5284399,6.6200404
5029,46.5256706,6.6268508
5030,46.5254363,6.6258409
5031,46.5272738,6.597417000000002
5032,46.5173937,6.63965295
5033,46.5170701,6.6397874
5034,46.5168952,6.6400169
5035,46.5184597,6.6402383
5036,46.518698400000005,6.6381008
5037,46.5201599,6.6385702
5038,46.5191649,6.6457244
5039,46.52091826666666,6.639947966666667
5040,46.5200711,6.6387371
5041,46.5228676,6.6355174
5042,46.5246927,6.6354683
5043,46.5222682,6.6364424
5044,46.52389255,6.63641765
5045,46.5245755,6.6352825
5046,46.5334162,6.6287188
5047,46.5326148,6.6295218
5048,46.5288738,6.6253775
5049,46.5287574,6.6240995
5050,46.5274112,6.6243873
5051,46.5265347,6.6237591
5052,46.5271023,6.6240068
5053,46.5296121,6.6201029
5054,46.5289174,6.621993
5055,46.5296453,6.6214827
5056,46.5275696,6.6201301
5057,46.5285917,6.6187668
5058,46.52570485,6.6224463
5059,46.5259654,6.6243259
5060,46.5192925,6.6309717
5061,46.5181359,6.64000335
5062,46.5179934,6.6396882
5063,46.5197158,6.64192145
5064,46.521021725,6.639704
5065,46.5210322,6.6390494
5066,46.5248052,6.635632
5067,46.5249433,6.6349437
5068,46.5122532,6.6308181
5069,46.5119743,6.6307949
5070,46.5116511,6.6307348
5071,46.5114312,6.6304028
5072,46.511558,6.6301511
5073,46.5084598,6.6283136
5074,46.50736815,6.628237
5075,46.5072568,6.6284403
5076,46.5069547,6.6278624
5077,46.508926,6.6284767
5078,46.5094467,6.6283986
5079,46.5100504,6.6289352
5080,46.5132393,6.6315328
5081,46.5130529,6.6329035
5082,46.5132059,6.6331456
5083,46.5152118,6.6323332
5084,46.5153298,6.6323689
5085,46.5203475,6.6453534
5086,46.5182904,6.6455368
5087,46.5177053,6.6449602
5088,46.5162533,6.6479838
5089,46.517997,6.6532955
5090,46.5178803,6.6534207
5091,46.5221097,6.6548366
5092,46.5231201,6.6537215
5093,46.521735500000005,6.65308735
5094,46.5217997,6.6518306
5095,46.5202932,6.6586181
5096,46.5192436,6.6557286
5097,46.5150927,6.6539294
5098,46.5146791,6.6533136
5099,46.514628,6.6430838
5100,46.5174377,6.6460841
5101,46.521123349999996,6.6467442000000005
5102,46.5199688,6.6308721
5103,46.5203726,6.6311482
5104,46.5202576,6.6310538
5105,46.5178395,6.6397328
5106,46.5176994,6.638607
5107,46.5177033,6.638437
5108,46.5204944,6.6367844
5109,46.5185529,6.6379828
5110,46.5230904,6.6369628
5111,46.5228683,6.6365954
5112,46.5323302,6.6442044
5113,46.5225403,6.6363921
5114,46.5255994,6.635678
5115,46.5217409,6.6492603
5116,46.5111833,6.639763
5117,46.5113296,6.6388312
5118,46.5112052,6.637878150000001
5119,46.5106766,6.6365952
5120,46.5121919,6.6332167
5121,46.51841646666667,6.639549166666666
5122,46.52105345,6.6394346
5123,46.5264686,6.6488269
5124,46.5245106,6.60525825
5125,46.70961950000002,7.135146199999999
5126,46.5170758,6.6333009
5127,46.5171884,6.6322678
5128,46.5172616,6.6358891
5129,46.517050866666665,6.6365349
5130,46.5163449,6.636870350000001
5131,46.51495056666666,6.63728
5132,46.5271192,6.6154192
5133,46.36840049999999,8.266903100000004
5134,46.5298573,6.6485365
5135,46.52936995,6.646739800000001
5136,46.5184397,6.61345115
5137,46.5170938,6.6067458
5138,46.516898,6.6097574
5139,46.5168292,6.610333
5140,46.51674155,6.61425195
5141,46.5176555,6.63276805
5142,46.51594551071429,6.636416596428572
5143,46.5172322,6.6378845
5144,46.5165526,6.6400164
5145,46.5145283,6.637986
5146,46.5327101,6.6105452
5147,46.5245345,6.61675535
5148,46.557451,6.664868199999999
5149,46.5751747,6.6661427
5150,46.56965679999999,6.6645807
5151,46.1319648,6.2554737
5152,46.1260625,6.1983899
5153,46.123157,6.1859578
5154,46.1116199,6.1384189
5155,46.0993896,6.0506837
5156,46.0948825,6.0829812
5157,46.12077870000001,6.1521602
5158,46.0938382,6.1074034
5159,46.5389763,6.6791154
5160,46.5638394,6.6986632
5161,46.5657193,6.696159
5162,46.554974,6.6875141
5163,46.552213,6.6918544
5164,46.5422357,6.679255
5165,46.50641673333334,6.636277166666666
5166,46.52796318125,6.59810820625
5167,46.5238103,6.6024023
5168,46.52713163333334,6.603211766666667
5169,46.516968675,6.6058839
5170,46.5144494,6.6325676
5171,46.5310422,6.6316173
5172,46.53720909999999,6.610003699999999
5173,46.5217705,6.6024788
5174,46.5238445,6.590169
5175,46.5242274,6.5872767
5176,46.5209441,6.5944612
5177,46.52217440000001,6.595232199999999
5178,46.52231393333333,6.5906191000000005
5179,46.5199124,6.627201200000001
5180,46.5279978,6.5986711499999995
5181,46.526982,6.6157592
5182,46.5270987,6.6156009
5183,46.5183354,6.6080897
5184,46.526363,6.6287137000000005
5185,46.5122087,6.6350264
5186,46.5080702,6.6284393
5187,46.5287502,6.5980277
5188,46.5273502,6.6157643
5189,46.5259374,6.6517614
5190,46.5348517,6.6493246
5191,46.527527,6.6110134
5192,46.5259449,6.6095074
5193,46.5242368,6.6272198
5194,46.5264957,6.6281254
5195,46.52831195,6.631108449999999
5196,46.5325217,6.6187473
5197,46.53269465,6.61281315
5198,46.5252376,6.6270072
5199,46.5269447,6.6305692
5200,46.5323037,6.6315169
5201,46.531682450000005,6.61521445
5202,46.5350345,6.6129836
5203,46.5832524,6.638199050000001
5204,46.58350025,6.63847085
5205,46.5842627,6.6394811
5206,46.58459685,6.64063915
5207,46.58417235,6.6428479
5208,46.584061399999996,6.64309355
5209,46.5843449,6.6448265
5210,46.585119,6.6426604000000005
5211,46.5856268,6.6428444
5212,46.585847775000005,6.64295385
5213,46.58727825714285,6.642347342857143
5214,46.5870928,6.6438661
5215,46.587505037499994,6.6441612625
5216,46.588318099999995,6.644764875
5217,46.58744395,6.6466769
5218,46.586864675,6.6463637250000005
5219,46.58671725,6.645054025
5220,46.587468975,6.6455757
5221,46.588024925,6.64595575
5222,46.588635350000004,6.64424485
5223,46.58876911666667,6.6438281
5224,46.58859865416667,6.643153183333334
5225,46.58918226666666,6.643229266666666
5226,46.5897917,6.644322175
5227,46.59101975,6.64678735
5228,46.59057275,6.646209750000001
5229,46.58979755,6.6433348500000005
5230,46.589790699999995,6.6425842
5231,46.5903657,6.64254165
5232,46.5898926,6.6421324
5233,46.58897705,6.64251705
5234,46.5900754,6.6407155
5235,46.588616875,6.639559575
5236,46.588127,6.6393782
5237,46.5891253,6.6379965
5238,46.589134130000005,6.64003978
5239,46.58884615,6.6414014875
5240,46.58790243333334,6.64192305
5241,46.58527533333333,6.6389511500000005
5242,46.585381125,6.638442725
5243,46.58544145,6.638080349999999
5244,46.5855168,6.6356055000000005
5245,46.586141925,6.636169975
5246,46.5863915,6.6374695
5247,46.58747975,6.63657445
5248,46.5879229,6.6395002
5249,46.58699105,6.6398171999999995
5250,46.5871595,6.639860049999999
5251,46.5874125,6.6400587
5252,46.5875417,6.641159725
5253,46.5866423,6.6383336250000005
5254,46.58658895,6.6386794
5255,46.5840858,6.6393229
5256,46.5834008,6.6356164500000006
5257,46.5824242,6.6320137
5258,46.58247601517857,6.631685139285714
5259,46.5841654,6.6384863
5260,46.58483085,6.63923205
5261,46.5835015,6.6444685
5262,46.583373,6.644959225
5263,46.5837142,6.646375300000001
5264,46.5839326,6.6465643
5265,46.5839884,6.6467294
5266,46.583893225,6.64706395
5267,46.5828102,6.64632735
5268,46.582058958333334,6.6447019
5269,46.5822919,6.6437349
5270,46.5837009,6.6407274
5271,46.58153215,6.646670125
5272,46.581233025,6.646433275
5273,46.582547399999996,6.64033955
5274,46.58221415,6.64047965
5275,46.58006245,6.6409453
5276,46.579775025,6.640992075
5277,46.57893585,6.64147195
5278,46.577087399999996,6.64071465
5279,46.577128099999996,6.637078675
5280,46.57702715,6.6375077000000005
5281,46.5769538,6.6379258
5282,46.5770098,6.6392141
5283,46.57724225,6.63938785
5284,46.577591825,6.639638025
5285,46.5781255,6.6384897
5286,46.578391425,6.637225575
5287,46.57849295,6.635642499999999
5288,46.580235025,6.63680135
5289,46.5810273,6.6375952
5290,46.58127265,6.638299325
5291,46.581412362500004,6.639251600000001
5292,46.5830344,6.6389139
5293,46.5828385,6.6384606
5294,46.5958169,6.6080091
5295,46.598011916666664,6.609981266666667
5296,46.5990112,6.60767205
5297,46.6006727,6.6076687
5298,46.5997109,6.6175593
5299,46.598935499999996,6.6122194499999996
5300,46.523136925,6.62956145
5301,46.52317985,6.617093188235295
5302,46.5212841,6.608581
5303,46.52557602499999,6.638765225
5304,46.5322622,6.6367579
5305,46.5184923,6.6384157
5306,46.5223915,6.6360162
5307,46.5239507,6.6362576
5308,46.52406555,6.635353500000001
5309,46.5248279,6.634944099999999
5310,46.5192718,6.6336653
5311,46.52815444444444,6.6255044000000005
5312,46.5262311,6.6228543
5313,46.5352407,6.6339184
5314,46.5206515,6.631493
5315,46.5210335,6.627586
5316,46.5865083,6.6462504
5317,46.588402900000006,6.64411325
5318,46.58877055,6.6432679
5319,46.58982805,6.64482405
5320,46.5898885,6.645116875
5321,46.5901083,6.6398971
5322,46.5883677,6.6394962
5323,46.5851557125,6.6394674125
5324,46.5856628,6.6364911
5325,46.5857796,6.6359706
5326,46.5865248,6.6363057
5327,46.5869743,6.6368761
5328,46.5876856,6.6401447000000005
5329,46.5878473,6.6403725
5330,46.5839984,6.6383423
5331,46.5829134,6.6431808
5332,46.5831972,6.6456361
5333,46.5836864,6.6477073
5334,46.58292255,6.6472771
5335,46.583361749999995,6.64047145
5336,46.5797235,6.6459034
5337,46.5814896,6.6427755
5338,46.5827721,6.6403366
5339,46.5817084,6.64048375
5340,46.5239907,6.6044059
5341,46.5394688,6.6433202
5342,46.522845200000006,6.61937625
5343,46.5219403,6.6109804
5344,46.5200048,6.6229187
5345,46.5242,6.6270393
5346,46.5251345,6.6210002
5347,46.52535915,6.620637
5348,46.5164943,6.6257096
5349,46.51390914,6.618383945
5350,46.5184603,6.626691699999999
5351,46.518165675000006,6.633862816666667
5352,46.5183527,6.6280086
5353,46.539485875,6.621273875
5354,46.5348301,6.6171472
5355,46.51701915,6.62540975
5356,46.5195971,6.6195353
5357,46.53931295,6.6214698
5358,46.53764215,6.614327599999999
5359,46.550912,6.61898085
5360,46.520952,6.6243569
5361,46.5346329,6.617191833333333
5362,46.5179006,6.6220853
5363,46.53924361818181,6.62110520909091
5364,46.53152304,6.6214731
5365,46.5466039,6.6152492
5366,46.5199304,6.6226929
5367,46.519214,6.6361256
5368,46.517944,6.6528278
5369,46.5218941,6.6360426
5370,46.5192082,6.6363452
5371,46.5170267,6.6526653
5372,46.52246,6.6529505
5373,46.5215344,6.653265
5374,46.5220294,6.6520756500000005
5375,46.5191468,6.6572902
5376,46.5160593,6.65260375
5377,46.5155232,6.6532077
5378,46.5141768,6.653727
5379,46.513774,6.6524755
5380,46.5151585,6.6486889
5381,46.5136587,6.6501927
5382,46.5157465,6.6494218
5383,46.5165028,6.646258
5384,46.519447850000006,6.64546935
5385,46.5174451,6.6463469
5386,46.520387,6.6478754
5387,46.5181426,6.6521474
5388,46.5183617,6.6514839
5389,46.5125284,6.6373619
5390,46.5116126,6.6411698
5391,46.5113657,6.641192
5392,46.5113408,6.64078
5393,46.5111245,6.6405499
5394,46.5111764,6.640291
5395,46.5107717,6.6363142
5396,46.510247,6.6357392
5397,46.5079854,6.6397837
5398,46.5136613,6.6336684
5399,46.5204017,6.63846
5400,46.5221339,6.6351544
5401,46.5245383,6.6354977
5402,46.5275904,6.6239429
5403,46.5267133,6.623924
5404,46.5312653,6.622469
5405,46.5289295,6.6212025
5406,46.5278773,6.6221648
5407,46.5275064,6.6209674
5408,46.5277234,6.6205734
5409,46.5228996,6.6543753
5410,46.5110071,6.635828
5411,46.5121349,6.6405678
5412,46.5121745,6.6414118
5413,46.5185374,6.6450143
5414,46.5209541,6.6407707
5415,46.5229961,6.634063
5416,46.5232229,6.6347334
5417,46.529445,6.6221253
5418,46.5296877,6.6224662
5419,46.5298327,6.622302550000001
5420,46.526819,6.6223032
5421,46.5258856,6.6230433
5422,46.5149201,6.6504897
5423,46.5149086,6.649666
5424,46.5141834,6.651949
5425,46.5141191,6.6492368
5426,46.5145031,6.6504978
5427,46.5209004,6.6391919
5428,46.5246237,6.6361018
5429,46.5203216,6.6340471
5430,46.519007,6.6354566
5431,46.5190869,6.6358857
5432,46.5219997,6.6313519
5433,46.5311778,6.62423785
5434,46.5299166,6.6242561
5435,46.5274013,6.6249265
5436,46.5291277,6.6251778
5437,46.5290363,6.623478
5438,46.5268503,6.6233487
5439,46.5302472,6.6213443
5440,46.5289119,6.6178162
5441,46.5275174,6.6222162
5442,46.5257663,6.6236024
5443,46.5252799,6.6244215
5444,46.5223497,6.6525477
5445,46.5222157,6.6526456
5446,46.5215217,6.6529258
5447,46.5516804,6.713065
5448,46.5196542,6.6446199
5449,46.5186999,6.6370708
5450,46.5304319,6.6249518
5451,46.530087,6.6243783
5452,46.5302635,6.6238374
5453,46.5270751,6.621684
5454,46.5253566,6.6229912
5455,46.5246502,6.6253112
5456,46.5126528,6.6384962
5457,46.5112623,6.6400548
5458,46.52108485,6.6367333
5459,46.5217106,6.6367157
5460,46.52169610000001,6.638902466666667
5461,46.5217441,6.6349956
5462,46.51854485,6.64181265
5463,46.5195626,6.6394093
5464,46.5198641,6.6353492
5465,46.5198461,6.63505755
5466,46.5203622,6.63385
5467,46.5215557,6.63550125
5468,46.50972146666667,6.616080766666667
5469,46.5276896,6.59859005
5470,46.5288005,6.5995353
5471,46.5147351,6.6105116
5472,46.5270078,6.6165205
5473,46.50778288333333,6.629329483333334
5474,46.5126029,6.6296401
5475,46.5268949,6.6158867
5476,46.536493,6.6190659
5477,46.5126487,6.6244767
5478,46.5370656,6.66499
5479,46.537515866666666,6.657301933333333
5480,46.52663335,6.609852675
5481,46.52329823900493,6.629444440140115
5482,46.5212419,6.6128353
5483,46.54184575,6.644712650000001
5484,46.5215051,6.6325951
5485,46.5406304,6.6432988
5486,46.5228671,6.6302973
5487,46.5248766,6.6261566
5488,46.5289153,6.6359038
5489,46.5400882,6.6428511
5490,46.5225662,6.6257705
5491,46.5337,6.634207
5492,46.5394737,6.6439497
5493,46.5222863,6.6253199
5494,46.51711765,6.62016025
5495,46.53130049090909,6.6561429636363645
5496,46.515336,6.6304254
5497,46.528608,6.6602203
5498,46.53872023333333,6.621592566666667
5499,46.5185006,6.6238593
5500,46.517699,6.65314735
5501,46.5175917,6.6529881
5502,46.52799737857144,6.625771092857143
5503,46.5183039,6.6483902
5504,46.5125252,6.638189
5505,46.5186988,6.6481421
5506,46.531005395744685,6.631251757446808
5507,46.5305987,6.6243672
5508,46.5236238,6.6453764
5509,46.5212389,6.6456666
5510,46.52539955,6.6044269
5511,46.518234725,6.61276295
5512,46.5213047,6.6420334
5513,46.523821,6.6445939
5514,46.5277715,6.641706566666667
5515,46.5263504,6.6192955
5516,46.5272633,6.617789
5517,46.52680515,6.61918205
5518,46.5281571,6.6149191
5519,46.5262003,6.6167115
5520,46.525929250000004,6.618406825
5521,46.5254999,6.6203815
5522,46.5317967,6.6106233
5523,46.52800695,6.6483632
5524,46.5241776,6.6073778
5525,46.51778425,6.6361113
5526,46.5180804,6.6340314
5527,46.5312101,6.6312948
5528,46.5238711,6.60148885
5529,46.508111766666666,6.6272945000000005
5530,46.5282083,6.596742
5531,46.524347225,6.587616525
5532,46.5082426,6.6291869
5533,46.5180138,6.6075068
5534,46.5277804,6.5993607
5535,46.5283211,6.5968347
5536,46.5282238,6.5986876
5537,46.5266432,6.6341862
5538,46.5192245,6.5993605
5539,46.531302,6.6280157
5540,46.5069244,6.6291003
5541,46.5199892,6.6254669
5542,46.5254381,6.6346222
5543,46.5241794,6.6287289
5544,46.5241147,6.6291569
5545,46.5112528,6.6173313
5546,46.5252916,6.612837433333333
5547,46.5223794,6.6577721
5548,46.5267149,6.6516816
5549,46.5396976,6.665037
5550,46.5349538,6.657065
5551,46.5129435,6.62585085
5552,46.5255279,6.6284112
5553,46.5323003,6.6312874
5554,46.53177765,6.6154931
5555,46.5306854,6.62883225
5556,46.5265807,6.6285315
5557,46.524619,6.6289039
5558,46.5265882,6.6200491
5559,46.533946,6.6116705
5560,46.5263824,6.6260536
5561,46.5218703,6.6259378
5562,46.52323418,6.6299432
5563,46.52226445,6.605149633333333
5564,46.53120943333334,6.634014099999999
5565,46.5301504,6.634095
5566,46.53382285,6.63539165
5567,46.540909,6.643467
5568,46.529984,6.634088
5569,46.5283346,6.6387344
5570,46.5235802,6.6289259
5571,46.536295,6.6191466
5572,46.5852938,6.6427341
5573,46.5859553,6.6430601
5574,46.58424795,6.644685750000001
5575,46.58728714,6.64270386
5576,46.5872572,6.6465915
5577,46.5871288,6.6465225
5578,46.5888965,6.6441401
5579,46.5884581,6.6429996
5580,46.5898369,6.6419141
5581,46.5902209,6.6426377
5582,46.5897823,6.639721
5583,46.5886118,6.6377824
5584,46.5893005,6.6391392
5585,46.5858409,6.6371378
5586,46.5866897,6.6380316
5587,46.5860195,6.6402876
5588,46.5855701,6.6382048
5589,46.5835928,6.6385969
5590,46.5825303,6.6461697
5591,46.5821021,6.6459162
5592,46.5817972,6.6426089
5593,46.582176,6.6425356
5594,46.57684,6.6391682
5595,46.5798373,6.6371427
5596,46.6007898,6.6075496
5597,46.600525,6.61000255
5598,46.60088675,6.6105247
5599,46.6011932,6.6107707
5600,46.6013013,6.6110927
5601,46.6002948,6.6123763
5602,46.60109965,6.6137365500000005
5603,46.6018825,6.6150684
5604,46.6014558,6.6148344
5605,46.5222113,6.6214245
5606,46.523148,6.6286044
5607,46.5288829,6.6145894
5608,46.5205783,6.6223693
5609,46.5251384,6.6590031
5610,46.5193939,6.6173829
5611,46.5137994,6.6298082
5612,46.5327094,6.6556587
5613,46.51401115,6.6283718
5614,46.5326632,6.6520865
5615,46.51723596666667,6.6240178
5616,46.5265935,6.6489624
5617,46.507512,6.6399041
5618,46.5283087,6.6330618
5619,46.52863772857143,6.620511748571428
5620,46.5279428,6.6193246
5621,46.5192298,6.6345251
5622,46.5253846,6.6245953
5623,46.5216451,6.6305683
5624,46.5196673,6.6514191
5625,46.5109235,6.6381475
5626,46.5251772,6.62468615
5627,46.5121953,6.6387898
5628,46.5180699,6.6443506
5629,46.5137554,6.6330345
5630,46.52884105,6.6247178
5631,46.5279448,6.6479704
5632,46.5150235,6.6145305
5633,46.5142453,6.6371915
5634,46.5140918,6.6371588
5635,46.52530056875,6.61812094375
5636,46.5143209,6.6153895
5637,46.5160152,6.6410808
5638,46.516303,6.6413266
5639,46.5347467,6.61528745
5640,46.5269779,6.6415629
5641,46.5316723,6.6486849
5642,46.5158971,6.638109
5643,46.5223532,6.6421822
5644,46.5303991,6.6461147
5645,46.5237262,6.6233625
5646,46.519048,6.6339596400000005
5647,46.5265123,6.6181048
5648,46.52859305,6.60510395
5649,46.5235412,6.6269034
5650,46.53170403333333,6.625808466666666
5651,46.5311781,6.6244737
5652,46.524529,6.6334882
5653,46.53216282142857,6.62786307142857
5654,46.5304278,6.6274607
5655,46.5269863,6.603471150000001
5656,46.52824465,6.597708
5657,46.5176389,6.6128873
5658,46.5193151,6.612875
5659,46.5062897,6.5791111
5660,46.5365224,6.6111361
5661,46.5315162,6.6260574
5662,46.5329617,6.6170749
5663,46.5271349,6.6098152
5664,46.5192684,6.5367798
5665,46.523818,6.459273199999999
5666,46.52484,6.6199498
5667,46.52768215,6.6084404
5668,46.51888045,6.6365339
5669,46.5230749,6.6493036
5670,46.5236982,6.6496215
5671,46.5232152,6.6490792
5672,46.5377403,6.66394095
5673,46.5272245,6.6058885
5674,46.5244636,6.6489746
5675,46.5251862,6.649316
5676,46.5256105,6.6497517
5677,46.5261137,6.6500073
5678,46.5256678,6.6522446
5679,46.5251645,6.6518827
5680,46.5257944,6.6523178
5681,46.5137235,6.6201844
5682,46.507834900000006,6.62558385
5683,46.5216364,6.5843789
5684,46.52274950000001,6.5805675
5685,46.5198159,6.5674667
5686,46.5209469,6.5668938
5687,46.521021025,6.56720685
5688,46.5210114,6.565418200000001
5689,46.5212503,6.565501033333334
5690,46.5194641,6.577388
5691,46.5199418,6.5632785
5692,46.525171920000005,6.5657554000000005
5693,46.5226177125,6.567303625
5694,46.5202517,6.5640322
5695,46.5282302,6.6304081
5696,46.52332750000001,6.630617099999999
5697,46.5326809,6.6335275
5698,46.5303469,6.626491
5699,46.53177136666667,6.6285499
5700,46.5130421,6.6144313
5701,46.5191412,6.6041153
5702,46.5258702,6.6261006
5703,46.5349985,6.6117035
5704,46.5338095,6.6113594
5705,46.5343301,6.6115713
5706,46.5306148,6.6181576
5707,46.5346146,6.6145533
5708,46.5326301,6.6172239
5709,46.53121430000001,6.6180801
5710,46.5458564,6.5885526
5711,46.51290089999999,6.622434499999999
5712,46.5293355,6.6332862
5713,46.5318695,6.6378614
5714,46.53204186666667,6.628656533333333
5715,46.5177379,6.8812284
5716,46.5218495,6.9018995
5717,46.5288223,6.946286299999999
5718,46.5324802,6.6133065
5719,46.5295382,6.6176513
5720,46.5334964,6.6139496
5721,46.5264803,6.6326457
5722,46.5289859,6.6525044
5723,46.5589133,6.6637522
5724,46.5657241,6.6679984
5725,46.5291274,6.6276012
5726,46.5439952,6.6305066
5727,46.5688712,6.6183497
5728,46.5333874,6.6051004
5729,46.5206547,6.5757719
5730,46.5211874,6.5462043
5731,46.6092993,6.526403
5732,46.5258696,6.6217956
5733,46.5319615,6.6417869
5734,46.52637060000001,6.660435500000002
5735,46.526821,6.6307619
5736,46.5492463,6.6254892
5737,46.5555256,6.6159573
5738,46.5214877,6.5996697
5739,46.5027662,6.5920745
5740,46.4623701,6.5545544
5741,46.4577091,6.5326808000000005
5742,46.552992200000006,6.4544736
5743,46.5213133,6.610217
5744,46.5272574,6.611861500000001
5745,46.544827100000006,6.647310900000001
