cluster,centroid_lat,centroid_lon
0,46.52778999999999,6.597920000000002
1,46.52841769583334,6.604607133035714
2,46.52641439285715,6.609641059523809
3,46.526430226470964,6.610363595031567
4,46.526325648262976,6.612295597581169
5,46.52623188750001,6.614252990972222
6,46.52616507407407,6.615940272222223
7,46.526081657888476,6.616679468533834
8,46.52461776363637,6.6153841575757575
9,46.524746872727285,6.614666010606061
10,46.52559757,6.6110841591666665
11,46.52471425586112,6.612496248095238
12,46.52453837236961,6.613893225873015
13,46.521103140079354,6.620720459722222
14,46.520749395454544,6.621388665909091
15,46.52372483525641,6.619653125
16,46.52370536785714,6.621006992261905
17,46.52373115128204,6.6214162384615385
18,46.52365642727273,6.622269660606062
19,46.523645404545455,6.6231699636363635
20,46.52472141333333,6.621604661666668
21,46.525081997549016,6.620747519607843
22,46.525332938351845,6.620191232212964
23,46.52559858434066,6.619599020217744
24,46.52626794042858,6.61906695195238
25,46.52652663888889,6.618751994444445
26,46.52698647764228,6.618061458069106
27,46.52734601666667,6.617585290909091
28,46.5276443360107,6.6173020939073774
29,46.527907452380944,6.616504108333333
30,46.528585445277784,6.6150228449999995
31,46.529824457500006,6.613689914166667
32,46.53128285773646,6.614503214839986
33,46.53161694615385,6.6140532961538465
34,46.5313668165528,6.613606832784679
35,46.53109700166667,6.613136918333334
36,46.531511342592594,6.612283957037038
37,46.532475954865426,6.611559971635609
38,46.533299407356324,6.610900699597701
39,46.53419768248727,6.611410052129913
40,46.534676617777784,6.612304860000001
41,46.53433174003869,6.612559198684524
42,46.533599462293964,6.611803697397741
43,46.53286056057359,6.612405161963686
44,46.53256399621315,6.613511325385487
45,46.532224925,6.613568775
46,46.53185118162056,6.613068603378161
47,46.5318844,6.612727
48,46.53300967166666,6.613917753819444
49,46.533002588708825,6.612957223129116
50,46.53366286705285,6.612477517378048
51,46.54004661212121,6.61093338030303
52,46.5398755198718,6.610217082692307
53,46.534957661904755,6.613199822619049
54,46.533782721158005,6.6139254591450225
55,46.53286949107143,6.614535274404764
56,46.53212915555555,6.615007699999999
57,46.53146581309524,6.615464483128078
58,46.53012818998016,6.616575970734128
59,46.53178229848484,6.617597748484848
60,46.53096762692308,6.617924494230771
61,46.53066925097223,6.6183866233333335
62,46.53011166949405,6.618325233928571
63,46.529703226547625,6.617519181547619
64,46.53692104063162,6.618785873743387
65,46.53031339090909,6.616223265559441
66,46.53747705902777,6.617833613194443
67,46.53873788706349,6.617276238809524
68,46.5363717387166,6.6186272512755915
69,46.53620500625,6.618970695833333
70,46.53565211875,6.62028715625
71,46.53542288782051,6.620440292307693
72,46.534963887083336,6.620624779027779
73,46.53457275538961,6.620609479691322
74,46.53398584666667,6.617750154166666
75,46.53491292692308,6.616858277564102
76,46.53588389257259,6.6161964732578395
77,46.53632078333334,6.615687975595237
78,46.53644327814815,6.616067575416666
79,46.535233776587305,6.61699405515873
80,46.534676455833335,6.617485743333335
81,46.53727387557472,6.6145801150862065
82,46.53770577727273,6.614197024242424
83,46.53796688333333,6.613514589166666
84,46.53864830966667,6.612851845833333
85,46.538813482341276,6.612755263095239
86,46.53900649943723,6.612375562705628
87,46.53969820327779,6.612342704222221
88,46.54170403880777,6.612119789874591
89,46.536009103472225,6.615442461111112
90,46.53524145714287,6.61604747857143
91,46.533656646788124,6.6186256367556515
92,46.533543462692315,6.619119575897437
93,46.53301145227273,6.619005722727272
94,46.53276601291667,6.618593987500001
95,46.532495774999994,6.617910527380952
96,46.53295365564059,6.617102145308958
97,46.53354223180555,6.616413943333334
98,46.53436786229798,6.615710959520202
99,46.534951672641725,6.615198531984126
100,46.53537734960317,6.614862889285714
101,46.53583746666668,6.614405464855072
102,46.53633016145299,6.613971528803418
103,46.53677440743589,6.613455771794871
104,46.5306770725,6.617732148333333
105,46.5305088,6.617441422727273
106,46.53037603461538,6.617072635897437
107,46.52965850512821,6.615894313525642
108,46.53040883589637,6.615411066652661
109,46.530070206349215,6.614855197619048
110,46.529602583137255,6.614162900294117
111,46.53048724,6.61256584
112,46.53094662777778,6.611894925694444
113,46.53123243662281,6.611369026096491
114,46.53157207499999,6.611016128571429
115,46.531709874305555,6.610675977083333
116,46.53263259807693,6.610565357692309
117,46.53228773125,6.610722846527778
118,46.53205630555556,6.610860528333334
119,46.52790872312872,6.614585478861608
120,46.52734656620985,6.615443486201737
121,46.52654460319264,6.616883399747476
122,46.52617995944444,6.618070051999999
123,46.52571351315968,6.613006168927043
124,46.52558078280566,6.614704167742509
125,46.52546493913134,6.615642847817897
126,46.52538837392677,6.616369999703283
127,46.52549657916667,6.6169153991666665
128,46.52571738113163,6.617619317974388
129,46.52528058181818,6.617970443939395
130,46.5248164269697,6.6175385757575755
131,46.52454789814814,6.617303507407407
132,46.524592974230764,6.6165086669230755
133,46.525344805833335,6.618333038357143
134,46.52516066071429,6.618699974880952
135,46.52499006180556,6.6189549874999996
136,46.524884759500004,6.619306114166667
137,46.52464187994988,6.619743450485589
138,46.52444295555556,6.620166276060607
139,46.52428689351587,6.620550244325398
140,46.52420393222222,6.6210333538888895
141,46.525985284027776,6.617149981250001
142,46.527915809090906,6.614176418181819
143,46.52805531435899,6.613903978076921
144,46.52827607179487,6.613119596153847
145,46.52857815694444,6.612394073611111
146,46.528602696682036,6.611795721228879
147,46.52887436706349,6.611150176190476
148,46.52897875972223,6.610569759722221
149,46.52908702121212,6.610164827272727
150,46.528648615376355,6.609681135053763
151,46.52834922986111,6.610475704861113
152,46.52817993346154,6.610915563782052
153,46.52798583333333,6.611329166666667
154,46.527290271666665,6.6127210866666655
155,46.52672086111112,6.613027493055555
156,46.52628775222222,6.61358396
157,46.52677581363636,6.615583465909091
158,46.526889704590914,6.614273143275253
159,46.52714890454546,6.61354470530303
160,46.5263478144413,6.611306415983646
161,46.52704508578432,6.607736404215686
162,46.52692514583333,6.607141254166667
163,46.52711815444445,6.606682010694445
164,46.527303269111115,6.6062649762222225
165,46.527593403125,6.605528839583334
166,46.5284253,6.5971483
167,46.52356902062891,6.6021507007756135
168,46.52279697611111,6.60929441962963
169,46.522034639973214,6.610762427386134
170,46.5216352,6.6124355
171,46.5215008,6.6128789
172,46.52123178083333,6.613018040833333
173,46.520380921333334,6.612971476
174,46.52013403076923,6.612861338461538
175,46.51980581723052,6.612787019337662
176,46.51939316666667,6.6098340166666665
177,46.519275280892856,6.609566899484127
178,46.51956167619047,6.608834292857144
179,46.52005787633334,6.607872085666666
180,46.520239458055556,6.6075134825
181,46.52026877953704,6.606974395185186
182,46.51947286037037,6.608108390925926
183,46.51929736966666,6.608465868666667
184,46.519106321147184,6.609236027207792
185,46.51912385160256,6.612539014102565
186,46.518324696666674,6.613351847
187,46.517939526666666,6.6134254815
188,46.51816983714286,6.612566171632652
189,46.518017400000005,6.6104043
190,46.51784641166667,6.6106827
191,46.51769404472223,6.611060244642857
192,46.51758523449036,6.611440501280992
193,46.51748791111111,6.611706828888889
194,46.51719431825563,6.6127198172470845
195,46.51691255909091,6.609519333333333
196,46.51686975670634,6.608099492572752
197,46.51700110583333,6.605591328
198,46.51685045833333,6.606796699999999
199,46.51684667238095,6.607121280238095
200,46.51679349166667,6.6090516388888885
201,46.51673757925926,6.609969282698413
202,46.51667910092593,6.6103746268518515
203,46.5167337,6.610728
204,46.51626728356499,6.610849306718147
205,46.51611683454781,6.60996702438688
206,46.51635844819497,6.609368191353517
207,46.517963259374994,6.609191516666666
208,46.51855357433333,6.608231295333333
209,46.51733509351852,6.605218247222222
210,46.51750313611111,6.60624177361111
211,46.51778077916667,6.606701865694444
212,46.51836925045455,6.6076717959090905
213,46.51896756111111,6.608663280000001
214,46.52079876,6.613016408333334
215,46.520816466250004,6.612662699722222
216,46.52078234569444,6.612181936944444
217,46.52076984229437,6.611722541937229
218,46.520891600039285,6.611063023583989
219,46.52060106302379,6.610286126896393
220,46.52033115515151,6.610066313333334
221,46.52124794649573,6.6105352143589755
222,46.521353166060614,6.609848027727273
223,46.521428670027774,6.609458055749999
224,46.52159126965136,6.6090761160459195
225,46.52174596614583,6.608386356225198
226,46.52183197824636,6.607967025365579
227,46.52256272272727,6.607916855
228,46.52283252411111,6.607342467222223
229,46.524150301666666,6.607845045333333
230,46.5238387030303,6.607269067424242
231,46.524028828703706,6.606772944444446
232,46.52412932772727,6.60600599409091
233,46.52489613125,6.60658085625
234,46.52518469383334,6.606728237095238
235,46.524755155921945,6.605381160179277
236,46.524601608888894,6.603720592777777
237,46.525368256425864,6.603997607109713
238,46.5245197,6.602994
239,46.52304101452381,6.605339474642856
240,46.523379921851856,6.6045864585185186
241,46.52386065597222,6.603735344027776
242,46.521513974166666,6.603870711666666
243,46.521297687878786,6.603658221212121
244,46.52099354277779,6.603414302037037
245,46.52204262305556,6.606676575972223
246,46.52144339575758,6.606270913939394
247,46.52081607732639,6.606934627256944
248,46.52048820833333,6.607792441607143
249,46.5203772467262,6.608054817341269
250,46.52010230773809,6.608929750039683
251,46.51987590611111,6.609876903333333
252,46.519762183760676,6.610424755164836
253,46.52090263318182,6.613650510909091
254,46.520958408928564,6.615155822023809
255,46.52093240386904,6.615567100099207
256,46.51905965263393,6.615214689784226
257,46.52004351901515,6.6161765386111115
258,46.519993505500004,6.615369320500001
259,46.52000915083334,6.614792390833332
260,46.52010012040743,6.61418613605713
261,46.520382057,6.613998007666666
262,46.51943875681818,6.617432600757575
263,46.519016460416665,6.6170763103472225
264,46.51864868671228,6.6162978467839695
265,46.517724046666665,6.6173287854166665
266,46.517484011111115,6.617765411111111
267,46.51672246204365,6.617929718606151
268,46.51675531428572,6.6173668035714295
269,46.51680634097403,6.616815831111112
270,46.51749431413534,6.616501946340851
271,46.51895970616883,6.617802002640693
272,46.51828782205069,6.619528265611285
273,46.51776670729167,6.619323371875
274,46.517071668,6.619201135500001
275,46.51852235,6.6186160010416675
276,46.518323558919334,6.618088436230292
277,46.51683002287879,6.6161461718181815
278,46.517180060782835,6.614911909132997
279,46.517078862678574,6.613544390431548
280,46.51690418636363,6.614764121212121
281,46.516633854999995,6.618803526666666
282,46.51647477156863,6.619397480882353
283,46.51650454666667,6.623803015
284,46.51611426499999,6.624639423333333
285,46.515858290833336,6.614444283916666
286,46.51567348637395,6.615088704385436
287,46.514968930555554,6.61536601574074
288,46.51507076439394,6.614340067424243
289,46.51511185383334,6.613740032833334
290,46.5155311871525,6.6161156665249665
291,46.515428368526,6.617960999299344
292,46.51490105933333,6.618748778833334
293,46.51412852304857,6.617750340797484
294,46.51445031063492,6.61672701390873
295,46.51460732114286,6.616309819892857
296,46.51404904115003,6.615525648737409
297,46.51376480319048,6.6162013208333335
298,46.513417996428565,6.617429470158731
299,46.512775954294874,6.616099718319088
300,46.51243402491951,6.617055753478535
301,46.51468318863636,6.619348478030304
302,46.51506469478071,6.6166989166666665
303,46.51368606296297,6.614828502777778
304,46.51372448962963,6.614202517962963
305,46.513767435505954,6.613654058050595
306,46.51385615555556,6.612851148148148
307,46.516110675722224,6.607507007166667
308,46.51626814148148,6.6056907103703715
309,46.52343026875,6.600726695833334
310,46.52642677487654,6.5899956270370375
311,46.525226626951664,6.587860744066859
312,46.52247980833334,6.595185619444444
313,46.52040318020833,6.5966400499999995
314,46.520279012179486,6.597004709615384
315,46.52011929916667,6.59750898361111
316,46.51996245664021,6.598048944708996
317,46.519861475238095,6.598316937142857
318,46.51972148675824,6.598762228298993
319,46.52064341875,6.597457994791666
320,46.520565499074074,6.597734325925925
321,46.52044692,6.5981228666666665
322,46.518986423039216,6.59924078872549
323,46.51863284166666,6.598779754166667
324,46.51899815608059,6.598162822286048
325,46.519109575892855,6.597425410714286
326,46.51770068444444,6.59857765
327,46.51664534444445,6.599229888888889
328,46.52362625119047,6.61458459404762
329,46.5211322347552,6.644716705395281
330,46.52175483466499,6.645101735151319
331,46.5283233090909,6.603783534090909
332,46.52182569,6.647835720000001
333,46.52184072712963,6.648816444133598
334,46.521624529374996,6.64970655125
335,46.52127276669842,6.648259114809524
336,46.52089499047619,6.647688338095238
337,46.5208481,6.6474346
338,46.52103932164861,6.647399332067816
339,46.52132087164892,6.6467752299688945
340,46.52561026010101,6.651939906969696
341,46.52619994962406,6.6153565424060154
342,46.525341457371795,6.6520875413461535
343,46.524973044505494,6.652448295879121
344,46.52485613333334,6.652675899999999
345,46.524825495767196,6.6529196683686065
346,46.52421041594551,6.653192307548077
347,46.52421961444444,6.65211399
348,46.524269689375004,6.651231463958333
349,46.5230752225,6.6552578391666675
350,46.52277341347403,6.656491285703463
351,46.52254470200593,6.6577883385836385
352,46.52235535560607,6.658341154848485
353,46.52234617815476,6.659024311220238
354,46.52801526969697,6.616057209393938
355,46.52193107533333,6.658546014666667
356,46.521627979629635,6.658348807407408
357,46.521406054391534,6.658138568915344
358,46.5215551539375,6.657471288382142
359,46.52110353333333,6.6581489
360,46.52079150999639,6.658066246731601
361,46.52037686814935,6.657971210909091
362,46.5201364495,6.658616333
363,46.5200521125,6.658918485416667
364,46.51938535,6.657763212500001
365,46.521091380357134,6.621259145238096
366,46.519279948148146,6.657168341997354
367,46.51904321153846,6.656423784615384
368,46.520945940909094,6.619869472727273
369,46.51913006375,6.656086693333334
370,46.52104000714286,6.619501039285715
371,46.52172530641026,6.618687403205128
372,46.519024275401634,6.655738437789988
373,46.5217299125,6.619625873611111
374,46.519027325,6.655018287037036
375,46.521020792307695,6.6186375055128215
376,46.51896961208334,6.654053646666666
377,46.52102815448718,6.6174837064102565
378,46.52107080333333,6.616995601666666
379,46.51914176502976,6.653830657142857
380,46.518795841666666,6.653426198333333
381,46.518363799259255,6.653467251481481
382,46.517772719642856,6.652948397023811
383,46.52119799178571,6.621974751904761
384,46.517308317777776,6.652666325
385,46.52030754,6.62051106
386,46.522928594523805,6.65603870802381
387,46.52253345,6.6553518
388,46.522353206498245,6.6558748732388375
389,46.52222847314815,6.654478810185186
390,46.52249653847506,6.654812734291383
391,46.52292006666667,6.6546066203703695
392,46.52702108416666,6.619118840555556
393,46.5284541279762,6.616458027380953
394,46.52909369141054,6.6170594817929285
395,46.52680681458334,6.615200597916667
396,46.527907328787876,6.61279574469697
397,46.52810671818182,6.612465739393939
398,46.528270897166664,6.612188491166667
399,46.527747099242426,6.611683749242426
400,46.527097241666674,6.613033326666667
401,46.52381932141555,6.655683109224987
402,46.52390804605263,6.65696692368421
403,46.52410121199329,6.657649207458792
404,46.52374979444445,6.620012512500001
405,46.52429346133333,6.6582732736666665
406,46.524415326500005,6.658767421
407,46.52460475595239,6.6593753727210885
408,46.52480633333334,6.659576666666666
409,46.525252383142856,6.6586115488571425
410,46.5255188875,6.6579066125
411,46.52621115,6.657554776666667
412,46.536214853472224,6.6198915138888905
413,46.52672474182172,6.65781342853838
414,46.5276837,6.6580378
415,46.527982331105164,6.658757741131907
416,46.5282113,6.659335714285715
417,46.52836574674641,6.659898112320573
418,46.528677175333335,6.662397589666668
419,46.53461956666666,6.6167328
420,46.528429744761034,6.661342379726891
421,46.5284076875,6.6607483541666666
422,46.5283721875,6.66041815
423,46.52482066604575,6.6611685483333325
424,46.537540666666665,6.6146563
425,46.5247117,6.661940975
426,46.52449088333334,6.662633715833333
427,46.52418508142857,6.661882642857143
428,46.52414362271605,6.661492610740741
429,46.52377899851577,6.660137290213358
430,46.52358858183662,6.659729653831168
431,46.52316500519423,6.659153766541965
432,46.54053648787879,6.612331777272726
433,46.52270649886244,6.658200091772486
434,46.521996931,6.647138832666667
435,46.52045431166666,6.644398999583333
436,46.52001271096491,6.645201497807018
437,46.51936682777778,6.644808906944443
438,46.51819688819444,6.644535706944445
439,46.517603735256415,6.644034269871795
440,46.51750738402777,6.6444220652777775
441,46.517313992543855,6.644881544298245
442,46.51714839634085,6.6456616796616546
443,46.516937760999994,6.646295911
444,46.51680254754902,6.646848330392156
445,46.517293288333335,6.647352256666666
446,46.51713742291666,6.647765777083333
447,46.516937874999996,6.6479082
448,46.517025661,6.648441461000002
449,46.51757958163265,6.649545909693878
450,46.51818703615384,6.64968644051282
451,46.51818854074074,6.6492449805555545
452,46.518309512962965,6.648377557407408
453,46.51843422142857,6.648027088095239
454,46.5186967282967,6.647274727564101
455,46.51904642708334,6.646764561458333
456,46.530654830277776,6.615978373472223
457,46.51779240030304,6.646421706515152
458,46.51754316637681,6.645983561086956
459,46.516699752268906,6.6477687059803925
460,46.516590458500005,6.6489146085
461,46.5165022,6.649459355833334
462,46.516711300454546,6.650648553181818
463,46.51742022494047,6.65133336295635
464,46.516833337833326,6.652203817833334
465,46.51644603170635,6.652395620270562
466,46.51585631099186,6.652901374848685
467,46.51527792575757,6.653121591666666
468,46.514785889809524,6.652684722464286
469,46.53095075732323,6.612767985353535
470,46.51501329337045,6.653800818696639
471,46.514379170419055,6.653538968980952
472,46.514506400916666,6.651861809083333
473,46.51508821834249,6.650283025790599
474,46.51560216666667,6.649352695833333
475,46.51871898750001,6.648156018333333
476,46.51902177261856,6.648961252061196
477,46.519365423611106,6.649469260972222
478,46.51977903520833,6.649482059166667
479,46.5156653980303,6.641974318484849
480,46.51532454617063,6.642413924613095
481,46.515098455166665,6.6426897165
482,46.514870008068776,6.643020798677248
483,46.5145290375,6.643945479166667
484,46.51396197021646,6.644330749025975
485,46.5133835,6.6442751
486,46.513231829333336,6.644716492333333
487,46.512905484155,6.645275023594771
488,46.51377284633333,6.645603563833333
489,46.51361926950758,6.646425054444443
490,46.51379043251082,6.647033897012988
491,46.51385131685715,6.6478268947301595
492,46.51331016713893,6.648922178842229
493,46.51332344233333,6.649378062000001
494,46.51314826636363,6.650537502121213
495,46.51343480166666,6.650736043
496,46.51346701999999,6.65030432888889
497,46.513443,6.647324
498,46.51347585,6.6470274611111115
499,46.51402911607143,6.648923096190477
500,46.51417110691667,6.648136973833333
501,46.514451882554326,6.648121253357753
502,46.5141908379386,6.649666263961987
503,46.514611506818184,6.650066567424242
504,46.514623776388895,6.650749686805557
505,46.514586136666665,6.65108601
506,46.51445691433334,6.652402184333333
507,46.51531578712121,6.6492400322727265
508,46.51527587041435,6.648365188243662
509,46.51519687573696,6.647720139229027
510,46.51489732014299,6.645679861947731
511,46.51471494374999,6.64513453125
512,46.5146017787963,6.644708445462963
513,46.52152031140351,6.612149315789474
514,46.51955474166667,6.612158756410257
515,46.51943949583333,6.61041715
516,46.51545048333333,6.610159800000001
517,46.520952272152776,6.6141032980555545
518,46.51878013333334,6.614972853703703
519,46.5196935,6.616822516666667
520,46.52331301666666,6.609456399999999
521,46.52360011666667,6.608636199999999
522,46.52317119318182,6.606317152272727
523,46.52061912413194,6.607401228385417
524,46.51862451,6.612878843333334
525,46.51621549645407,6.61700775035289
526,46.51800409010101,6.617092083737373
527,46.51703142,6.613913720000001
528,46.51487313086905,6.6126060336785715
529,46.51510500462963,6.612747621666667
530,46.51538753999999,6.612922733333333
531,46.51583094112698,6.613228029253967
532,46.51367275486111,6.618107840277777
533,46.51262983281251,6.616562241666667
534,46.51494833541666,6.6147709302083335
535,46.5154748562963,6.617386734259259
536,46.5155331625,6.616834479166666
537,46.516148950694436,6.613651086805555
538,46.51633150403846,6.613010557500001
539,46.520777295634915,6.597030879047619
540,46.5211114175,6.597604770833334
541,46.51891353421517,6.600248246569665
542,46.518003137962964,6.601700308333334
543,46.5218002555,6.599927404833333
544,46.52206167366667,6.599975191666668
545,46.52256842986111,6.600315538888889
546,46.522141506150795,6.601168496558958
547,46.522005880952385,6.601550598809524
548,46.52186851296297,6.601880921481483
549,46.521798889013,6.6021786768969
550,46.52248942918254,6.602484740825396
551,46.53011174,6.615530850000001
552,46.531892963636366,6.615817198484848
553,46.53183676851852,6.616358157407408
554,46.53170913333334,6.616611766666667
555,46.53112028712121,6.617725506818181
556,46.53024870347223,6.613254313888889
557,46.520947465625,6.620383678125
558,46.522141019047616,6.647493490476189
559,46.52383698910257,6.649558446153847
560,46.524364675,6.649737762499999
561,46.52465877644345,6.649698301458333
562,46.52602842609996,6.650699770882198
563,46.52649980966667,6.651590396333335
564,46.52207398125,6.660013013541667
565,46.52325690694445,6.654142522222222
566,46.523326015625,6.653839290625
567,46.523135769999996,6.6535148333333325
568,46.52264846421569,6.652817746568627
569,46.52180547772728,6.652899475000001
570,46.52225228192309,6.652032274230768
571,46.521120203333325,6.654011017254901
572,46.5210485125,6.6544290125000005
573,46.52103903267195,6.654849458068783
574,46.5208166367647,6.655512981372548
575,46.52026620979167,6.655127025833334
576,46.520664909090904,6.654387548636364
577,46.520499174375004,6.656274459166667
578,46.52042751140351,6.657002213157895
579,46.52033457870371,6.65757302962963
580,46.523365515625,6.654996603124999
581,46.523531689583336,6.6546825145833335
582,46.523703708333336,6.654368116666666
583,46.52353536689213,6.649201995212585
584,46.52244829607143,6.647852853571429
585,46.521520645833334,6.6461351625
586,46.51843444777778,6.649931329999999
587,46.51973044375001,6.645700758333334
588,46.51800082947619,6.646909586547619
589,46.52017288461508,6.649163083186508
590,46.520740139583324,6.648097079166667
591,46.52060436909524,6.648546632865079
592,46.5201720047619,6.6495404
593,46.52002564423953,6.650231758167388
594,46.5195009375,6.6514492925
595,46.51896507441667,6.651547444944444
596,46.518634392,6.651939131904763
597,46.51786244440476,6.6522209567857145
598,46.51700826249999,6.6519469763888885
599,46.5148321625,6.652018675000001
600,46.51588520777778,6.647423555555556
601,46.515948040909095,6.646800656818181
602,46.515955239583334,6.6463894833333335
603,46.516513789214294,6.650018021714286
604,46.5181638369104,6.638358992833847
605,46.516030040000004,6.64154978
606,46.5147641512963,6.643378113333334
607,46.5136266,6.6480837875
608,46.514064576500004,6.648445001833333
609,46.51463849285715,6.649074352380953
610,46.51444747166667,6.652813142499999
611,46.51514164814815,6.646360975925926
612,46.52137913018518,6.61265271925926
613,46.51699686818181,6.61054654090909
614,46.517317354814814,6.609860228518518
615,46.518569478956046,6.6148815556825395
616,46.520495849999996,6.609622110000001
617,46.521488737461624,6.608427829989035
618,46.52277595416667,6.6077992125
619,46.524032175,6.607080325
620,46.519542316666666,6.611159099999999
621,46.51802764895834,6.6101595
622,46.51514809444445,6.6183585925925925
623,46.51663297727273,6.611724447727273
624,46.517229464302595,6.618135089479906
625,46.5168102326087,6.615403752536233
626,46.5163506175,6.614314891805555
627,46.51663013,6.61448537
628,46.516617243656206,6.614038581863276
629,46.51616401203704,6.620154147222222
630,46.51599790833333,6.620411269166667
631,46.5159412,6.6245402
632,46.515739149999995,6.624400638461539
633,46.515415705392165,6.624552875
634,46.51555387916667,6.624072056666667
635,46.51587473461538,6.622710805128204
636,46.51579946742424,6.621778029545456
637,46.51568465928571,6.620768496996337
638,46.5250632,6.5654279
639,46.52001203333333,6.597801133333333
640,46.52083335610119,6.596497288005953
641,46.52305617813725,6.600952145686275
642,46.52299544518519,6.601367044444444
643,46.522816059814815,6.601696809444444
644,46.52264719757576,6.602089728888888
645,46.52229495999999,6.602923648148148
646,46.52090361482572,6.635807006448802
647,46.52049553571428,6.631803752142857
648,46.5213069325,6.6224374869444445
649,46.5205316065,6.62248345
650,46.51923435768817,6.622763921021506
651,46.51898652037634,6.621615782204301
652,46.51726450052083,6.630143475260417
653,46.518942641666676,6.628150816666667
654,46.51810853472222,6.630549668055557
655,46.51838154800367,6.628419187014652
656,46.52618182899513,6.6265528506130265
657,46.52674763656863,6.626959975854342
658,46.52628955348639,6.628153359183675
659,46.52564408022358,6.627600206585365
660,46.52468436785715,6.627755121227107
661,46.52266078827731,6.628046162191876
662,46.52002460138889,6.636163704166666
663,46.520457285128195,6.633779212564103
664,46.52505974386622,6.630420006374716
665,46.52756267040293,6.627638779230769
666,46.5278926380303,6.60565019
667,46.527771625,6.606283379333334
668,46.52766198047745,6.60699337331843
669,46.52745379626068,6.608380968284493
670,46.52737578760074,6.609404959615385
671,46.52734421772728,6.610781496969697
672,46.5276158,6.6102376
673,46.527253453826525,6.612240426190476
674,46.531471149999994,6.609796083333333
675,46.53122933006411,6.6096750425
676,46.53135093,6.609440193181819
677,46.53108138137255,6.608943571568627
678,46.530911924445704,6.6082015848454
679,46.530824152096564,6.607558387751323
680,46.52908306319444,6.607548236805555
681,46.52226887948718,6.61613017948718
682,46.52367272638889,6.624050409722222
683,46.530213139848485,6.613736273939394
684,46.5355588,6.6162592
685,46.52090182142857,6.6178780999999995
686,46.520049288888885,6.61972791111111
687,46.52567903055556,6.620814286666666
688,46.5310968,6.611742
689,46.52645086666667,6.6092354222222225
690,46.52136694433636,6.641719853142372
691,46.52401906875,6.65391526875
692,46.52183616857143,6.653551176071429
693,46.52035869166667,6.6554808520833335
694,46.5185505,6.6531636
695,46.52278956666667,6.656211666666667
696,46.526117665076235,6.652408590982949
697,46.52419435866666,6.649572967333333
698,46.521381320833335,6.645836295833334
699,46.519289311250006,6.64636416875
700,46.51867320375,6.6448890787499995
701,46.520532971428565,6.648829674999999
702,46.519908173663914,6.651092651969697
703,46.51975833333334,6.651340846666666
704,46.518765675,6.65173165
705,46.51355390666667,6.644376546666666
706,46.51348268333333,6.647516007575759
707,46.51405536666667,6.6493718
708,46.51466608333333,6.643612583333333
709,46.51953925,6.61147815
710,46.51760769375,6.609461931249999
711,46.519313800000006,6.6157414875
712,46.51947026249999,6.6160203625
713,46.5189182,6.6174613
714,46.52083012732493,6.633078864061625
715,46.522347254629636,6.624269512962963
716,46.52014411590909,6.624100847727274
717,46.51861515019842,6.62567698358135
718,46.51879076884615,6.624106323076924
719,46.51813596517242,6.627019367528735
720,46.517653539728514,6.633444765161514
721,46.521818311996746,6.633840077765152
722,46.52627625671768,6.628894107892465
723,46.52550441840278,6.6280042
724,46.52437870097839,6.629436131306788
725,46.52582474611111,6.6254808233333335
726,46.519155856365735,6.631398326736111
727,46.53142625263889,6.610165469444444
728,46.52799521969696,6.605303087121212
729,46.52728891788767,6.611646506257632
730,46.523804616666666,6.618517422222222
731,46.5314872,6.6246028
732,46.5327084,6.622717233333333
733,46.5306007,6.6245798
734,46.53048172559524,6.624111974455782
735,46.531175236979166,6.623390653125
736,46.5313482,6.6231907
737,46.5317235,6.6227759
738,46.5316443,6.6226496
739,46.53072666083334,6.625539668333334
740,46.53034764706548,6.625210094089286
741,46.530437355000004,6.626661206666666
742,46.531987971296296,6.627946624074074
743,46.53991024236111,6.621002725694445
744,46.54245725,6.62177125
745,46.5426192,6.6219314
746,46.5425432,6.6222648
747,46.5426595,6.6233402
748,46.5442905375,6.625611150000001
749,46.5296133,6.6246532
750,46.524307,6.6187038
751,46.54105936439394,6.631348514393938
752,46.54092363571429,6.631619033333334
753,46.54051067796717,6.63237525386995
754,46.53302821785714,6.627594656547619
755,46.539668466666676,6.6330839725694455
756,46.53919452013889,6.63350358611111
757,46.53955693537037,6.633612042037038
758,46.54050426166667,6.633418589833333
759,46.541464159166665,6.632759895833334
760,46.54144076676191,6.632284507238095
761,46.541061225921055,6.632598841228071
762,46.540804253750004,6.633306695416667
763,46.540136448518524,6.633441348518519
764,46.53859998356061,6.633795054039503
765,46.537696169444445,6.633806
766,46.53584173148148,6.633347212962963
767,46.5350612122549,6.633349932843138
768,46.53270576110291,6.633220857532467
769,46.53268720484568,6.6314911831172845
770,46.53300191632275,6.630800871593915
771,46.53314756296297,6.630421011111112
772,46.53239878949999,6.6322492415
773,46.53288574444444,6.633385588888889
774,46.533473825,6.633405638888888
775,46.53418064,6.6333569400000005
776,46.53450772824074,6.633352783796296
777,46.536579888098295,6.6334835475427365
778,46.537026097222224,6.633724669444444
779,46.537341042857136,6.63376665
780,46.540465817743765,6.631591201133786
781,46.53996325416666,6.631531255555555
782,46.53953278266667,6.631551566000001
783,46.53901789740741,6.631686442106482
784,46.539032573214286,6.630577376190475
785,46.537776921354165,6.632111674479167
786,46.53702592196969,6.632496477272728
787,46.53621756217087,6.632490934971989
788,46.53557397592593,6.63292131111111
789,46.53489525741186,6.632653309294872
790,46.53557958939394,6.632255080303031
791,46.53502427380952,6.631768484523809
792,46.53450415533334,6.631770668833333
793,46.533536097976196,6.632567416150794
794,46.53321124375,6.633019677083333
795,46.53281884880953,6.632712715238094
796,46.53413583055555,6.632564524074073
797,46.534427937592596,6.632527432037037
798,46.537058144117644,6.633146109068627
799,46.52981976110214,6.627834344973118
800,46.52923719217054,6.628773922596898
801,46.52901197316666,6.629366098
802,46.52871045555556,6.629893353703704
803,46.52953918777777,6.629575115972223
804,46.52841120429487,6.628562345897436
805,46.52806095580357,6.627921119568452
806,46.52828979410131,6.627557770000001
807,46.529620024242426,6.627078925
808,46.529492137395835,6.627504031458333
809,46.529216745,6.628090855000001
810,46.52808008745034,6.6290687805142765
811,46.52774809416667,6.629861197261904
812,46.527350212777776,6.629407302777778
813,46.52707237113094,6.630021651587302
814,46.530370636111115,6.629660966666667
815,46.53008991474359,6.628465067307691
816,46.532202787037036,6.61853022962963
817,46.53258946222221,6.6190805856666675
818,46.53299289883334,6.6198816565000005
819,46.533436070606065,6.620455545757576
820,46.53396639666666,6.6218944875000005
821,46.53294352380952,6.622340314880953
822,46.537288098476196,6.6248712242380945
823,46.53771021773333,6.624763705675842
824,46.539201304761896,6.628330247767857
825,46.53868022681818,6.625705232424242
826,46.5389072469753,6.6250604741975305
827,46.53927682708647,6.624471928355957
828,46.54013006227891,6.624004117964416
829,46.540484173484856,6.624339305303031
830,46.54041400462963,6.624816782407407
831,46.54019761180555,6.625913629861112
832,46.54010546501831,6.625321310119048
833,46.54048352037037,6.623757371296296
834,46.538252448281185,6.623502921017316
835,46.53882560714286,6.621698357142857
836,46.54076594161376,6.62123608223545
837,46.54096581388889,6.62231668888889
838,46.541032668055564,6.622848833452381
839,46.54109325625,6.623486011458334
840,46.541121807555825,6.623946226515151
841,46.54122483165831,6.624575477184628
842,46.541167237962966,6.621563566666667
843,46.54046269153845,6.6218645028632475
844,46.53984332806639,6.622255854622013
845,46.539670626515154,6.622987706060607
846,46.5297027,6.620579
847,46.52988666049207,6.621611244174603
848,46.53020293333333,6.622274623148148
849,46.53049995975167,6.621856677035407
850,46.53093720999999,6.621253195833333
851,46.53102411725274,6.621871981973443
852,46.530211268562496,6.620952355339016
853,46.529700855444446,6.620292376164142
854,46.52860029991936,6.622354215913979
855,46.52830339666667,6.623170953333333
856,46.52673883680555,6.623444738194446
857,46.5259311965529,6.623891657534222
858,46.52552474977777,6.622745031888891
859,46.5263199932672,6.6226366410251325
860,46.52921460692641,6.6211163034090905
861,46.52940401228572,6.62075656947619
862,46.52994770925926,6.619769140277778
863,46.52984387121212,6.619110372727272
864,46.52944575244253,6.619378955459768
865,46.525485690833335,6.622080064166667
866,46.52571601369048,6.621725933928572
867,46.525898948863635,6.621411291287879
868,46.526243684375004,6.620939083333333
869,46.52659992022141,6.620339856152546
870,46.52701980962964,6.619664572407408
871,46.52750936410256,6.618910725
872,46.527744773333325,6.618513611111112
873,46.528307665937504,6.617088970416667
874,46.53002723684211,6.631063698026317
875,46.522996579659036,6.6470769500146965
876,46.52482088880679,6.6479640874137935
877,46.52491419134199,6.6484485846320345
878,46.52543783939744,6.648216028127148
879,46.52750716494445,6.648441799694444
880,46.52807020755555,6.649195640518518
881,46.52786129083333,6.650144526666667
882,46.52742832218052,6.6507273193372285
883,46.527319950000006,6.6516537
884,46.52778109629121,6.653185773018053
885,46.52789304940477,6.6539973351190485
886,46.52810034740954,6.654503237223388
887,46.528347224242424,6.6548551636363635
888,46.528884675520835,6.655416722395833
889,46.5291774,6.6556159
890,46.5285613,6.6543592
891,46.529788236324556,6.65644966940837
892,46.5331166,6.660382599999999
893,46.523819609523805,6.656451542857143
894,46.52396039404761,6.654765461904761
895,46.52297007083333,6.658796531944444
896,46.525361629629636,6.6616495981481485
897,46.525456825578225,6.660724589098639
898,46.52590696718713,6.656203936286549
899,46.526475991999995,6.6559569136666665
900,46.52637079102565,6.655193256227106
901,46.526278619302,6.654809586680912
902,46.52900800049134,6.649044242091895
903,46.52746031683087,6.647122450348933
904,46.52688848816666,6.6465252675
905,46.52666624047619,6.646232227380951
906,46.52633868809524,6.647035410714286
907,46.5262517595873,6.6477980893333335
908,46.52569191897222,6.6474346739722225
909,46.52546543636364,6.646923109090909
910,46.52528196853488,6.6462329118177275
911,46.52545750714286,6.645102121428572
912,46.52603134355555,6.645550670111112
913,46.52698916071428,6.648441880952381
914,46.52655220942857,6.648395470285715
915,46.52439830476515,6.6468467215
916,46.52448452377369,6.646049106354516
917,46.52361264621795,6.646470755897436
918,46.52324944444444,6.647628149074074
919,46.52219974011904,6.6441904830238085
920,46.5215637219697,6.643797200757575
921,46.52106810560606,6.643667883787879
922,46.5623706,6.6108484
923,46.52342609621212,6.640853859848485
924,46.523642909375,6.64081341875
925,46.528248514809526,6.642165538904763
926,46.53106775476191,6.6461298583333335
927,46.531685404997425,6.646535618245448
928,46.532613679133334,6.646926396066667
929,46.53326386041667,6.647032574305556
930,46.5322147308779,6.646738891631015
931,46.530826398504274,6.646197790341882
932,46.5699315,6.601235
933,46.530047301992944,6.646096348324516
934,46.52962316004386,6.645882183991229
935,46.529059278703706,6.645504633333334
936,46.528394125684116,6.645276010611965
937,46.528815745370366,6.6435399814814815
938,46.52798638842593,6.641821187962963
939,46.52719912321429,6.641431802380953
940,46.526707646794875,6.64130446602564
941,46.523964317361106,6.641288590277777
942,46.52348891075809,6.642179868191773
943,46.52364160595238,6.641460723809524
944,46.52410403735632,6.642321993390805
945,46.524149911666676,6.642919800812325
946,46.52384168520448,6.6439833304302836
947,46.5237425675,6.6444302170833325
948,46.52320429,6.644636884666667
949,46.52297569092592,6.6446598649999995
950,46.52232217250992,6.644899195456349
951,46.52497131076923,6.645244794358974
952,46.52652907839106,6.6449540417135635
953,46.52753355519608,6.645097645294118
954,46.528066542307684,6.645136002564103
955,46.52924465233359,6.646943494815018
956,46.52906521063187,6.647375476955014
957,46.528848543939404,6.648141130909092
958,46.52932523333334,6.648271598484849
959,46.52671699647059,6.649033143991597
960,46.52724186346153,6.649615332692307
961,46.52748076222222,6.649970981111112
962,46.527285541666664,6.650279553703704
963,46.52651029504673,6.65017620322605
964,46.52611037571429,6.649238670198413
965,46.5259402407143,6.649600318630953
966,46.525550024999994,6.649552671428571
967,46.52534975296704,6.649607475067155
968,46.51269346522108,6.636789795946713
969,46.51267355417028,6.637634483037519
970,46.5127037,6.6383995
971,46.51247607125,6.638702961319446
972,46.5125476,6.639286
973,46.51229404270382,6.639270633250773
974,46.51226442229167,6.640305520416667
975,46.51227352779762,6.641031204732143
976,46.51225476484127,6.641706215820106
977,46.51227634151516,6.642114733636364
978,46.51226966734776,6.64254440927484
979,46.51254479999999,6.643078000000001
980,46.50756769166666,6.626362283333333
981,46.5076986,6.625359
982,46.50911684211689,6.626336824021644
983,46.51327888472789,6.630486203435373
984,46.514625048611116,6.631889858333333
985,46.51439788472222,6.6329029708333325
986,46.514034775297624,6.633184042261904
987,46.51334131666667,6.633324050000001
988,46.51214181710885,6.634933331967121
989,46.51188347976191,6.635365677380952
990,46.51151917531746,6.636039094177489
991,46.51102059583333,6.636520147499999
992,46.51068975055555,6.6358229911111115
993,46.509830100018306,6.6342885132783875
994,46.5096420995,6.634644603333333
995,46.50918071272894,6.636110516575091
996,46.508962616666665,6.636690274074073
997,46.50791380126196,6.637507851003392
998,46.50753841666667,6.639793141666667
999,46.5091978625,6.63913527
1000,46.50883244242424,6.639112653030302
1001,46.508193102777774,6.63950551537037
1002,46.510960121666656,6.632183108666666
1003,46.51134860214285,6.631303131428571
1004,46.5116500881884,6.631908122753623
1005,46.51201592679013,6.6323737486419745
1006,46.51239564345237,6.631540166964286
1007,46.514975266,6.632022547666667
1008,46.515149791333336,6.630880236666667
1009,46.51534172843567,6.629652677087721
1010,46.51537711980519,6.629262216558442
1011,46.51490104362319,6.628568088623188
1012,46.515488411810516,6.626736049444445
1013,46.51543720942176,6.626278049047619
1014,46.515024209150006,6.626335829926233
1015,46.51471170043956,6.627028992051283
1016,46.51454955005953,6.6275310243898815
1017,46.514013085185184,6.626572033333333
1018,46.514329279666676,6.625453966333334
1019,46.514222950841344,6.628580748461538
1020,46.514014237341264,6.629481797566739
1021,46.513837933055555,6.630365558333334
1022,46.5136033541799,6.63131158015873
1023,46.51332842513228,6.631914713756614
1024,46.5131132830303,6.6324168760606055
1025,46.51364373333333,6.632252527192982
1026,46.51259287348485,6.632669082575757
1027,46.51116493232323,6.634109751893939
1028,46.51056947786925,6.6348313735221405
1029,46.512641028434345,6.628854812727273
1030,46.513312801111105,6.629051513333334
1031,46.51015870462964,6.6303758805555555
1032,46.50928686723443,6.629929856904762
1033,46.508848585260104,6.629818342535056
1034,46.50838887619049,6.629396779761904
1035,46.507613941622765,6.629195087880533
1036,46.50808246220238,6.62552162827381
1037,46.507907442222226,6.626163172222222
1038,46.50751431250001,6.625863391666667
1039,46.50747554861111,6.627529001388889
1040,46.50884913560606,6.627740129895104
1041,46.50914233444444,6.627834022962962
1042,46.509735595888884,6.62796534811111
1043,46.51556819868421,6.628623382894737
1044,46.515713898,6.628127414000001
1045,46.51586799645503,6.627632505992063
1046,46.51603995486111,6.626906080972224
1047,46.516747464,6.6252691530000005
1048,46.5170094104594,6.62388938521571
1049,46.51725265235042,6.623529185897436
1050,46.516771929861115,6.624524178472222
1051,46.516916860059524,6.623100678514109
1052,46.516922008444446,6.622138839222222
1053,46.51743993569859,6.62214858785191
1054,46.51748951777777,6.621374292666666
1055,46.51702894530303,6.621272408636364
1056,46.51714949259782,6.620534545806357
1057,46.51722690818182,6.619953989848484
1058,46.517699030507266,6.619985375233561
1059,46.518088624375,6.620556839375
1060,46.51800811421684,6.620952088980715
1061,46.51783665954546,6.621727897727272
1062,46.51776755654761,6.622097004591837
1063,46.51760698280723,6.622507563594276
1064,46.51730458330086,6.622509612976191
1065,46.51750021318182,6.618543596060607
1066,46.51741286433333,6.61903852339899
1067,46.51656300977564,6.620533118269231
1068,46.5165010895136,6.621931811363946
1069,46.51657831266666,6.623127558333333
1070,46.516463602655676,6.625448048717948
1071,46.51612359791667,6.625829367361111
1072,46.51582088489583,6.6256117953125
1073,46.51481359354167,6.625350643541667
1074,46.51320013811625,6.625561722093837
1075,46.512802140401234,6.625536057685185
1076,46.51188496992697,6.625768002847709
1077,46.51136837843254,6.625875673878968
1078,46.50970720968534,6.626388045547619
1079,46.508654109999995,6.626928735
1080,46.508304319444456,6.626886800555556
1081,46.50837462051282,6.626282589102564
1082,46.51047125071549,6.6260817125420886
1083,46.50968880666808,6.625299293263416
1084,46.509009802083334,6.625060742361111
1085,46.50913700185185,6.624718443518518
1086,46.50930953296296,6.624443017037036
1087,46.50993568326388,6.624750456111111
1088,46.510819198039215,6.6252537867647066
1089,46.511043589166675,6.6246990466666675
1090,46.51050531956552,6.62375740937322
1091,46.51004618638888,6.624165897222223
1092,46.50951658294871,6.623859653076924
1093,46.510188429682536,6.623300756640211
1094,46.51077252747396,6.622973784635416
1095,46.51056761166667,6.623273519285715
1096,46.51165911045684,6.6242397533516995
1097,46.51241712850406,6.62473147888772
1098,46.51218796378289,6.626755935673494
1099,46.51127284063281,6.627168359974761
1100,46.51074237007937,6.627037598769841
1101,46.51028039270834,6.6268362552083335
1102,46.513734108471276,6.626428683016739
1103,46.513388776250004,6.626820103020833
1104,46.51275666253623,6.626738671594204
1105,46.512140407843134,6.626141119117646
1106,46.51315405144872,6.621662236269232
1107,46.512461875,6.624218474999999
1108,46.512655516159505,6.62758268697601
1109,46.51311804723528,6.627763422534255
1110,46.51328823916666,6.626352451166666
1111,46.514420225757576,6.626490854545455
1112,46.51270347777777,6.6241091305555555
1113,46.51226959318182,6.623504032575758
1114,46.51158835007143,6.622478966976191
1115,46.51119725364583,6.6216923484375
1116,46.510404775,6.6208121874999994
1117,46.5275972,6.5974607
1118,46.529393,6.6162966
1119,46.53174100822223,6.624074974142857
1120,46.53237323916667,6.6227486575
1121,46.53090907878788,6.624598598484848
1122,46.53161485333333,6.623128778333334
1123,46.53065860972222,6.627503626388889
1124,46.533491221666665,6.627577373333333
1125,46.53311920909091,6.628228627272727
1126,46.53515256964285,6.627452006037416
1127,46.534979750000005,6.628293585185186
1128,46.53465129895833,6.626716398958333
1129,46.53823644560606,6.622692906515152
1130,46.538648941666665,6.622088279166666
1131,46.5422418375,6.621819360416667
1132,46.542359796111114,6.622285058888889
1133,46.54385809207937,6.623910202952383
1134,46.543057809848484,6.623656306060605
1135,46.54287351060606,6.624238524512987
1136,46.5426859875,6.624519792708334
1137,46.54123971488095,6.626974373214286
1138,46.53409369166667,6.631873529166666
1139,46.53832245848485,6.625436560000001
1140,46.53841845357143,6.626043632738095
1141,46.53852333339646,6.626880956502524
1142,46.530498538461536,6.628992557051282
1143,46.528938506818186,6.627449342424242
1144,46.52867850491667,6.620993522583333
1145,46.5280415867,6.621188410542857
1146,46.52755802045454,6.621757531060606
1147,46.52720073333334,6.620888237857144
1148,46.52752274948593,6.6204300819493
1149,46.52784767842857,6.619875692261905
1150,46.528123577500004,6.61877868
1151,46.52856895333334,6.617944432333334
1152,46.51137185166667,6.637188570000001
1153,46.512306051643996,6.636996353605442
1154,46.511597900744334,6.640526684901076
1155,46.51129524469697,6.639672214393939
1156,46.511445991679295,6.639226312610931
1157,46.51125723819048,6.638585793404762
1158,46.51139239213543,6.637942637118056
1159,46.5118053,6.639754850757575
1160,46.511959781017325,6.638593661320346
1161,46.5105587125,6.638846921666667
1162,46.5106898759804,6.638414128431371
1163,46.51079264988095,6.637715031333333
1164,46.510810733823526,6.637052667156863
1165,46.51028538187075,6.637075825782314
1166,46.50946241561111,6.63710549311111
1167,46.51038388819444,6.636162530138889
1168,46.510162300388004,6.636004387865961
1169,46.509908514814825,6.6359212907407406
1170,46.50984283766667,6.6363732319999995
1171,46.50991013736111,6.636692418611111
1172,46.51184733859648,6.634052112280702
1173,46.51163205160257,6.633286239230769
1174,46.51228438034921,6.633302125325396
1175,46.51243111428571,6.633532758333333
1176,46.51282402583333,6.633969854880952
1177,46.51320644012432,6.633551318935509
1178,46.5406728,6.6662574
1179,46.5525492,6.681994
1180,46.5539062,6.6767707
1181,46.549873,6.6844432
1182,46.5061955,6.6757592
1183,46.524176,6.6594808
1184,46.51354750541125,6.633146602741703
1185,46.50795542013889,6.6273628180555555
1186,46.509573478,6.627269972666666
1187,46.50998929166667,6.628336766666666
1188,46.51211090408349,6.629628982160408
1189,46.51738925,6.62329845
1190,46.51030072,6.62590603
1191,46.50882352222222,6.625371673148148
1192,46.51038061880952,6.6251317897321425
1193,46.522567060376986,6.637143797162698
1194,46.523078845972215,6.637638965277778
1195,46.52427612260684,6.637064755491453
1196,46.523554677424244,6.636731869545456
1197,46.523075902777784,6.636672296805556
1198,46.52284705625,6.6365040375
1199,46.52324828605263,6.635693593480926
1200,46.52500599645833,6.6352244073958335
1201,46.52511099814815,6.634846927777778
1202,46.52644609828652,6.6340839592836796
1203,46.53012541573169,6.631854196245474
1204,46.53093832129252,6.63146805335034
1205,46.53114942180556,6.631017670555554
1206,46.5315171679321,6.6305339297376555
1207,46.53264867980311,6.630067500219781
1208,46.53226968043933,6.630725353593736
1209,46.53312824583334,6.629658869791666
1210,46.532748559999995,6.629384244615386
1211,46.53192951384615,6.630049836794871
1212,46.52951025875,6.632148947499999
1213,46.528878765416664,6.632512297916667
1214,46.52825032222222,6.632869311111111
1215,46.525223161666666,6.630799836666666
1216,46.525582665162204,6.630954225757092
1217,46.52752873841375,6.631533906300126
1218,46.52692444813251,6.631813416155487
1219,46.526227163,6.632607201000001
1220,46.525871738333336,6.633160325151516
1221,46.525538535627035,6.632950262094155
1222,46.52551982163234,6.631810672650934
1223,46.527862229777774,6.630937178999999
1224,46.528870787392655,6.631284103004254
1225,46.52993051452381,6.630901654980159
1226,46.53091723863636,6.630304927272727
1227,46.5287077462963,6.630553635185184
1228,46.532884618888886,6.628754171666667
1229,46.52345351028918,6.63819028752381
1230,46.52252297822223,6.638008430222222
1231,46.52167099409091,6.639983065454545
1232,46.5208717431111,6.640383185999999
1233,46.52125401557472,6.640152676206897
1234,46.521272873076924,6.638640573589743
1235,46.52104080576623,6.637812179795453
1236,46.52156832875,6.63592844263889
1237,46.522170010192745,6.635998814739229
1238,46.52249627,6.634112826282051
1239,46.519772221223405,6.638394218085107
1240,46.51783780072917,6.6391305934375
1241,46.517568606176475,6.638802286372549
1242,46.5182567625,6.63975908125
1243,46.518594090952384,6.63925719952381
1244,46.51607295136905,6.637306437956348
1245,46.51446287669692,6.636707268235239
1246,46.51527706190477,6.635816942261905
1247,46.51548251211707,6.635236486226191
1248,46.516193380595254,6.634973520178572
1249,46.515457664473686,6.63396989371345
1250,46.51545552666666,6.6344304816666675
1251,46.51468250833334,6.6348618408333335
1252,46.5143646031746,6.635479171825397
1253,46.51407732372307,6.637458909641441
1254,46.51448799166667,6.638107087777779
1255,46.51438338153845,6.638455049038462
1256,46.51387552144402,6.638110863349463
1257,46.51412674964442,6.639349731695272
1258,46.51372445817708,6.638862009375
1259,46.51395569325163,6.640217977385621
1260,46.51392226765873,6.640660221230159
1261,46.51399502319445,6.6410470084722215
1262,46.51426425545455,6.6417972557575755
1263,46.514293816249996,6.641270439861111
1264,46.514393086025635,6.640879380256411
1265,46.514650088636365,6.640116525
1266,46.51473122628205,6.639870219102563
1267,46.51495918944445,6.6395574393055545
1268,46.5153911710606,6.638942175151516
1269,46.5156922185119,6.638747770257936
1270,46.51559711266667,6.639303484666666
1271,46.51598430263371,6.6392498745766195
1272,46.51548086301281,6.63783973937729
1273,46.51508153078125,6.637241557135416
1274,46.516452723484846,6.638199460606061
1275,46.51667752083334,6.6390903975
1276,46.51911182277777,6.63666375611111
1277,46.52020325625,6.63747215625
1278,46.519759196875,6.6389659
1279,46.519618238571425,6.639261066428573
1280,46.520043955000006,6.641294456969698
1281,46.52034506726191,6.640414417857143
1282,46.520444677777775,6.640105049999999
1283,46.520703260876616,6.639373888528138
1284,46.520465183333336,6.639290408333333
1285,46.5194938,6.637864499999999
1286,46.520133454905825,6.639436783300572
1287,46.5203495,6.637407
1288,46.52451144852941,6.637809894117646
1289,46.516743571859415,6.640803099858278
1290,46.51581090179921,6.643263135598685
1291,46.51567601369464,6.644662505524476
1292,46.51561417227273,6.645140182272727
1293,46.51609704899725,6.64557008955586
1294,46.51632269890003,6.644873890723983
1295,46.517115159782605,6.643784747536231
1296,46.517621726866665,6.6434173176
1297,46.518079023,6.640533865222222
1298,46.51846717388889,6.641782261111112
1299,46.51765905113757,6.642683133878968
1300,46.517029736944444,6.6422758443027226
1301,46.516634885444454,6.6419408238888895
1302,46.515556545128206,6.6410663912820525
1303,46.514988437777774,6.6406845709999995
1304,46.514756685238105,6.640485492797619
1305,46.5201796,6.6260459
1306,46.5197941,6.6375635
1307,46.5222341,6.6341603
1308,46.52214458115244,6.630606117860423
1309,46.5238587,6.6227627
1310,46.5283399,6.59825984
1311,46.52762528333333,6.598121433333333
1312,46.5306206,6.6242766
1313,46.530993038333335,6.627899031666667
1314,46.539456050000005,6.621319434615385
1315,46.542803494772734,6.6229864615151515
1316,46.542224274999995,6.625391606249999
1317,46.54096782071428,6.627672645892858
1318,46.540644747222224,6.627936919444446
1319,46.54128338333334,6.633255366666667
1320,46.541682750857134,6.633005811714286
1321,46.529658,6.6285092
1322,46.52684268833333,6.630424106666666
1323,46.5301592,6.6296516
1324,46.529138345,6.61852212
1325,46.541592739583336,6.621418816666667
1326,46.53864989264705,6.624655634803921
1327,46.52940043571429,6.621783135714286
1328,46.527989250000005,6.6237921
1329,46.52935305,6.6251991
1330,46.52699183020833,6.621437220312499
1331,46.528680407917605,6.618508623998488
1332,46.528497450362316,6.617491207971013
1333,46.528964783333336,6.619370094444444
1334,46.5289859575,6.619660779
1335,46.528733176590904,6.620247708863636
1336,46.52663367190476,6.622594517380952
1337,46.525357499098064,6.624856150164192
1338,46.524315179060984,6.6240689240659325
1339,46.52513278181818,6.624020844696969
1340,46.525116810606065,6.625328387121214
1341,46.52468957174603,6.626110652063492
1342,46.52201346486264,6.641984837185592
1343,46.52383103594883,6.647476403868817
1344,46.524337884615385,6.647761442307693
1345,46.52699695681819,6.6518326424242415
1346,46.52960230625,6.65580986875
1347,46.529981335995366,6.655204881134259
1348,46.53124303333333,6.6563284750000005
1349,46.53037587305195,6.6577071544372295
1350,46.530836526398815,6.658651923809524
1351,46.531262676137565,6.659218225565175
1352,46.531661166666666,6.659445096969697
1353,46.53276263590909,6.660375156515152
1354,46.53202902303055,6.658922123507243
1355,46.53178694075397,6.657609386170634
1356,46.53141765511906,6.657333570547619
1357,46.530872100627704,6.657686687792207
1358,46.530535282510286,6.6600986566835685
1359,46.53014632666667,6.660956623333332
1360,46.529966300000005,6.661445266666665
1361,46.52986704166667,6.661717658333334
1362,46.5294558,6.6626717
1363,46.52845819629629,6.661742724074075
1364,46.52952560769231,6.660184130769232
1365,46.52905677222222,6.660263368518518
1366,46.5286627382381,6.66030305595238
1367,46.527912256481486,6.658432573148149
1368,46.52773053562368,6.657777774748996
1369,46.52662718651515,6.656338926818182
1370,46.52775236791319,6.655439664241315
1371,46.52832385037879,6.655306645454545
1372,46.52911786428571,6.6564171873626385
1373,46.52870122381313,6.657183784444445
1374,46.528368907848325,6.657388322619047
1375,46.52546510962963,6.661314011851852
1376,46.52508375944444,6.660493532222222
1377,46.52495908644085,6.656892072067308
1378,46.5262218175,6.654193005736111
1379,46.52296093333334,6.64803464875
1380,46.522386881875,6.640792584374999
1381,46.528806932251086,6.6453997978354975
1382,46.52398178888888,6.641663674444445
1383,46.5224701,6.6457174
1384,46.5234831758658,6.645403784350649
1385,46.52311688333334,6.645649188095239
1386,46.52422813787879,6.645341177272727
1387,46.52628503857143,6.645813262380953
1388,46.52640898333333,6.64651866111111
1389,46.529336649404755,6.646263233333334
1390,46.512310276199294,6.643110016044974
1391,46.512096799999995,6.643053233333333
1392,46.5110629,6.6390897
1393,46.51174642484127,6.638287380609668
1394,46.51185458958333,6.637171520833333
1395,46.51282033333334,6.63642159625
1396,46.51067222456845,6.636432357633929
1397,46.50741754910257,6.637373400551281
1398,46.5114271,6.6359065
1399,46.5093915,6.6264083
1400,46.51059107500001,6.6326928
1401,46.5115513,6.6286249
1402,46.5139025,6.6288428
1403,46.50973159545454,6.630112568181818
1404,46.51309424166667,6.629889966666666
1405,46.51286572833334,6.630083134861111
1406,46.5117985897436,6.622833589743589
1407,46.5112612,6.6219667
1408,46.52179665424836,6.637040180457516
1409,46.5228957,6.63744135
1410,46.528145152251085,6.630757372575758
1411,46.5333079175,6.629106589166668
1412,46.51919264946236,6.639738673870967
1413,46.51871910490196,6.639841387254902
1414,46.51744921861112,6.637838523518519
1415,46.51635972736905,6.634180042214285
1416,46.51575005,6.6395140999999995
1417,46.514861081190475,6.6540732897619055
1418,46.51510780407406,6.640040220925927
1419,46.515292278809525,6.640228
1420,46.51590567049645,6.640828836423505
1421,46.53796271060606,6.623053090909091
1422,46.5401985,6.620768024999999
1423,46.53806716761905,6.6321339961904755
1424,46.52928865333333,6.6175583783333325
1425,46.5387239875,6.627642940625
1426,46.530168225,6.619440324999999
1427,46.52830127,6.618359108333332
1428,46.5246098,6.6483263
1429,46.5277209,6.6490779
1430,46.53062261888889,6.658206229166666
1431,46.530042278730164,6.659626408730159
1432,46.529566029464284,6.660669657142858
1433,46.526744900000004,6.656831283333333
1434,46.522799635,6.65845773
1435,46.523979768749996,6.66061868125
1436,46.52408848712121,6.66100146090909
1437,46.52554178333333,6.656338933333333
1438,46.526275176296295,6.6473460088888885
1439,46.52528231400462,6.645365357638888
1440,46.5243077,6.64740865
1441,46.52243998181819,6.641527747575759
1442,46.52259703666667,6.645940916666667
1443,46.5266269,6.6500746
1444,46.51115966634615,6.6240411298076936
1445,46.51301439444445,6.621875563888889
1446,46.507761,6.63966355
1447,46.51300206944444,6.635997880555555
1448,46.50996616666667,6.637012224999999
1449,46.512305366666666,6.639949588888888
1450,46.51000958392857,6.635218103571429
1451,46.5134482,6.6334834
1452,46.51448571924963,6.630885780844645
1453,46.51658575925926,6.622723892592592
1454,46.51377308333333,6.630718866666666
1455,46.515437899999995,6.627153033333333
1456,46.512015749999996,6.623068459090908
1457,46.52422418125,6.63574101875
1458,46.52581171111111,6.6348856255555555
1459,46.52570644607843,6.634366919117646
1460,46.52492994666667,6.6310464611111115
1461,46.53036330416667,6.630912354166667
1462,46.52911663664595,6.630416343098688
1463,46.52991009292831,6.630168934423064
1464,46.53058851870902,6.630003597620593
1465,46.531354682539686,6.6288777380158725
1466,46.531978525790485,6.6288562501523804
1467,46.53199414689815,6.629368042939814
1468,46.53565476051282,6.6219936492307685
1469,46.53609002819445,6.621369369722223
1470,46.536820273333326,6.621252395128206
1471,46.53732153375,6.620850349583334
1472,46.5377906515625,6.6201091625
1473,46.538444597142856,6.619233695357143
1474,46.538650453611105,6.6188703125
1475,46.539005589743596,6.618432769230768
1476,46.53937327358975,6.61773177871795
1477,46.532438268571426,6.628609599047619
1478,46.51599571333333,6.633993806666668
1479,46.51558339166667,6.633630375
1480,46.516382,6.6415792375
1481,46.51716454285713,6.643092156878306
1482,46.517373475,6.64269475
1483,46.516702881923074,6.64417473868132
1484,46.51696388629458,6.640436240544817
1485,46.51909867678571,6.637983164285714
1486,46.52049279583334,6.6373364875
1487,46.592813375,6.6564597475
1488,46.592130107500004,6.656168277500001
1489,46.58840364026144,6.654212945947712
1490,46.5877625265,6.659490250499999
1491,46.557425713278384,6.674892215885226
1492,46.55982843657812,6.678899978491736
1493,46.56312032375,6.681602757291667
1494,46.56157481439395,6.682150788863637
1495,46.559716963750006,6.680929131011905
1496,46.55912046133333,6.680585163777777
1497,46.55888853333334,6.6803718
1498,46.55863649935898,6.680063676794872
1499,46.55769585208333,6.679702755555557
1500,46.55779812541877,6.681646257504364
1501,46.55710040154762,6.682619050416666
1502,46.55645936773561,6.683078462679925
1503,46.55605869861111,6.683364022222222
1504,46.55824045782829,6.681214728030303
1505,46.56305156604166,6.687045933055555
1506,46.56137974515988,6.695756463813692
1507,46.56005051521737,6.69621554711562
1508,46.557480801500006,6.697613608666667
1509,46.55471715059524,6.698038673351648
1510,46.55435153166667,6.697222256666666
1511,46.55426486666667,6.696420712820513
1512,46.554355885714294,6.695619080238095
1513,46.55443917597402,6.694812577489177
1514,46.55511412,6.69503938
1515,46.55774315287879,6.697007889740259
1516,46.5582636,6.6970218783333335
1517,46.55870112766684,6.698342518540765
1518,46.55908195094676,6.698153371333753
1519,46.55929015681818,6.698624879545455
1520,46.559617031317934,6.6992260240035195
1521,46.5586809883547,6.697277090170941
1522,46.56090473948052,6.697341859458874
1523,46.56162841858974,6.696107548076924
1524,46.56263031236111,6.697770488333333
1525,46.563214468392864,6.698371302757937
1526,46.564840895454545,6.697076622727272
1527,46.56658386692308,6.697108748846154
1528,46.55625965,6.7039908
1529,46.55570812337093,6.701375442669172
1530,46.556427399166665,6.7017185999999995
1531,46.556300867183914,6.700909989310345
1532,46.55605871875,6.69967641875
1533,46.55398221170995,6.696884192258298
1534,46.552850942307686,6.697585696153847
1535,46.55253361107352,6.698182492944862
1536,46.55225634394557,6.698721333117913
1537,46.55193735825341,6.698416068264296
1538,46.55114737117484,6.697372799789863
1539,46.551591514393934,6.696509097727272
1540,46.55137603202381,6.696023544761904
1541,46.551052509,6.696010934999999
1542,46.55023493903846,6.695944681816238
1543,46.54938842930556,6.695856367013889
1544,46.54896673384644,6.692370326076055
1545,46.54999067473959,6.69499311875
1546,46.5539007388889,6.694359678472222
1547,46.55567849829696,6.688093784160053
1548,46.55543167632035,6.6867234056818186
1549,46.55486075925926,6.687559894444444
1550,46.55466300416666,6.687977019027777
1551,46.55302463045455,6.690769823484849
1552,46.55230025969908,6.693229170949074
1553,46.550644508333335,6.691074141666667
1554,46.550341464484134,6.6908685876587315
1555,46.54956811111111,6.689884224074074
1556,46.547502225641026,6.6886100666666675
1557,46.545523628846155,6.686216662820514
1558,46.54504669940972,6.685282577951388
1559,46.54473001454112,6.684683035527157
1560,46.54429907444109,6.683862627078692
1561,46.54387061895605,6.683054280311355
1562,46.543519775757574,6.682571377575758
1563,46.542890816380954,6.6816427263174605
1564,46.54243912222222,6.6794031048611116
1565,46.54216296666667,6.679052400000001
1566,46.54172633124156,6.678947725897435
1567,46.54084526273629,6.678218460171357
1568,46.54034382579931,6.6778032500255105
1569,46.53912476203704,6.677629913148149
1570,46.538696042,6.679134070000001
1571,46.54059332130952,6.683360727810559
1572,46.539949558333326,6.681930541666667
1573,46.539415721354175,6.681510867708333
1574,46.53934036904762,6.681011416666666
1575,46.538813854007934,6.680357799812925
1576,46.59305487499999,6.6543834749999995
1577,46.557582556666674,6.675778949166667
1578,46.5592394002385,6.678077790979237
1579,46.55732733484849,6.679549926969696
1580,46.556796436111114,6.6793053250000005
1581,46.55642048666666,6.679070192222222
1582,46.55730482542064,6.682374276484127
1583,46.56299885000001,6.681974043749999
1584,46.56258543847222,6.682823961805554
1585,46.5591646609127,6.681282799444445
1586,46.56461517619048,6.692600292261905
1587,46.559637275,6.69618455
1588,46.5580541,6.6971185
1589,46.55533644398148,6.698822573611111
1590,46.55513545625,6.698561860416667
1591,46.554124501666664,6.699160779166666
1592,46.55436151568682,6.69857033070322
1593,46.558457091666675,6.69763885378788
1594,46.56138751924242,6.698065329242425
1595,46.56607564066666,6.696118779
1596,46.567647431249995,6.70046403125
1597,46.55644781759259,6.702261427777778
1598,46.55598838333333,6.701687016666666
1599,46.553557749999996,6.696856845238096
1600,46.55176253148148,6.697539353703704
1601,46.55160054800866,6.697124326277057
1602,46.5526378,6.696624806818182
1603,46.5522985621212,6.696282857575758
1604,46.54979026851852,6.69587437962963
1605,46.5496564,6.69514685
1606,46.551222759722215,6.695060498611112
1607,46.551605527619046,6.695135374503969
1608,46.55365864814816,6.694896151851853
1609,46.55412694444445,6.6947279701388895
1610,46.55310325833333,6.693625258333333
1611,46.55515542347222,6.6871513361111115
1612,46.55337729257576,6.689335266515152
1613,46.551882403728065,6.692861998026315
1614,46.543190487539675,6.682062277182539
1615,46.541326028768935,6.678607836013257
1616,46.539858906666666,6.677391855701754
1617,46.53802931904762,6.680701947619047
1618,46.542323563541665,6.6817771678125
1619,46.54016012142857,6.682077692857143
1620,46.528925935367965,6.657012656385282
1621,46.52736933181818,6.655564169696969
1622,46.557994362523814,6.679821551571429
1623,46.55687422083333,6.682762712500001
1624,46.5573254525,6.697299149166666
1625,46.55942891666667,6.6988771499999995
1626,46.55897586642857,6.696421032857143
1627,46.56077331363636,6.696412663636363
1628,46.55074030104167,6.695967794791667
1629,46.5503835685,6.694926565
1630,46.55220921060606,6.695246975757576
1631,46.553886165,6.6948351683333325
1632,46.552831693749994,6.693373175
1633,46.552654393,6.691303291833333
1634,46.54899929861111,6.68908965138889
1635,46.54566178878916,6.683512476629162
1636,46.54208691166667,6.6845551425
1637,46.540143284837555,6.6827412251934515
1638,46.592895706250005,6.655952670833334
1639,46.59725159074074,6.658925894444445
1640,46.58766115,6.6599042
1641,46.556666454166674,6.683709229166666
1642,46.560562608333335,6.681366758333334
1643,46.55916207916666,6.681706546212121
1644,46.563777981818184,6.686588527272726
1645,46.55564796644445,6.699065290555556
1646,46.554299235714275,6.6959931571428575
1647,46.55985704583334,6.696302126666666
1648,46.54493459537037,6.6841027055555555
1649,46.540243000000004,6.682404
1650,46.525417025,6.638330949999999
1651,46.52548644488095,6.638033752976192
1652,46.527136199469695,6.639530145075756
1653,46.52671928227273,6.638892724913421
1654,46.525833318351644,6.637672170989011
1655,46.52596477250001,6.636698760909092
1656,46.525735811842104,6.636114810526316
1657,46.526541294090904,6.637518638939394
1658,46.52736393520833,6.638692050520833
1659,46.52812617976732,6.638720310005412
1660,46.52653855013889,6.635244551805555
1661,46.52690534323529,6.634697012941176
1662,46.52797410178363,6.634060155102339
1663,46.527481455833325,6.634593520833333
1664,46.5274610125,6.635065510416667
1665,46.527662125000006,6.635488890277777
1666,46.53132013919745,6.635448474146704
1667,46.5318659566829,6.635376897555916
1668,46.532425584722226,6.635400467361111
1669,46.532717759309755,6.63544308318853
1670,46.53319868138889,6.635477460476191
1671,46.53367620639866,6.635493798963113
1672,46.53431402384616,6.635436285000001
1673,46.534931308809526,6.635002049821429
1674,46.53543697787518,6.6338459250937944
1675,46.53610923666666,6.633822621071429
1676,46.536314531220235,6.634400345704366
1677,46.5358569449087,6.635339144777553
1678,46.534636118181815,6.633870055303031
1679,46.534176196127454,6.634035643504901
1680,46.53330919215687,6.634004326715686
1681,46.53256561100001,6.6339870724
1682,46.541372175,6.642095106818183
1683,46.540283465128205,6.643075466153845
1684,46.539545146428566,6.643470463095237
1685,46.54026564619047,6.64475729904762
1686,46.542152129583336,6.654953385694444
1687,46.542678091412576,6.653665455981868
1688,46.54275235722222,6.652101304444446
1689,46.54277759270833,6.651751952083334
1690,46.54278343055556,6.651165358730158
1691,46.54224449606843,6.651929936855609
1692,46.54300803437499,6.65361621875
1693,46.543325449920715,6.652433623068759
1694,46.543558295370374,6.6505454870370375
1695,46.54354995168155,6.648817292053572
1696,46.54485317640939,6.64876699972537
1697,46.544363022435896,6.647799035897435
1698,46.544706257686876,6.647052163939394
1699,46.543513590777785,6.647745715999999
1700,46.543789557204306,6.6463859684408595
1701,46.54489794866666,6.64562013552381
1702,46.54421091737374,6.644927307692442
1703,46.543510202083326,6.645827635694444
1704,46.542942124074074,6.645228666666666
1705,46.543319290478195,6.643828908776568
1706,46.54176567170068,6.649078611105443
1707,46.54135024481685,6.6483538920238106
1708,46.54075903571429,6.647339557142857
1709,46.54083080442315,6.6437519718102385
1710,46.541059741666665,6.641592071527778
1711,46.54066626089744,6.641513208974359
1712,46.54304953402777,6.638973465277778
1713,46.543310831666666,6.639225401666666
1714,46.54353281948718,6.639406116410256
1715,46.54360037452381,6.639949773809524
1716,46.543583648748466,6.64079625927961
1717,46.54160652435898,6.636700750512821
1718,46.54142855688406,6.634207292028985
1719,46.53839144989177,6.634488491666665
1720,46.53791956325397,6.634672792936509
1721,46.53739873238095,6.634868458333334
1722,46.531831092564104,6.633271941923078
1723,46.53120536205128,6.633674075769231
1724,46.53009830487654,6.634242337583775
1725,46.529222117613955,6.634637783782051
1726,46.5288502675,6.634918689761904
1727,46.573437655,6.6158383
1728,46.57849537692308,6.610680744871795
1729,46.52671346851852,6.638507104629629
1730,46.52673815,6.6377242
1731,46.526047719999994,6.6359532325
1732,46.527459031666666,6.633942326666667
1733,46.53094836990319,6.635688069513166
1734,46.54273660522487,6.638647138640874
1735,46.541031060198414,6.634011157043651
1736,46.54004566259259,6.634032320555556
1737,46.539659755128206,6.634088798717949
1738,46.52186404351851,6.64079911
1739,46.5419583125,6.655879748958333
1740,46.54180790539216,6.655544540686274
1741,46.54151906609524,6.655308244142857
1742,46.54281811483334,6.650707626666666
1743,46.543205459166664,6.653274275833333
1744,46.543573487500005,6.6501035825
1745,46.54349118782407,6.6497344525
1746,46.54533024615385,6.646348812179487
1747,46.544246215813494,6.645609739920634
1748,46.54037246412337,6.646968908603896
1749,46.52850551789378,6.6392690289743586
1750,46.526082982051285,6.638161076602565
1751,46.532902985448715,6.634799167756411
1752,46.531563012427256,6.636809161781304
1753,46.532804323939395,6.636540941515151
1754,46.53324591650794,6.636415691587301
1755,46.53239879074074,6.6374472703703695
1756,46.53274170358975,6.637589762564104
1757,46.53387687906593,6.636925419542124
1758,46.532491047878786,6.637999797424243
1759,46.532531772599214,6.638546235892857
1760,46.532439671666666,6.638992066666667
1761,46.53314245833333,6.639705838333333
1762,46.542698200000004,6.652988975
1763,46.5798337875,6.6089767861111115
1764,46.5772806836977,6.6087068481241555
1765,46.52630145555555,6.638988059722222
1766,46.5356983,6.633564175
1767,46.54198911428572,6.655279142857144
1768,46.542748575,6.652581375
1769,46.544562106178574,6.649544581809525
1770,46.54506664,6.646577485
1771,46.540153405,6.641015907500001
1772,46.56376252679049,6.596269531467088
1773,46.5640016392361,6.596000991319445
1774,46.56438893763228,6.59573702635582
1775,46.56459136,6.59560524
1776,46.564986751666666,6.595337188333334
1777,46.56547957212121,6.594940136969696
1778,46.56502131117647,6.592791566274509
1779,46.56435037083334,6.593280493749999
1780,46.56369696029652,6.593204241390277
1781,46.563376504514196,6.593111192931698
1782,46.56309815239469,6.592984205712759
1783,46.53282172192064,6.648309509904763
1784,46.53292060532051,6.648772053525641
1785,46.53178955515151,6.650597849090909
1786,46.53204774324878,6.65094069483631
1787,46.53235580599567,6.651348513441558
1788,46.53271436435414,6.652064120216034
1789,46.533213836363636,6.651041850454546
1790,46.53255464680556,6.65117363125
1791,46.533320502270016,6.652021377849027
1792,46.533404093826356,6.652844858893097
1793,46.53353017244047,6.653369372142857
1794,46.533634042129634,6.653992620092593
1795,46.53286891071638,6.655302452567572
1796,46.532472547222234,6.655730786666667
1797,46.53261399050964,6.654383169497245
1798,46.53209448037201,6.6541408914906475
1799,46.531453054607844,6.654194052254901
1800,46.53130043677663,6.653639043535055
1801,46.531053251427466,6.652967343726853
1802,46.53065710981436,6.65204251445662
1803,46.53085905429825,6.652416195964912
1804,46.53005200319445,6.651450725694445
1805,46.529593086805555,6.6510711875
1806,46.52924179163708,6.650734276863906
1807,46.52846781775944,6.651085466140272
1808,46.528131961135536,6.65132050014652
1809,46.52693786211484,6.652421924586836
1810,46.528905360700236,6.652975998058968
1811,46.52980096704035,6.652485560198412
1812,46.530670256262944,6.6513071571014475
1813,46.53400888685186,6.648040522407408
1814,46.53420047430556,6.648368809027777
1815,46.53525539912734,6.647642722051641
1816,46.536111800972215,6.648462603611111
1817,46.53704010586081,6.649495625274725
1818,46.53799247423126,6.6503313291154456
1819,46.5389684408547,6.651910795940172
1820,46.539154879451694,6.653031272573672
1821,46.54014847791666,6.653719692083333
1822,46.54058673179487,6.652714744358973
1823,46.53909034487179,6.650992232051282
1824,46.53812199933328,6.6494496212203815
1825,46.537842697424246,6.649199150151516
1826,46.53757914229437,6.648965198636365
1827,46.5372892457272,6.648709303289363
1828,46.536975412651515,6.648361362878789
1829,46.53734228264881,6.647233465515873
1830,46.537724564814816,6.646781485185185
1831,46.5387353,6.6464169
1832,46.5391987,6.6463298
1833,46.54007545694444,6.6471920381944445
1834,46.53948014074074,6.647076043518519
1835,46.53949028653345,6.64659367699263
1836,46.538077335437414,6.647599980416666
1837,46.53846997123931,6.646973196025641
1838,46.538951301538454,6.647442115897437
1839,46.539386249233026,6.647889248762108
1840,46.541349265980585,6.649706310924833
1841,46.541058907878785,6.649527177575758
1842,46.54067702478807,6.649236137857143
1843,46.53924014835545,6.649539745904384
1844,46.540585270128204,6.6511908423076935
1845,46.54022425312831,6.650636563621032
1846,46.53979572121212,6.6501764113636375
1847,46.53949542061508,6.650017946547618
1848,46.53796934407616,6.646486439310754
1849,46.537026858452386,6.647726320357143
1850,46.536800693802526,6.648097354250701
1851,46.53495924045454,6.6504142953030305
1852,46.53482926869792,6.649810860104167
1853,46.53475331888889,6.648599737222223
1854,46.53507499975057,6.648930092278911
1855,46.535524942785344,6.6495163079480175
1856,46.53606552548777,6.649820312250331
1857,46.535537233333336,6.650269389499999
1858,46.53541791354497,6.650849246392197
1859,46.53745593833334,6.656518823076924
1860,46.53758456144445,6.657425598222221
1861,46.53786699226191,6.6584770536904765
1862,46.53557699453789,6.655992736626707
1863,46.53377687371795,6.658935038461538
1864,46.53323043055556,6.6610924375
1865,46.53367030855556,6.661468766111112
1866,46.53390436287699,6.661734761666668
1867,46.533958580100744,6.662544933699634
1868,46.53456089083333,6.662050851666666
1869,46.53460385889947,6.661727673206349
1870,46.53413858972875,6.660900139738646
1871,46.53370204355556,6.660179452722223
1872,46.53469372063492,6.660697063789683
1873,46.53432570920635,6.6593465891208785
1874,46.534250857142865,6.659004792857142
1875,46.534864695625004,6.6588123873611105
1876,46.5352911408631,6.66350815536045
1877,46.53552494461539,6.663832265128205
1878,46.53597909961539,6.664657114487179
1879,46.535079702649575,6.66796662973138
1880,46.53921915256411,6.667836330641027
1881,46.538066495416665,6.667333947222222
1882,46.53836549144842,6.667146785158731
1883,46.53900862776042,6.66692182703125
1884,46.53807588184965,6.666133644711177
1885,46.537457956500006,6.6651134784999995
1886,46.53794058291667,6.663963787361112
1887,46.53808391091667,6.664349251583333
1888,46.53980656851496,6.664715032115385
1889,46.539158226556125,6.66448615297619
1890,46.535993343977765,6.662929441650925
1891,46.53683374294872,6.661858993589744
1892,46.5368098,6.6613815
1893,46.53651856035052,6.661062155208332
1894,46.536222049345234,6.6610312105853176
1895,46.53551157430556,6.662332510416667
1896,46.535274145218246,6.661656468410364
1897,46.53476501777778,6.657465548202615
1898,46.5352406498611,6.656680386111112
1899,46.53498627264463,6.653897346308541
1900,46.53477869583333,6.653266405530303
1901,46.533598882417586,6.6475971487545795
1902,46.53278164642857,6.64773315357143
1903,46.532518781825395,6.648161754126985
1904,46.53197157291666,6.64838455486111
1905,46.5317313825641,6.64838935
1906,46.53114817569445,6.6483140715277775
1907,46.53006589394089,6.648444830706075
1908,46.52958828642857,6.648488572936508
1909,46.5283194125,6.64841257638889
1910,46.527842263809525,6.648233281145833
1911,46.522605437954546,6.648143830227272
1912,46.523039106249996,6.64871675
1913,46.525438486666665,6.649969116666666
1914,46.526463022916666,6.650990989583334
1915,46.52322675092592,6.648830105555555
1916,46.5317466872619,6.648732342571428
1917,46.532971054722225,6.6520486675
1918,46.53303650666667,6.65076485
1919,46.5327741547619,6.6508700875
1920,46.53204529320513,6.656141202564104
1921,46.532873985111046,6.654473338299848
1922,46.53459021984849,6.649153024545453
1923,46.534292371666666,6.64974571
1924,46.53402606740344,6.650220748705118
1925,46.533975457443084,6.657476135103262
1926,46.53382065937208,6.656381812997199
1927,46.53364629523368,6.654890926537332
1928,46.53435829791667,6.654228552777778
1929,46.53443364671717,6.653425531818181
1930,46.53571872739118,6.6512295796575
1931,46.53996150212121,6.652807477878787
1932,46.53962946286667,6.6474522046
1933,46.54159407555556,6.649654489583335
1934,46.539774102083335,6.648445684722223
1935,46.53914586439394,6.650335232575759
1936,46.538538153472224,6.646336309444447
1937,46.53568126045952,6.647823329825491
1938,46.53482166602565,6.647400142948718
1939,46.53401249652777,6.647115432291666
1940,46.53451201027778,6.6473191325
1941,46.52319930000001,6.647828666666666
1942,46.5234278,6.647403433333333
1943,46.5374615745671,6.656155055833333
1944,46.53323563739583,6.661740955208334
1945,46.531884376190476,6.650197921428571
1946,46.53453250859217,6.6525594828724754
1947,46.53374678392857,6.655702191666665
1948,46.533047438888886,6.65508423888889
1949,46.530451407142856,6.651739985714285
1950,46.5287171962963,6.650599568518519
1951,46.53018422,6.65203861
1952,46.53098376818182,6.650818356818181
1953,46.53469096626984,6.651582413363094
1954,46.53936560152329,6.652728355562277
1955,46.54001540763889,6.648683511805556
1956,46.532186972727274,6.650074675
1957,46.532494127777774,6.652031305555556
1958,46.5332025,6.654867
1959,46.52778936666667,6.651555233333333
1960,46.53138084285715,6.650485339285715
1961,46.534897099999995,6.65707835
1962,46.538708995238096,6.6509457761904756
1963,46.53924766233333,6.652167187000001
1964,46.54031955533333,6.648918668791666
1965,46.53899246458334,6.646281424583334
1966,46.53488179090909,6.6508375
1967,46.5346017375,6.648469293750001
1968,46.525121770000005,6.649801930000001
1969,46.5251368,6.6520501
1970,46.5246845,6.6530231
1971,46.5227362,6.6567597
1972,46.5200854,6.6510941
1973,46.5199928,6.643878599999999
1974,46.4988661,6.6920016
1975,46.51517233928571,6.647012928571429
1976,46.51380395238095,6.644900228571429
1977,46.51296846666667,6.650388766666666
1978,46.51355516666666,6.649490833333334
1979,46.51580605833333,6.64826658125
1980,46.520977027777775,6.614533677777778
1981,46.5183337,6.60743875
1982,46.51750935,6.60602395
1983,46.52244900099207,6.626277472293651
1984,46.520864233333334,6.634856433333334
1985,46.52086515277778,6.63420445
1986,46.520492454583334,6.629394267083333
1987,46.519795930322125,6.622959376820728
1988,46.51958587878788,6.623470143939394
1989,46.5188661,6.62569665
1990,46.51851267666666,6.624788489999999
1991,46.516864260989585,6.636209957135416
1992,46.51611956751208,6.636499375483092
1993,46.51711634541125,6.636897812164502
1994,46.5173974411111,6.63454686530303
1995,46.51716189166666,6.632060659895833
1996,46.517622775,6.62822085
1997,46.5194241,6.6244751
1998,46.51949765,6.6226458
1999,46.5196436,6.6238287
2000,46.519028527083336,6.6207594937500005
2001,46.519700561111115,6.620780720833333
2002,46.519817144696965,6.621401228030303
2003,46.5205426,6.6304194
2004,46.5200721,6.6282808499999994
2005,46.5198158,6.6288435
2006,46.5235783375,6.631585675
2007,46.52431540909091,6.631593509090909
2008,46.52307692136363,6.630242690454545
2009,46.52322110833333,6.629924491666666
2010,46.52351641515151,6.627982165151516
2011,46.5242609110014,6.627482056470589
2012,46.52367233015873,6.6286576944940485
2013,46.523484195240826,6.62948643510842
2014,46.52236406337963,6.630198431882716
2015,46.52252670833333,6.631067817962963
2016,46.5226529,6.6324977
2017,46.5224509,6.632631
2018,46.5219699,6.633902750000001
2019,46.5222367,6.6338027
2020,46.5224081,6.6323032
2021,46.5214247,6.6326592
2022,46.521321376960785,6.632031891176471
2023,46.521117304166665,6.632540181944443
2024,46.51936019848485,6.634244092121211
2025,46.52473150946429,6.633766091964286
2026,46.52504726666667,6.633862566666667
2027,46.5252233,6.6342645
2028,46.525304796130946,6.633735966369048
2029,46.52467433917749,6.6329662736471855
2030,46.52415737746754,6.6326503025324675
2031,46.52323983,6.631417383333334
2032,46.52373207609375,6.63004447046875
2033,46.524281645535716,6.630654655535715
2034,46.524430949601374,6.628676560309795
2035,46.5243004,6.6297804
2036,46.52502237511905,6.629337900406746
2037,46.52691690483333,6.628687962000001
2038,46.52714917509259,6.6266697325
2039,46.52772034259259,6.6267148925925925
2040,46.52623027030303,6.625981168571428
2041,46.525539900000005,6.6260376
2042,46.52427637178572,6.625284046190475
2043,46.523819332575755,6.6250621256060604
2044,46.53176921484127,6.609812387579364
2045,46.5283393802381,6.607614427023809
2046,46.5275572,6.6081689
2047,46.52777881217948,6.610182914102564
2048,46.527493,6.6121479
2049,46.523256950000004,6.621512120833333
2050,46.52404763981482,6.617613398148148
2051,46.5233189,6.6187319
2052,46.52223603333333,6.618062904166667
2053,46.522265824,6.6171733496666665
2054,46.53107972222222,6.615711761111111
2055,46.53412026212121,6.6137007712121205
2056,46.5258849809091,6.619627136320347
2057,46.5259838,6.6193934
2058,46.52439946964285,6.614986535714286
2059,46.5235674,6.6206856
2060,46.52099593888889,6.618209222222223
2061,46.517384400000005,6.6491051500000005
2062,46.52034737232143,6.64931400625
2063,46.51845721203704,6.6521283870370365
2064,46.51958646666667,6.6163132000000004
2065,46.52123951363636,6.59676743409091
2066,46.51581887222222,6.6221832888888885
2067,46.51539119141667,6.619832912166667
2068,46.51553287634921,6.619201
2069,46.515713534894175,6.618737840132274
2070,46.51612385703704,6.618332738888889
2071,46.51590895375,6.61821616625
2072,46.5162452,6.6133537
2073,46.52258291944445,6.6573020055555565
2074,46.5218936,6.65751
2075,46.51892065,6.6555287
2076,46.5187844,6.6553889
2077,46.5188224,6.6548389
2078,46.51860219000001,6.65341303
2079,46.5187122,6.6556225
2080,46.5179847,6.6527761
2081,46.520492000000004,6.6546852
2082,46.5245372,6.6533661833333335
2083,46.51867926666667,6.647541266666667
2084,46.51883795714286,6.648513758503403
2085,46.5146073,6.648786149999999
2086,46.51810914041667,6.617552999583333
2087,46.51563616666667,6.623811266666666
2088,46.5232526,6.593331
2089,46.5137956,6.613182950000001
2090,46.5321244375,6.610201437500001
2091,46.525515618750006,6.615267845833333
2092,46.5244691,6.6524252
2093,46.520584,6.6578366
2094,46.520372019999996,6.654860050000001
2095,46.5214321,6.6034956
2096,46.51992343,6.59594334
2097,46.515869,6.6147445
2098,46.51444781666667,6.616403716666667
2099,46.5222424,6.6007535
2100,46.51837765092492,6.626375494139195
2101,46.5170465,6.6370977
2102,46.516947425,6.636913475
2103,46.51707139423077,6.63311536474359
2104,46.5174198,6.631618049999999
2105,46.5185212,6.6261165
2106,46.5192202375,6.624380003333334
2107,46.519518143333336,6.621556793333334
2108,46.51988641388889,6.621911083333334
2109,46.524955757407405,6.633079644444445
2110,46.52397607647059,6.631712892156862
2111,46.524533283333334,6.631197791666668
2112,46.521689088888884,6.630868561111111
2113,46.522667899999995,6.6302273375
2114,46.52302805757576,6.631692696969697
2115,46.522838,6.6325316857142855
2116,46.52200975,6.63293022
2117,46.52214160416666,6.6325384666666665
2118,46.52226222592593,6.6318924444444445
2119,46.51970162559524,6.630330204166667
2120,46.51978373333333,6.6285872333333336
2121,46.518810755208335,6.631452930208333
2122,46.5185023,6.631990225
2123,46.518519338416674,6.632551044791667
2124,46.518217249691354,6.633605637037037
2125,46.5180223,6.6341001
2126,46.51789506969697,6.6349750984848495
2127,46.5176879,6.6355602
2128,46.517743664583335,6.636067622395833
2129,46.51852740555556,6.633080076666667
2130,46.518041975,6.631677903787878
2131,46.518100266333335,6.631341448000001
2132,46.51778663194445,6.630431587500001
2133,46.518553965833334,6.6278410675
2134,46.518646228571434,6.627533146428573
2135,46.51876951025641,6.627159498205128
2136,46.51890117000001,6.626667024166666
2137,46.525330269962126,6.626665465047348
2138,46.52466909472222,6.62667243800926
2139,46.52413827888889,6.626702239722223
2140,46.52686238196969,6.627446271212121
2141,46.52679826833334,6.62782539
2142,46.52580318020833,6.629342582291667
2143,46.52538295,6.62998605
2144,46.525564348125734,6.629744332444575
2145,46.525396349999994,6.627715383333334
2146,46.525711315,6.625881495833333
2147,46.53193313333333,6.611912760416668
2148,46.54049593333334,6.617475022222222
2149,46.54772465,6.61853665
2150,46.53397799333333,6.620282686666667
2151,46.525779868181814,6.610519818181817
2152,46.524878915,6.61387385
2153,46.52371573,6.620369030000001
2154,46.5267187,6.6181792
2155,46.52419535,6.6203486
2156,46.5284292,6.5979071
2157,46.5745948,6.641165499999999
2158,46.5188098,6.6160666
2159,46.5187575,6.6158917
2160,46.4936458,6.6040104
2161,47.111406900000006,10.3443321
2162,46.52577246458333,6.648374972916667
2163,46.52956997380953,6.662924678571428
2164,46.52924786041667,6.662714864583334
2165,46.525288666666675,6.647916066666667
2166,46.51378403125,6.631748340625
2167,46.51089586250001,6.6288351
2168,46.514155826666666,6.63041953
2169,46.51797808,6.621364009999999
2170,46.5111964,6.621376125
2171,46.5081828,6.6275203
2172,46.51546760833333,6.631871666666666
2173,46.51561156000001,6.63111868
2174,46.51545579415585,6.631107001368076
2175,46.52380559722223,6.636135844444445
2176,46.5286213,6.6328301
2177,46.52764044375,6.63301281875
2178,46.53120247469697,6.63022910469697
2179,46.516188490333334,6.633319031666666
2180,46.525668116666665,6.625014666666667
2181,46.52496041588318,6.622883514597288
2182,46.5281051,6.6167793
2183,46.52919544393939,6.618143387878788
2184,46.53224225,6.6225731
2185,46.530191970512824,6.618874428205128
2186,46.52897285,6.62018245
2187,46.5268063,6.6226335
2188,46.524886800000004,6.625924449999999
2189,46.5332799,6.62773855
2190,46.5347863,6.6283499
2191,46.5381289,6.6250433
2192,46.5381887,6.6256086
2193,46.5382599,6.6262468
2194,46.5382478,6.6270497
2195,46.5380987,6.6233796
2196,46.53979292964286,6.623689176279762
2197,46.5390448,6.624398333333335
2198,46.52142105,6.641439849999999
2199,46.5221764,6.6405502
2200,46.5218709,6.6446063
2201,46.51503861875,6.631509716666667
2202,46.5169341,6.6208206
2203,46.5182465,6.6193308
2204,46.51172581,6.628748079999999
2205,46.50694837685185,6.6270138925925925
2206,46.508210274999996,6.627140375
2207,46.5075993,6.626090033333334
2208,46.51531185,6.6317158
2209,46.514989775,6.628988337500001
2210,46.5155644,6.6271255
2211,46.51405853999999,6.62616826
2212,46.5127856,6.633648
2213,46.50905275,6.637131875000001
2214,46.5130177,6.6357527
2215,46.5123783,6.637801550000001
2216,46.5122672,6.6383056
2217,46.5213489,6.6364747
2218,46.5253753,6.6321787
2219,46.521731700000004,6.634926583333333
2220,46.5161156,6.6342806
2221,46.515162333333336,6.639214192592593
2222,46.515474,6.63696105
2223,46.518537452083336,6.640717522916667
2224,46.5279321,6.5978727
2225,46.5245553,6.6232658
2226,46.5245345,6.6230668
2227,46.5234456,6.6243228
2228,46.5243388,6.6224545
2229,46.5246522,6.6226618
2230,46.5262111,6.6215142
2231,46.5274965,6.623096
2232,46.5255419,6.6218107
2233,46.5260224,6.6209255
2234,46.5274169,6.6211293
2235,46.5283222,6.6167679
2236,46.5284457,6.616816
2237,46.5274128,6.6214204
2238,46.5284375,6.620873
2239,46.5278146,6.6202711
2240,46.5257219,6.6096758
2241,46.5281863,6.6177077
2242,46.5292334,6.6207805
2243,46.5289994,6.6211972
2244,46.5287416,6.6213948
2245,46.5265125,6.6234467
2246,46.52574615,6.62368655
2247,46.5255347,6.6254874
2248,46.526188825000006,6.623001674999999
2249,46.5301984,6.6220276
2250,46.529316449999996,6.6209659
2251,46.5295281,6.6211338
2252,46.5303667,6.6215506
2253,46.5305442,6.6213607
2254,46.5313585,6.6223598
2255,46.5315583,6.6228167
2256,46.5297812,6.6210374
2257,46.5300696,6.620706
2258,46.5285964,6.6194305
2259,46.5314764,6.633725000000001
2260,46.533091,6.6196291
2261,46.5333863,6.6201263
2262,46.5367253,6.6210928
2263,46.5399526,6.6218591
2264,46.5403582,6.6235655
2265,46.538331,6.624538
2266,46.5385382,6.6274387
2267,46.538953271666664,6.627917831666666
2268,46.533117149999995,6.6271796
2269,46.5337926,6.6262724
2270,46.5401408,6.6325984
2271,46.541080882857145,6.633216205714286
2272,46.5379613,6.6336179
2273,46.5375252,6.6335778
2274,46.53328375,6.6325506
2275,46.5326418,6.632751750000001
2276,46.5403027,6.6318782
2277,46.53945445,6.6318769
2278,46.5332998,6.6332435
2279,46.5307117,6.6240725
2280,46.531402,6.6235475
2281,46.53219245,6.62597945
2282,46.5309394,6.6257106
2283,46.53003846666667,6.627587383333334
2284,46.529215050000005,6.6295503
2285,46.528870325,6.6301139
2286,46.5265257,6.65772395
2287,46.52591123124999,6.6571989812500005
2288,46.525614044444445,6.6575839777777785
2289,46.52538812638889,6.658147025000001
2290,46.52497091111112,6.659275938888889
2291,46.5250696,6.6567694
2292,46.5225572,6.658688
2293,46.5245412,6.6621841
2294,46.52664043409091,6.652332820454546
2295,46.5313328,6.6463271
2296,46.5281027,6.64150205
2297,46.5274006,6.64136925
2298,46.5270679,6.6420938
2299,46.52262315,6.6414233
2300,46.5212563,6.6421081
2301,46.52325736666666,6.640599333333333
2302,46.5215913,6.6433627
2303,46.526554,6.6492489
2304,46.5250821,6.6457572
2305,46.5250623,6.6460815
2306,46.5258303,6.64632
2307,46.5261036,6.6481165
2308,46.52448085,6.64736935
2309,46.5247367,6.6463368
2310,46.526863514285715,6.644995271428571
2311,46.5291738,6.6464657
2312,46.5295387,6.6471909
2313,46.5296822,6.6473905
2314,46.5287853,6.64732095
2315,46.5129893,6.6216384
2316,46.5153641375,6.632050675
2317,46.51525815,6.6311412999999995
2318,46.5125171,6.6426554
2319,46.5286796,6.5968931
2320,46.53060816,6.63065232
2321,46.51770915,6.6379145500000005
2322,46.516148699999995,6.6381401625
2323,46.5406306,6.6282895
2324,46.5384565,6.6319647
2325,46.5304687,6.622232125
2326,46.532525416666665,6.622874733333333
2327,46.531979604166665,6.625978270833333
2328,46.52852555416666,6.620537020833333
2329,46.5270697,6.6227745
2330,46.5269195,6.6227988
2331,46.5241289,6.6479878
2332,46.5247452,6.64840695
2333,46.52577825,6.6481025
2334,46.5259397,6.6485087499999995
2335,46.5283929,6.6494596
2336,46.5280923,6.6502755
2337,46.5275733,6.651356
2338,46.5274627,6.6539173
2339,46.52898445,6.65574745
2340,46.5299031,6.6554837
2341,46.5247642,6.6450762
2342,46.5307355,6.6572354
2343,46.51603455,6.64057425
2344,46.5306297,6.6501846
2345,46.5291212,6.6605858
2346,46.5035891,6.6740877
2347,46.5048062,6.671053400000001
2348,46.2394157,6.7878638
2349,46.5261427,6.6584919000000005
2350,46.3620316,6.9817986
2351,46.28952180000001,6.895865400000001
2352,46.2526619,6.7988319
2353,46.3009208,6.788253399999999
2354,46.3194581,6.792514
2355,46.5237876,6.6419287
2356,46.5228995,6.6410593
2357,46.52472339999998,6.6447350000000025
2358,46.50738403333333,6.625431166666666
2359,46.51452775,6.6291061
2360,46.514355,6.6290031
2361,46.5123649,6.6300675
2362,46.5122053,6.6300291
2363,46.51308708333334,6.629573000000001
2364,46.5133437,6.6218205
2365,46.515568225,6.63140935
2366,46.515344525,6.6309667
2367,46.5120324,6.6233652
2368,46.529076,6.6322708
2369,46.5294583755,6.6301724680000005
2370,46.53128811249999,6.62941725
2371,46.538150964685315,6.619674861363635
2372,46.5191271,6.6402071
2373,46.5255285,6.6251336
2374,46.5409543,6.6309693
2375,46.5346522,6.6328132
2376,46.53466575,6.632510275
2377,46.5352029,6.63170795
2378,46.5388399,6.6305825
2379,46.5390151,6.6247228
2380,46.5397825,6.6239655
2381,46.5401474,6.6243325
2382,46.543315283333335,6.62383465
2383,46.5288935,6.6601032
2384,46.5285329,6.6573241
2385,46.525049016666664,6.659048416666667
2386,46.5173195,6.6192816
2387,46.5121349,6.6286513
2388,46.50763585,6.639950450000001
2389,46.51460066,6.633200820000001
2390,46.511730025,6.640397475
2391,46.561382,6.6961175
2392,46.5627775,6.6976653
2393,46.56337604166667,6.698372675
2394,46.56694275370371,6.702631757407407
2395,46.55202108835714,6.69611361347619
2396,46.55675708,6.68723974
2397,46.548858599999996,6.688853505
2398,46.56096685,6.681649761538461
2399,46.559366358333335,6.6793896083333335
2400,46.557601697222225,6.681989427777778
2401,46.5657819,6.6962015
2402,46.5517246,6.696196049999999
2403,46.55653813333333,6.6866609966666655
2404,46.55438675000001,6.68823855
2405,46.552186500000005,6.6917514
2406,46.54925765,6.68947365
2407,46.539283499999996,6.6774624
2408,46.542221299999994,6.6793480333333335
2409,46.54254823333333,6.679679966666666
2410,46.544768149999996,6.685038325000001
2411,46.54496055,6.68551315
2412,46.5559523,6.7000843
2413,46.5539591,6.6992896
2414,46.55450745,6.6981037500000005
2415,46.559379,6.6983105
2416,46.5594946,6.6994579
2417,46.5629685,6.6967714
2418,46.548731866666664,6.692586516666666
2419,46.5457694,6.6857821
2420,46.5449995,6.6846859
2421,46.5436811,6.682870299999999
2422,46.5382556,6.6805752
2423,46.59242509999999,6.656412966666667
2424,46.56688003095238,6.6980157476190465
2425,46.52520031428571,6.637954096428572
2426,46.538656,6.6344634
2427,46.5415035,6.636962
2428,46.532553449999995,6.6377628
2429,46.53231870592593,6.636826946666667
2430,46.542112149999994,6.65635194
2431,46.54327756190476,6.652927214285714
2432,46.543413321969695,6.65157801969697
2433,46.530769199999995,6.63580355
2434,46.530950742857144,6.636617432142858
2435,46.53046865277778,6.636451983333334
2436,46.53211054444444,6.636979466666667
2437,46.57914515227273,6.609765822727272
2438,46.580388490000004,6.60665138
2439,46.580626,6.604698626190477
2440,46.57747475606061,6.604021343181818
2441,46.569430511805564,6.604890461805556
2442,46.5275672,6.63867665
2443,46.529448450000004,6.64012555
2444,46.58007195,6.604608950000001
2445,46.5782018,6.6023727
2446,46.534255075000004,6.6581480625
2447,46.5375178,6.6648674
2448,46.534689864814816,6.6625362425925925
2449,46.535080688070174,6.6607927440350885
2450,46.53758688981482,6.64992131574074
2451,46.53846812142858,6.6504971642857145
2452,46.538199899999995,6.64972565
2453,46.532682290476195,6.665170607142857
2454,46.5354384,6.6640371
2455,46.53898406111111,6.668018380158731
2456,46.54013994097222,6.659919018055555
2457,46.5414239625,6.65650119375
2458,46.538099558333336,6.646789796666667
2459,46.53384532395833,6.6477787343750006
2460,46.535509757142854,6.667554871428571
2461,46.532253850000004,6.648389099999999
2462,46.53961211041667,6.667456691666667
2463,46.534870874999996,6.651277275
2464,46.5397889,6.6673837
2465,46.51516752222222,6.649869388888888
2466,46.51909806428571,6.620414802380952
2467,46.518234203703706,6.628970038888889
2468,46.521567860909094,6.6164957714899
2469,46.5225608,6.61921555
2470,46.52284485,6.61892545
2471,46.52238605,6.6282143
2472,46.522684825,6.6313817125
2473,46.522401560000006,6.6329466275
2474,46.52488765,6.6302596000000005
2475,46.524635672916666,6.628379872499999
2476,46.52487895,6.6295727
2477,46.5286728,6.6057348
2478,46.4948676,6.5689301
2479,46.5201881,6.6203658
2480,46.5198582,6.6192892
2481,46.5240439,6.6201215
2482,46.523897,6.6211447
2483,46.5233614,6.6218364
2484,46.5320864,6.6209784
2485,46.5254025,6.621534
2486,46.5254288,6.6209074
2487,46.5309396,6.6144904
2488,46.5309375,6.6130887
2489,46.5316324,6.6116031
2490,46.5316086,6.613219100000001
2491,46.53763415,6.617604849999999
2492,46.533542,6.6195037
2493,46.536605,6.6158608
2494,46.5320051,6.6231238
2495,46.5293545,6.667004899999999
2496,46.52117975555556,6.641049688888889
2497,46.5227419,6.6108777750000005
2498,46.521705125,6.603867575
2499,46.51562591249999,6.618955325
2500,46.5157654,6.6184284
2501,46.517403243333334,6.597891313333333
2502,46.5347654,6.6131909
2503,46.5363489,6.6152586
2504,46.5377538,6.6139656
2505,46.520706761111114,6.6439721333333335
2506,46.5171738,6.64873035
2507,46.515335775000004,6.649778575
2508,46.52726526666666,6.59681405
2509,46.5211511,6.6132516
2510,46.521621100000004,6.608710233333333
2511,46.515776409999994,6.621235179999999
2512,46.52450126666666,6.602213746666666
2513,46.515835771666666,6.607473651666666
2514,46.526193000000006,6.62922205
2515,46.525153,6.6272424
2516,46.52479295,6.6291376500000005
2517,46.5045461,6.6120588
2518,46.52405363333334,6.625130283333334
2519,46.5375296,6.6141667
2520,46.5295948,6.617367
2521,46.5208241,6.64785
2522,46.52214035,6.65523395
2523,46.51143,6.6797787
2524,46.51293521666667,6.645616400000001
2525,46.5159764,6.6142598800000005
2526,46.51713245,6.6160727
2527,46.5143815,6.61152185
2528,46.5232111,6.6221026
2529,46.5215709,6.624859670000001
2530,46.5166853,6.6360376
2531,46.518611066666665,6.631158275000001
2532,46.518221366666666,6.629699066666666
2533,46.519030453125,6.62599734375
2534,46.52074771666667,6.624370849999999
2535,46.5222214,6.6195223
2536,46.5230498,6.6152328
2537,46.5221563,6.6280125
2538,46.5225659,6.6315967
2539,46.5216773,6.6343851
2540,46.5277722,6.627379400000001
2541,46.5247221,6.62651945
2542,46.526374455555555,6.6128790777777775
2543,46.5276781,6.6485555
2544,46.5300351,6.6564772
2545,46.5327745,6.6615718
2546,46.5333699,6.6631501
2547,46.5303962,6.6597832
2548,46.528984,6.6599651
2549,46.5286242,6.6599276
2550,46.5282399,6.6582324
2551,46.52529365,6.65644555
2552,46.5242046,6.6544291
2553,46.5242467,6.6554406
2554,46.5232658,6.6586408
2555,46.5278611,6.6466574
2556,46.5274657,6.6460809
2557,46.5263768,6.6456721
2558,46.517764650000004,6.6275971999999985
2559,46.513027075,6.633666075
2560,46.5151969,6.630075
2561,46.51331795,6.6214771
2562,46.51262624166666,6.622935075
2563,46.513225,6.6260945
2564,46.51439,6.6261601
2565,46.5101959,6.6357261
2566,46.51661868333333,6.619895416666666
2567,46.5111424,6.6228951
2568,46.5109579,6.6231284
2569,46.50943407142857,6.624196402380953
2570,46.51251834999999,6.625558000000001
2571,46.514043225,6.625384700000001
2572,46.5101833,6.620955
2573,46.50848735,6.6173761
2574,46.50861345,6.617183975
2575,46.50974906666667,6.617545929166666
2576,46.528378799999984,6.596924899999999
2577,46.525335850000005,6.635380850000001
2578,46.5219103,6.640195433333333
2579,46.52157849999999,6.638951799999998
2580,46.5224845,6.638814599999998
2581,46.5322155,6.618243
2582,46.5317384,6.6234496
2583,46.5246474,6.613208
2584,46.541221400000005,6.620926499999999
2585,46.5404731,6.6259514
2586,46.5383312,6.62690575
2587,46.5388891,6.6283948
2588,46.5390546,6.6289053
2589,46.5389422,6.6255057
2590,46.5384713,6.623701
2591,46.53840095,6.623329099999999
2592,46.5309653,6.6253927
2593,46.53153780000001,6.627809200000001
2594,46.5287499,6.620683799999999
2595,46.5288515,6.6208773
2596,46.5282717,6.6207056
2597,46.5280373,6.619645500000001
2598,46.5288053,6.6190022
2599,46.5400343,6.6327678
2600,46.53803573347222,6.6338329880555555
2601,46.5285778,6.618724
2602,46.5281688,6.6166326
2603,46.5317395,6.6599671
2604,46.5300938,6.6607307
2605,46.5306058,6.6609392
2606,46.5285919,6.6607049
2607,46.527389500000005,6.6600417
2608,46.5261168,6.6463608
2609,46.5276186,6.6493651
2610,46.5453428,6.6497092
2611,46.6005108,6.6934095
2612,46.5896756,6.708195
2613,46.5229403,6.6452543
2614,46.5284778,6.6482953
2615,46.5303379,6.6447644
2616,46.529440999999984,6.643132199999999
2617,46.523233,6.6460559
2618,46.5263158,6.6451349
2619,46.5267193,6.6443353
2620,46.5274536,6.645484850000001
2621,46.528192,6.6456508
2622,46.5295663,6.6462231
2623,46.5272835,6.6442049
2624,46.5155641,6.6256777
2625,46.5085877,6.626097
2626,46.507152,6.626776
2627,46.5083398,6.632944700000001
2628,46.513286750000006,6.63309195
2629,46.50786519642857,6.628933807142857
2630,46.4909595,6.6106408
2631,46.4887312,6.6075422
2632,46.466951,6.6361507
2633,46.4688228,6.635726
2634,46.3980485,6.5837717
2635,46.3713513,6.5882249
2636,46.3528229,6.6022726
2637,46.516839751111114,6.624090948888889
2638,46.508673100833335,6.637332412500001
2639,46.52818406666666,6.597143533333333
2640,46.52709562222222,6.631938033333333
2641,46.5258998,6.6337997
2642,46.5259068,6.6327611
2643,46.5259623,6.6316538
2644,46.5322461,6.6285672
2645,46.5315266745,6.62945655625
2646,46.53602560000001,6.6198711
2647,46.5258056,6.6345714000000005
2648,46.5206686,6.6272167
2649,46.514605466666666,6.654058666666667
2650,46.5141237,6.6533387
2651,46.5263327,6.6229412
2652,46.5327796,6.620058
2653,46.5359266,6.6185694
2654,46.5589387,6.6515727
2655,46.53095400000001,6.6112478
2656,46.5346695,6.6264849
2657,46.53342030000001,6.5792517
2658,46.52445455530303,6.625838628484849
2659,46.5256,6.6247558
2660,46.53556379999999,6.6318125
2661,46.5339531,6.6333713
2662,46.5281561,6.653422300000001
2663,46.5287675,6.6555505
2664,46.537316,6.6582268
2665,46.5359918,6.6584379
2666,46.521046,6.6622542
2667,46.5310183,6.6572658
2668,46.5308675,6.655235
2669,46.5331001,6.6500716
2670,46.5288244,6.6406498
2671,46.5062131,6.581549300000001
2672,46.5289188,6.6450865
2673,46.524101875,6.643724825
2674,46.5267939,6.6502851
2675,46.5114502,6.6369462
2676,46.5121697,6.6449094
2677,46.511541066666666,6.638637033333334
2678,46.5121383,6.6400873
2679,46.5119531,6.63782
2680,46.5056774,6.6357676
2681,46.5056412,6.6708027
2682,46.498732200000006,6.682521899999999
2683,46.5136033,6.626868999999999
2684,46.5211442,6.6363467
2685,46.523879949999994,6.6366005999999995
2686,46.5228232,6.63516195
2687,46.5229016,6.63541365
2688,46.5252827,6.6358071
2689,46.530380949999994,6.63200625
2690,46.5318419,6.6304853
2691,46.5249233,6.6312637
2692,46.5255821,6.6302399
2693,46.530288950000006,6.6268458
2694,46.5168999,6.6339643
2695,46.5147795,6.6401738
2696,46.51881295,6.6380056
2697,46.5294732,6.6168731
2698,46.5329369,6.6208615
2699,46.5574039,6.6549473
2700,46.5831656,6.6927321
2701,46.6575237,6.7153904
2702,46.6782252,6.7323294
2703,46.6674389,6.7349932
2704,46.6798575,6.7329203
2705,46.7144987,6.7267439
2706,46.72191199999999,6.705425000000002
2707,46.5313074,6.6229011
2708,46.5283777,6.6264728
2709,46.5348644,6.6162167
2710,46.5219383,6.6030489
2711,46.522429,6.5709139
2712,46.6573094,6.7056855
2713,46.5284114,6.6179931
2714,46.530992,6.6570946
2715,46.5306544,6.6562326
2716,46.5306094,6.6622504
2717,46.5357767,6.6545389
2718,46.5391385,6.6515662
2719,46.5196655,6.6046631
2720,46.5205408,6.616086300000001
2721,46.5244437,6.6579616
2722,46.5341927,6.6559274
2723,46.52453,6.6576524
2724,46.52714897857142,6.657758592857143
2725,46.5262979375,6.653670075
2726,46.5142146,6.6250804
2727,46.5205447,6.6194278
2728,46.5498922,6.6011694
2729,46.5776019,6.5817477
2730,46.6072743,6.549978
2731,46.620378300000006,6.5413601
2732,46.5087212,6.6262706
2733,46.511269,6.6302319333333335
2734,46.51687495,6.6217802500000005
2735,46.5224048,6.6373536
2736,46.5304705,6.6305875
2737,46.54464835,6.628074233333333
2738,46.52846815,6.6329014
2739,46.5220865,6.6357083
2740,46.5307536,6.6248192
2741,46.52509469999999,6.642139299999999
2742,46.5261772,6.6212687
2743,46.5260939,6.621127
2744,46.556349020000006,6.702539300000001
2745,46.55878105,6.69803585
2746,46.588218,6.65395
2747,46.550875812499996,6.694959975
2748,46.53769284142857,6.664971171428573
2749,46.55706155,6.697414528571429
2750,46.55835518,6.6799431
2751,46.5561172,6.6999451
2752,46.5262725,6.6372854
2753,46.53755995,6.6468954
2754,46.541827749999996,6.64962625
2755,46.564134109375,6.593189794791668
2756,46.5269302,6.6389892
2757,46.5334144,6.65442295
2758,46.53731585,6.6647289999999995
2759,46.5211009,6.646956
2760,46.5149212,6.6164042
2761,46.5232438,6.6219223
2762,46.5190389,6.6222388
2763,46.5187613,6.6213033
2764,46.5186279,6.6237685
2765,46.5184468,6.6245333
2766,46.5183456,6.6259016
2767,46.5174659,6.6291549
2768,46.518085,6.6290497
2769,46.5181229,6.628656175
2770,46.5213076,6.6167488500000005
2771,46.52305758888888,6.618941705555555
2772,46.5313887,6.6103553
2773,46.5249068,6.6266212
2774,46.52379085,6.6274601
2775,46.52213656666667,6.630003733333332
2776,46.5229495,6.6312533
2777,46.520248239999994,6.6362513000000005
2778,46.525038871666666,6.634333605
2779,46.5238378,6.6327926
2780,46.5268424,6.6292164
2781,46.5280308,6.6263363
2782,46.5249040125,6.627575190833333
2783,46.5242595,6.62885275
2784,46.5238237,6.6262367
2785,46.5240045,6.628886
2786,46.5246954,6.6360306
2787,46.5266271,6.6273966
2788,46.5285313,6.6162504
2789,46.5261021,6.6257975
2790,46.5404356,6.6213666
2791,46.5168131,6.6370207
2792,46.5179964,6.6333416
2793,46.5169001,6.6337744
2794,46.5176582,6.6317321
2795,46.5169663,6.6266883
2796,46.5174776,6.6262094
2797,46.523623687500006,6.6234341875
2798,46.5204395,6.6207951
2799,46.53431863333333,6.610322833333332
2800,46.528457,6.6049184
2801,46.51926128333333,6.621703666666666
2802,46.52435066666666,6.626504733333334
2803,46.520044,6.6338444
2804,46.52551505,6.6263653
2805,46.5256947,6.61132075
2806,46.52993013333333,6.6180186
2807,46.5236625,6.60393
2808,46.5269105,6.6041203
2809,46.519242,6.5977545
2810,46.5232285,6.6217474
2811,46.51781079375,6.63538346875
2812,46.5196342,6.6290963
2813,46.517549,6.631876
2814,46.5184529,6.6447268
2815,46.5158231,6.647829766666667
2816,46.516970150000006,6.6064434
2817,46.5342334,6.6104562
2818,46.53461038333333,6.617156558333334
2819,46.51396895,6.6283724500000005
2820,46.50853325,6.62773005
2821,46.509494000000004,6.62760395
2822,46.50955789999998,6.636640599999999
2823,46.5124368,6.6414513
2824,46.516618199999996,6.644538575
2825,46.53120743333333,6.628061266666667
2826,46.530266,6.6205031
2827,46.54741,6.6089475
2828,46.4279687,6.585240999999999
2829,46.1809585,6.28182
2830,46.5268492,6.625201
2831,46.5350253,6.6463453
2832,46.4709216,6.5868578
2833,46.5303332,6.6200805
2834,46.5303526,6.6198928
2835,46.5414961,6.6330913
2836,46.5325497,6.6434428
2837,46.5348449,6.6517588
2838,46.5778655,6.6386435
2839,46.5866046,6.6228684
2840,46.601282,6.622291
2841,46.6066596,6.6257057
2842,46.6105735,6.5800392
2843,46.6086254,6.5780308
2844,46.5342099,6.6320316
2845,46.5329468,6.6324107
2846,46.5350772,6.6299658
2847,46.537253,6.6227475
2848,46.5489734,6.6175138
2849,46.5851586,6.6938464
2850,46.5206819,6.7522654
2851,46.5030123,6.7752188
2852,46.4261654,6.824212800000001
2853,46.5385806,6.630121
2854,46.539192,6.631119
2855,46.5386157,6.6305662
2856,46.5509774,6.6606937
2857,46.525349,6.6243382
2858,46.5239312,6.615295
2859,46.4058148,6.6967221
2860,46.3765582,6.7019864
2861,46.3809476,6.6971753
2862,46.3839497,6.6869136
2863,46.386006,6.6827141
2864,46.51028655,6.63158595
2865,46.5317047,6.5850567
2866,46.5311206,6.584751100000001
2867,46.5118593,6.6285397
2868,46.51693959375,6.62258690625
2869,46.5238647,6.635396
2870,46.5327102,6.6287451
2871,46.52388720000001,6.6381022
2872,46.532518,6.6184492
2873,46.5414331,6.61496
2874,46.5266659,6.63074235
2875,46.538275850000005,6.62502585
2876,46.529958050000005,6.6220794000000005
2877,46.533913,6.6207436
2878,46.5796651,6.6253742
2879,46.5505308,6.7305754
2880,46.568976500000005,6.7496029
2881,46.529803900000005,6.6204814
2882,46.5278027,6.6042017
2883,46.5287887,6.600511299999998
2884,46.5395704,6.634447800000001
2885,46.5265412,6.647219
2886,46.52512935333334,6.643790939999999
2887,46.5243902,6.6471596
2888,46.5218054,6.6463414
2889,46.5214377,6.6423892
2890,46.5358795,6.6401398
2891,46.5378814,6.6402366
2892,46.56209919999999,6.633140999999999
2893,46.51512425,6.6295801
2894,46.515191425,6.629225425
2895,46.5144985,6.6287082
2896,46.51525345,6.626713575
2897,46.5147558,6.6265944
2898,46.5143935,6.6273693
2899,46.5145828,6.6256051
2900,46.5127207,6.6286031
2901,46.5135807,6.6286865
2902,46.51521955,6.628476150000001
2903,46.5090123,6.63008275
2904,46.5197441,6.6259583
2905,46.5170642,6.6242792
2906,46.515165,6.6222134
2907,46.517203,6.6208655
2908,46.5133279,6.6213017
2909,46.5116898,6.6269283
2910,46.5130331,6.6275085
2911,46.5163294,6.6643009
2912,46.5139643,6.6259867
2913,46.5128992,6.6238789
2914,46.5116708,6.62197965
2915,46.5115306,6.6214073
2916,46.3672424,6.5977743
2917,46.5325291,6.6297361
2918,46.5360937,6.6195789
2919,46.5322516,6.6295607
2920,46.5317002,6.6303279
2921,46.5215198,6.6399973
2922,46.5227497,6.6341028
2923,46.51778149999999,6.6424953
2924,46.5161442,6.640684
2925,46.5324909,6.6223572
2926,46.5298518,6.6262704
2927,46.5289353,6.6265318
2928,46.52823275,6.6284511
2929,46.5287374,6.6288774
2930,46.5408584,6.6242598
2931,46.5394629,6.6221497
2932,46.5398836,6.6225051
2933,46.5310852,6.6174492
2934,46.5251009,6.6250756
2935,46.5245868,6.6255827
2936,46.5383347,6.6339194
2937,46.52949911388888,6.661041261111111
2938,46.5569504,6.6975529
2939,46.5562663,6.7026655
2940,46.53938995,6.64365415
2941,46.54220365,6.656765590000001
2942,46.53343818571428,6.635312928571429
2943,46.535585,6.6352126
2944,46.5344315,6.6352229
2945,46.533067,6.6352679
2946,46.531864,6.6351391
2947,46.5311684,6.63564905
2948,46.534255675,6.63382675
2949,46.527403500000005,6.6518239
2950,46.5346984,6.649339449999999
2951,46.533917,6.6505427
2952,46.5233523,6.6494625
2953,46.52590265,6.65086
2954,46.5181714,6.608747988888889
2955,46.5256237,6.5889419
2956,46.51688787,6.63526622
2957,46.5174926,6.633424
2958,46.5303958,6.6137501
2959,46.541452,6.6297395
2960,46.52078266666666,6.595566766666667
2961,46.5279109,6.5970933
2962,46.5206682,6.6329308
2963,46.5169796,6.635072
2964,46.5221216,6.6301876
2965,46.5215301,6.63477315
2966,46.52351804333333,6.630578164166667
2967,46.525995550000005,6.6293531
2968,46.5288235,6.5974888
2969,46.5279781,6.5981197
2970,46.51941681666667,6.6461871000000015
2971,46.5200412,6.6497092
2972,46.5179604,6.6524178
2973,46.5210068,6.6124687
2974,46.5241442,6.6054514
2975,46.52697755,6.603907899999999
2976,46.5227601,6.594605
2977,46.5249503,6.6306021
2978,46.52658565,6.610352825
2979,46.5196498,6.6570708
2980,46.5133115,6.6496328
2981,46.51859098714285,6.618934765396825
2982,46.5152517,6.61283475
2983,46.5157907,6.6155167
2984,46.516712775,6.5993793499999995
2985,46.53126745,6.611023149999999
2986,46.5243741,6.6142576
2987,46.524216675,6.61527005
2988,46.5226077,6.6250335
2989,46.5324715,6.6173205
2990,46.5322794,6.6171488
2991,46.5222288,6.65981675
2992,46.52287586666667,6.655189933333333
2993,46.5194231,6.6579833
2994,46.5219454,6.6342319
2995,46.5175699,6.6407364
2996,46.48407650000001,6.689635700000001
2997,46.5253539,6.6578327
2998,46.52477292499999,6.6599747833333325
2999,46.5253268,6.6570749
3000,46.4890549,6.639561900000002
3001,46.5278368,6.6508241
3002,46.527061725,6.64670965
3003,46.5272398,6.6478143
3004,46.5266233,6.6475069
3005,46.5272281,6.6474561
3006,46.5138025,6.6619609
3007,46.5048262,6.6824028
3008,46.5268058,6.6482431
3009,46.5160722,6.6555705
3010,46.567398,6.6352491
3011,46.5710811,6.6558402
3012,46.57327870000002,6.676035599999998
3013,46.5236801,6.6451986
3014,46.5293841,6.646742816666666
3015,46.5286243,6.648222
3016,46.5170826,6.625392
3017,46.5130961,6.6259017
3018,46.5850533,6.543806
3019,46.6277605,6.4979703
3020,46.6567306,6.5007161
3021,46.6649931,6.5073869
3022,46.61919569999999,6.505982399999999
3023,46.5156221,6.6259887
3024,46.5087646,6.628121
3025,46.5085626,6.6275041
3026,46.5113235,6.6387896
3027,46.5309381,6.6299026
3028,46.5274431,6.6332504
3029,46.5143116,6.642366466666666
3030,46.5246362,6.6375383
3031,46.51865206666666,6.637031716666666
3032,46.543764,6.623456
3033,46.54365525,6.6231862
3034,46.5429144,6.6234428
3035,46.5415383,6.6320232
3036,46.5410748,6.6321238
3037,46.5369228,6.6399932
3038,46.52933259999999,6.636520500000001
3039,46.5329264,6.6265766
3040,46.5373585,6.6126863
3041,46.5550828,6.6440587
3042,46.55807119999999,6.6510133
3043,46.5284287,6.6206987
3044,46.52547775,6.6238813
3045,46.5255557,6.624071
3046,46.5255762,6.6242508
3047,46.5242693,6.6246121
3048,46.5248696,6.6254859
3049,46.5244216,6.6261414
3050,46.5274638,6.597992
3051,46.52241527,6.646820686666667
3052,46.5282521,6.6505747
3053,46.5279915,6.653125
3054,46.5283082,6.654366800000001
3055,46.5287281,6.6575079
3056,46.5536541,6.6611751
3057,46.5612717,6.673433
3058,46.577196,6.6752758
3059,46.7087506,6.4897480000000005
3060,46.529261,6.655992
3061,46.5254377,6.6584907
3062,46.5248692,6.6562288
3063,46.4548953,6.7361065
3064,46.52479634,6.66164677
3065,46.5254716,6.6346627
3066,46.5241126,6.6402456
3067,46.5350705,6.6427471
3068,46.5211592,6.5739589
3069,46.5508149,6.5932523
3070,46.527085650000004,6.64503205
3071,46.5148499,6.6264952
3072,46.5119283,6.626219300000001
3073,46.5094019,6.6355468
3074,46.5247266,6.634792066666667
3075,46.5278509,6.6279914
3076,46.5305596,6.6248746
3077,46.53231029999999,6.625281200000002
3078,46.5263393,6.6204277
3079,46.5321313,6.6187073
3080,46.5306018,6.659051
3081,46.5537575,6.6825891
3082,46.5326101,6.6785647
3083,46.5316642,6.6880111
3084,46.5265646,6.6633377
3085,46.5119927,6.624668
3086,46.5128266,6.6232081
3087,46.5082458,6.6178752
3088,46.5082259,6.62666125
3089,46.51095,6.6257066
3090,46.4921414,6.6667277
3091,46.4862519,6.6613088
3092,46.4633815,6.6607227
3093,46.4904597,6.665370200000002
3094,46.512104275,6.624839175
3095,46.5135347,6.6328746
3096,46.5146977,6.6324016
3097,46.5139242,6.6321746
3098,46.5144498,6.6306401
3099,46.5118289,6.6344647
3100,46.5111992,6.6316333
3101,46.5114055,6.6320267
3102,46.5120399,6.6317335
3103,46.5125049,6.6331059
3104,46.5101372,6.6343411
3105,46.5142236,6.6350056
3106,46.510232,6.6352304
3107,46.5105055,6.6297308
3108,46.5084814,6.6297058
3109,46.5115929,6.6377834
3110,46.5103742,6.6342072
3111,46.5128101,6.6332096
3112,46.5109573,6.6351518
3113,46.5083414,6.6376941
3114,46.5082128,6.6377267
3115,46.508888,6.6370487
3116,46.5146197,6.6280147
3117,46.5146717,6.6282434
3118,46.5173238,6.6249531
3119,46.5173719,6.6240216
3120,46.5184726,6.6199213
3121,46.53198725,6.62413125
3122,46.5307206,6.6263432
3123,46.5314071,6.62814445
3124,46.535001,6.6276588
3125,46.544709965,6.627771573333334
3126,46.5314191,6.6575594
3127,46.529843025000005,6.6624881
3128,46.5281312,6.6606564
3129,46.5276273,6.6600138
3130,46.529011700000005,6.6631001
3131,46.5242484,6.6459138
3132,46.5242006,6.6470432
3133,46.5224918,6.6418424
3134,46.5223239,6.6418425
3135,46.5219833,6.6416012
3136,46.5092979,6.6354105
3137,46.5117165,6.6372922
3138,46.511311,6.6399385
3139,46.5114093,6.6389098
3140,46.5180071,6.6389617
3141,46.5177712,6.6387253
3142,46.5427808,6.619458
3143,46.5421252,6.6193819
3144,46.5472919,6.6390609
3145,46.6011468,6.6795098
3146,46.6314502,6.7886168
3147,46.5619946,6.7842393
3148,46.5337022,6.6310658
3149,46.5270791,6.6280636
3150,46.5251553,6.6329881
3151,46.6086208,6.6792024
3152,46.6411107,6.7725654
3153,46.5609465,6.783312099999998
3154,46.5390648,6.6219114
3155,46.531963507142855,6.659689071428572
3156,46.5228343,6.6458496
3157,46.55706502500001,6.679451841666666
3158,46.5502217,6.6949444
3159,46.5410941,6.6784857
3160,46.5278737,6.6337449
3161,46.53101173888889,6.6339873148148145
3162,46.57825546666666,6.602039483333334
3163,46.5260205,6.6389477
3164,46.54258493333333,6.63885555
3165,46.54128035,6.6422498999999995
3166,46.5411978,6.6417553
3167,46.54027,6.6341214
3168,46.5381552,6.6347287
3169,46.53760756666667,6.634795566666667
3170,46.5258027,6.6373929
3171,46.526648050000006,6.639241350000001
3172,46.53923521666667,6.6342384333333335
3173,46.577633288095235,6.607970516666667
3174,46.54147421428571,6.656801152380952
3175,46.5354836,6.6652801
3176,46.5330137,6.64852695
3177,46.5376433,6.6560659
3178,46.53626726666666,6.6501419
3179,46.5277181,6.6166277
3180,46.53329135,6.61300455
3181,46.5356927,6.6163803
3182,46.5206443,6.6357191
3183,46.52065734999999,6.6294532
3184,46.5207433,6.6225845
3185,46.51644833333334,6.636704133333333
3186,46.5183624,6.6323564
3187,46.5199058,6.6282184
3188,46.5180135,6.63364425
3189,46.5179484,6.6339095
3190,46.5188549,6.625221
3191,46.5223575,6.6284396
3192,46.5227553,6.6283357
3193,46.5225041,6.62853
3194,46.523653,6.6328096
3195,46.523359150000005,6.628663400000001
3196,46.5228271,6.6303617
3197,46.5262759,6.6263138
3198,46.5264482,6.628969124999999
3199,46.5265079,6.628709
3200,46.5241842,6.6289855
3201,46.524104533333336,6.6292586
3202,46.5275961,6.6258583
3203,46.5280053,6.626098
3204,46.523920266666664,6.618037433333334
3205,46.524273199999996,6.61712415
3206,46.5173485,6.6276222
3207,46.5170989,6.6360459
3208,46.523071,6.6310229
3209,46.52341866666668,6.628368933333333
3210,46.5234338,6.6275975
3211,46.5247665,6.6273621
3212,46.5238895,6.6280209
3213,46.5239127,6.6265245
3214,46.5243215,6.6249195
3215,46.5275842,6.6106586
3216,46.5171796,6.63384695
3217,46.519851966666664,6.627992233333333
3218,46.5239424,6.6326933
3219,46.521488312500004,6.630753112499999
3220,46.523334675,6.626951
3221,46.522729,6.6185491
3222,46.52223025,6.61984205
3223,46.524571,6.6372836
3224,46.531235800000005,6.63078835
3225,46.53922213111111,6.618183863333333
3226,46.53965844583333,6.617260312500001
3227,46.519850649999995,6.63694485
3228,46.5156765,6.638249650000001
3229,46.5227972,6.6367256
3230,46.5256616,6.632369
3231,46.5258386,6.6324687
3232,46.5264924,6.6327376
3233,46.5257988,6.6329739
3234,46.5255479,6.63330995
3235,46.5252707,6.6332621
3236,46.5247867,6.6324345
3237,46.525207275,6.6323170750000005
3238,46.5250531,6.6321251
3239,46.5262155,6.6311358
3240,46.529572,6.6313854
3241,46.5298423,6.6312959
3242,46.5301718,6.631294
3243,46.5296046,6.63028535
3244,46.529814,6.6305591
3245,46.5282311,6.6304733
3246,46.5162052,6.6346847
3247,46.51445055,6.6359956
3248,46.5273964,6.5977052
3249,46.5221713,6.6374786
3250,46.52558216666667,6.635939700000001
3251,46.5377726,6.6197227
3252,46.514447366666666,6.640598466666667
3253,46.5279595,6.5974596
3254,46.5217011,6.6365531
3255,46.5236825,6.6370377
3256,46.5244805,6.6358278
3257,46.5157913,6.6339345
3258,46.5155456,6.634779
3259,46.5157444,6.63732735
3260,46.5170579,6.6375961
3261,46.5167877,6.6379673
3262,46.5172714,6.6397392
3263,46.5153478,6.6451542
3264,46.5175403,6.6396567
3265,46.5153825,6.6449179
3266,46.5274915,6.5973144
3267,46.5644494,6.6828957
3268,46.564524166666665,6.689266333333333
3269,46.5646075,6.68283
3270,46.5252612,6.6388992
3271,46.5254801,6.639099
3272,46.5048207,6.6462288
3273,46.5123898,6.623946
3274,46.5275357,6.6391745
3275,46.517002,6.641005
3276,46.52810413333333,6.639892233333334
3277,46.4827495,6.6908754
3278,46.5264508,6.6354902
3279,46.53353491666667,6.635676200000001
3280,46.5422814,6.6565266
3281,46.5421844,6.654752
3282,46.5445315,6.6492749
3283,46.5442757,6.6475067
3284,46.5448805,6.6466605
3285,46.5435752,6.6474992
3286,46.5406693,6.6471479
3287,46.5404017,6.6466198
3288,46.529629,6.6395698
3289,46.5269897,6.6352497
3290,46.5362129,6.6340132
3291,46.5330951,6.634843
3292,46.5734953,6.6161484
3293,46.5307191,6.6517895
3294,46.5308566,6.6521019
3295,46.5322636,6.6498114
3296,46.532288,6.6561646
3297,46.5291106,6.6504264
3298,46.5315667,6.6502001
3299,46.53349295,6.6548271
3300,46.5342541,6.654385
3301,46.5341748,6.6528245
3302,46.535193,6.6648786
3303,46.5377976,6.6580485
3304,46.54001521666667,6.653934883333332
3305,46.5346472,6.6588261
3306,46.5280632,6.5973129
3307,46.52211988333334,6.625915416666667
3308,46.5220116,6.6256878
3309,46.5232232,6.6294829
3310,46.52260586666666,6.618867233333333
3311,46.5181658,6.6077409
3312,46.523352107456134,6.617738382894736
3313,46.518261,6.6331499
3314,46.5207517,6.6285509
3315,46.5182965,6.6309095
3316,46.4088487,6.695018
3317,46.4274459,6.6755928
3318,46.5192715,6.6273361
3319,46.5228111,6.626109
3320,46.52379,6.6342653
3321,46.5226452,6.6333787
3322,46.521502,6.6323588
3323,46.5204514,6.6291145
3324,46.5229459,6.6279401
3325,46.5250912,6.6332485
3326,46.5258066,6.6334526
3327,46.5251374,6.6327914
3328,46.5247359,6.6326862
3329,46.5257567,6.6284284
3330,46.52265,6.6309082
3331,46.5259842,6.6291616
3332,46.5271425,6.6311863
3333,46.5261847,6.6252388
3334,46.5272474,6.6259431
3335,46.534621,6.628888
3336,46.5259933,6.625578
3337,46.5261911,6.6256351
3338,46.5222602,6.6158326
3339,46.5237952,6.6289017
3340,46.52229648333333,6.61784175
3341,46.5355169,6.616658
3342,46.5269451,6.6130645
3343,46.5211543,6.6328586
3344,46.5227161,6.6190141
3345,46.5235653,6.6378856
3346,46.5237448,6.6354289
3347,46.5237805,6.6356455
3348,46.5231449,6.6348521
3349,46.5247262,6.6350556
3350,46.5327782,6.6304444
3351,46.5328801,6.6301348
3352,46.5324073,6.6306893
3353,46.5333031,6.6297073
3354,46.5316634,6.629907
3355,46.5292028,6.632723
3356,46.5280555,6.6333681
3357,46.5251896,6.6310906
3358,46.5254268,6.6310287
3359,46.526694500000005,6.632323
3360,46.52570465,6.6332163
3361,46.5253225,6.6324329
3362,46.52862943333333,6.6311334
3363,46.5282363,6.6314207
3364,46.5286468,6.6317723
3365,46.530786,6.6305464
3366,46.5284888,6.6302476
3367,46.5299285,6.6294665
3368,46.530224475,6.6302288250000005
3369,46.53077065,6.62900915
3370,46.5316947,6.629155
3371,46.5300941,6.6299333
3372,46.5304102,6.631296
3373,46.5310597,6.6300492
3374,46.5362394,6.6212975
3375,46.5368179,6.6205618
3376,46.5373497,6.6199625
3377,46.5385682,6.6183736
3378,46.5322751,6.628883766666665
3379,46.52264545,6.6377723500000005
3380,46.5220881,6.6381487
3381,46.5210709,6.6403393
3382,46.5210445,6.6395982
3383,46.5207794,6.6380275
3384,46.5172785,6.6390984
3385,46.5185563,6.6402552
3386,46.5159727,6.637685
3387,46.51390725,6.63656485
3388,46.5135875,6.6363716
3389,46.5151142,6.63608655
3390,46.5160552,6.6337195
3391,46.5162711,6.633993800000001
3392,46.5142699,6.6367332
3393,46.5136521,6.6378292
3394,46.5145165,6.6386135
3395,46.5141064,6.637218600000001
3396,46.5132827,6.6383447
3397,46.5136287,6.6383969
3398,46.5138346,6.6411853
3399,46.5144778,6.6419111
3400,46.5141566,6.6420936
3401,46.5152633,6.6399208
3402,46.5158526,6.6403198
3403,46.5155373,6.6413249
3404,46.5166286,6.6394351
3405,46.516149,6.6390755
3406,46.5157221,6.637794
3407,46.5155386,6.6374626
3408,46.5192702,6.6373301
3409,46.5152235,6.6444368
3410,46.5152739,6.6446403
3411,46.5158923,6.6459677
3412,46.5167734,6.6426716
3413,46.5166932,6.642351
3414,46.5169101,6.640735
3415,46.5167072,6.6431058
3416,46.52036125,6.62461695
3417,46.5200006,6.6275027
3418,46.5221121,6.6340928
3419,46.5227703,6.6336737
3420,46.5291782,6.6261434
3421,46.5205943,6.6309462
3422,46.52202166666667,6.626993116666665
3423,46.5090418,6.6339542
3424,46.50746316666666,6.627980100000001
3425,46.507602,6.6237451
3426,46.5072721,6.6215494
3427,46.52829072142857,6.598108571428573
3428,46.5306058,6.6315325
3429,46.530677,6.6313976
3430,46.53218805,6.63101475
3431,46.5324083,6.633325
3432,46.525449050000006,6.63084345
3433,46.5273357,6.6314131
3434,46.5291981,6.6321068
3435,46.5290311,6.6317384
3436,46.5310948,6.6306839
3437,46.529422,6.630466
3438,46.5310838,6.6289713
3439,46.53151885,6.6285393
3440,46.5372019,6.6211174
3441,46.5375628,6.6208464
3442,46.5393081,6.617454
3443,46.5217378,6.6402007
3444,46.5220712,6.6399932
3445,46.5223675,6.6361754
3446,46.5226914,6.633818
3447,46.5136458,6.6365683
3448,46.5142029,6.6359988
3449,46.5150768,6.6357327
3450,46.5151485,6.6351544
3451,46.5160513,6.6354103
3452,46.5153756,6.6346417
3453,46.514441,6.6369533
3454,46.5136214,6.6374001
3455,46.5139076,6.6378678
3456,46.5142357,6.637782
3457,46.51350185,6.63895565
3458,46.5142162,6.6394861
3459,46.5138683,6.6398695
3460,46.5138093,6.6401694
3461,46.5135029,6.6409847
3462,46.5132591,6.6416848
3463,46.513883,6.6420463
3464,46.5137387,6.6416105
3465,46.5137031,6.6413885
3466,46.5141626,6.6403559
3467,46.5142376,6.6401659
3468,46.5154153,6.640499
3469,46.5164207,6.6405573
3470,46.51829,6.6416109
3471,46.5175172,6.6424457
3472,46.5160209,6.6397846
3473,46.5155699,6.638367
3474,46.5152417,6.637598
3475,46.5160508,6.6379976
3476,46.5168098,6.6383912
3477,46.51707,6.6390706
3478,46.5173633,6.6388842
3479,46.5212943,6.6375518
3480,46.5216611,6.6381377
3481,46.523724,6.638313
3482,46.524742,6.6376521
3483,46.59303655,6.653464083333333
3484,46.5554811,6.68829
3485,46.588101,6.6538756
3486,46.592988250000005,6.655244225
3487,46.5558113,6.687806666666667
3488,46.5433329,6.6824767
3489,46.5452248,6.685722
3490,46.5490454,6.6894269
3491,46.561709,6.68236375
3492,46.5321855,6.5926986
3493,46.5564028,6.7020391
3494,46.5575916,6.6968799
3495,46.526546,6.6391314
3496,46.5263188,6.6385808
3497,46.5322452,6.6352266
3498,46.54324062777778,6.646017777777778
3499,46.5272645,6.6376807
3500,46.5302878,6.6357136
3501,46.5334581,6.6358611
3502,46.5340147,6.6355661
3503,46.5360321,6.6343267
3504,46.5353985,6.6345028
3505,46.5350483,6.6342224
3506,46.5332998,6.634565
3507,46.5331564,6.6343309
3508,46.534099,6.6346603
3509,46.533674,6.6373373
3510,46.5320621,6.634439
3511,46.530479,6.6397691
3512,46.5330935,6.6359675
3513,46.5105596,6.6066208
3514,46.5231303,6.6625242
3515,46.5393043,6.644051
3516,46.5404749,6.6448733
3517,46.5406559,6.644002266666667
3518,46.5429742,6.6391776
3519,46.5432446,6.6394294
3520,46.5434949,6.6396124
3521,46.5406698,6.6357536
3522,46.5407048,6.6352928
3523,46.5398684,6.6345765
3524,46.5387848,6.6345408
3525,46.5375325,6.600674
3526,46.5570901,6.6635167
3527,46.5307427,6.6342293
3528,46.4932037,6.6292746
3529,46.5161264,6.6211447
3530,46.5482833,6.656061
3531,46.5376457,6.6759912
3532,46.5285683,6.6352451
3533,46.5787375,6.6111553
3534,46.5396695,6.6437601
3535,46.57102405,6.6058595
3536,46.5350077,6.6345256
3537,46.5321169375,6.648539675
3538,46.53041625,6.6484854
3539,46.5380426,6.6570553
3540,46.5423812,6.6539494
3541,46.541505625,6.6571009
3542,46.5374151,6.6491024
3543,46.53721045,6.6489321
3544,46.5394547,6.6676155999999995
3545,46.5331225,6.6478885
3546,46.532344300000005,6.650213150000001
3547,46.5388576,6.6667011
3548,46.5341727,6.65423585
3549,46.52334267777778,6.620200877777777
3550,46.5272892,6.6085657
3551,46.51809175,6.60806245
3552,46.5268489,6.603923
3553,46.5255102,6.6037131
3554,46.51855,6.614457
3555,46.5371463,6.6122949
3556,46.5049413,6.6276224
3557,46.1976435,6.4000076
3558,46.5207057,6.6321348
3559,46.5206116,6.6561145
3560,46.5246863,6.6534511
3561,46.535061850000005,6.6475276
3562,46.537433,6.6577072
3563,46.52800505,6.6476118
3564,46.5219837,6.6090838
3565,46.4893264,6.6066657
3566,46.5170705,6.6124297
3567,46.5168181,6.6077215
3568,46.5185815,6.6183586
3569,46.5169133,6.6131008
3570,46.5168616,6.6120679
3571,46.5144963,6.6177654
3572,46.5145867,6.6168729
3573,46.5152636,6.6138834
3574,46.5154618,6.608564599999999
3575,46.5266131,6.5901039
3576,46.5226059,6.5951083
3577,46.5204531,6.5968517
3578,46.514676,6.6051605
3579,46.5241861,6.6020353
3580,46.5263633,6.6032816
3581,46.5286662,6.6003206
3582,46.5047994,6.610712199999999
3583,46.5210399,6.63280575
3584,46.516947550000005,6.637199725
3585,46.5171094,6.6348359
3586,46.5186216,6.6242014
3587,46.5197377,6.629993300000001
3588,46.5198247,6.6362415
3589,46.5251533,6.6335115
3590,46.5279244,6.626812
3591,46.91486799999999,6.637174599999999
3592,46.517124,6.608325
3593,46.5151232,6.6193694
3594,46.5154539,6.618907549999999
3595,46.5217056,6.6078449
3596,46.5188335,6.612746416666667
3597,46.5278993,6.5969128
3598,46.5206953,6.6353351
3599,46.5225654,6.6182363
3600,46.518384,6.6339187
3601,46.5186708,6.6245867
3602,46.5187248,6.6235625
3603,46.5199533,6.6286518
3604,46.5226215,6.6328004
3605,46.5223928,6.6306658
3606,46.5233695,6.6272299
3607,46.51948055,6.6313146
3608,46.529498700000005,6.6164532000000005
3609,46.5287515,6.6286398
3610,46.5262735,6.6223478
3611,46.5279248,6.6215328
3612,46.5291338,6.6193974
3613,46.5266694,6.6222961
3614,46.532376,6.6187354
3615,46.542473433333335,6.622115566666667
3616,46.52196967619048,6.646276695238095
3617,46.52761388333332,6.65274865
3618,46.5302928,6.6608248
3619,46.52985468333333,6.662742633333333
3620,46.527798000000004,6.6331266
3621,46.53151195,6.6296705
3622,46.5191665,6.6364222
3623,46.5136747,6.6371322
3624,46.5142802,6.6381685
3625,46.5257373,6.6339615
3626,46.5325069,6.6284059
3627,46.5241867,6.6341779
3628,46.5158206,6.6347472
3629,46.5211061,6.6368261
3630,46.5149749,6.6398379
3631,46.5214063,6.642007899999999
3632,46.524827099999996,6.645433499999999
3633,46.530229,6.6461437
3634,46.5280835,6.6420648
3635,46.5280144,6.6499139
3636,46.5409618,6.6781147
3637,46.5615577,6.6963714
3638,46.5625426,6.6979603
3639,46.5543957,6.69508675
3640,46.5541814,6.6966885
3641,46.528729,6.5971359
3642,46.5285322,6.5970562
3643,46.5970977,6.6590263
3644,46.5632507,6.6815834
3645,46.5528781,6.6908887
3646,46.53198925416667,6.6592587666666665
3647,46.5329973,6.6337636
3648,46.5328158,6.6343485
3649,46.5403403,6.6415457
3650,46.5377892,6.6347747
3651,46.5325665,6.6483616
3652,46.5341478,6.647961
3653,46.5207389,6.6175119
3654,46.52119879999999,6.618054299999999
3655,47.0732781,5.8103714
3656,47.0622207,5.8231935
3657,46.51892615,6.6091786
3658,47.0604451,5.8234269
3659,46.51717879999999,6.612242499999997
3660,46.5183086,6.6047935
3661,46.5155324,6.5988141
3662,46.5165821,6.5831963
3663,46.5261294,6.6049568
3664,46.5397844,6.6006934
3665,46.5888106,6.5422106
3666,46.6336429,6.5174626
3667,46.6463245,6.5015092
3668,46.5242662,6.6054727
3669,46.5253543,6.6060743
3670,46.5516104,6.5677192
3671,46.662865,6.4869931
3672,46.53349935,6.6187491
3673,46.4954934,6.5888877
3674,46.6437956,6.639114799999998
3675,46.6596664,6.6132991
3676,46.5177285,6.6055033
3677,46.5177049,6.6076208
3678,46.5178542,6.6051988
3679,46.5234758,6.620347
3680,46.5227344,6.6182057
3681,46.5555835,6.594413900000001
3682,46.5164403,6.6139653
3683,46.5292516,6.616327299999999
3684,46.5188212,6.6519517
3685,46.51661845,6.65243035
3686,46.51673585,6.6491098
3687,46.5166489,6.6495365
3688,46.5406264,6.6177472
3689,46.5199844,6.6077077
3690,46.5204246,6.6068592
3691,46.5194956,6.6171736
3692,46.51559925,6.61717435
3693,46.5143603,6.6159544
3694,46.4864667,6.6615986
3695,46.5084668,6.6099922
3696,46.5235096,6.585065
3697,46.5358105,6.5815567
3698,46.5296344,6.6389015
3699,46.4648673,6.6624041
3700,46.45985610000001,6.656264300000001
3701,46.5052823,6.5707221
3702,46.5501588,6.6516883
3703,46.5689959,6.707841499999998
3704,46.51002505,6.6264191
3705,46.5185021,6.6250764
3706,46.5181957,6.6264726
3707,46.5983789,6.5623784
3708,46.4388661,6.6421987
3709,46.5182477,6.6254423
3710,46.4506199,6.507659
3711,46.5177432,6.6271589
3712,46.5369589,6.6038433
3713,46.5303509,6.6085181
3714,46.6099295,6.5627531
3715,46.4371483,6.6477992
3716,47.0450272,7.4671206
3717,46.4593389,6.5248977
3718,46.5343217,6.657619100000001
3719,45.4624518,7.0407451
3720,45.7095686,7.9605548
3721,46.5419808,6.6315329
3722,46.5281837,6.6368108
3723,46.52454899999999,6.63061815
3724,46.5240862,6.6277042
3725,46.52357995,6.6283723
3726,46.5228547,6.630008133333334
3727,46.5218838,6.630051
3728,46.5458021,6.6281089
3729,46.5239137,6.6298177
3730,46.5253711,6.6262675
3731,46.5252672,6.6280507
3732,46.5247547,6.6297272
3733,46.5274108,6.6263373
3734,46.52601345,6.6253524
3735,46.5248513,6.6256655
3736,46.5251513,6.6257759
3737,46.523902,6.6254627
3738,46.522957,6.6192976
3739,46.5226293,6.6180941
3740,46.5238903,6.6177251
3741,46.5059152,6.5793602
3742,46.525338475,6.62521835
3743,46.5243912,6.6244605
3744,46.533584175,6.6202335
3745,46.535168,6.6148472
3746,46.5294684,6.6267928
3747,46.5293259,6.6271192
3748,46.5288482,6.6284021
3749,46.5289889,6.6291484
3750,46.5340677,6.6140718
3751,46.525628049999995,6.61007635
3752,46.5403367,6.6208352
3753,46.5241199,6.6163375
3754,46.5223909,6.6386321
3755,46.535957,6.6190500000000005
3756,46.5261646,6.6278787
3757,46.525878,6.6251206
3758,46.5235331,6.62479895
3759,46.5312441,6.6136832
3760,46.5300002,6.6157686
3761,46.533957,6.614001
3762,46.5351901,6.6133058125
3763,46.5221385,6.6308856
3764,46.5230305,6.6297914
3765,46.5231029,6.629474475
3766,46.5255654,6.6291729
3767,46.52653075,6.63151105
3768,46.5313875,6.6300161
3769,46.5307074,6.6292112
3770,46.5235785,6.6404827
3771,46.5171711,6.6219442
3772,46.5150145,6.63178765
3773,46.512855583333334,6.625849172222222
3774,46.521102174999996,6.639293375
3775,46.5206019,6.63966915
3776,46.5284991,6.6275433
3777,46.51084555,6.6247811
3778,46.5081945,6.629451
3779,46.514769,6.631802
3780,46.5151782,6.6318614
3781,46.5144757,6.627192
3782,46.5098242,6.6357112
3783,46.50936283333334,6.6368244333333335
3784,46.5090318,6.6359481
3785,46.5122241,6.6330488
3786,46.512058,6.6353393
3787,46.5118937,6.6356108
3788,46.5119003,6.636971
3789,46.5122591,6.6386843
3790,46.5241046,6.6372664
3791,46.5157958,6.6383397
3792,46.51531013333334,6.637180033333333
3793,46.557161875,6.6747245
3794,46.5573823,6.6756143
3795,46.5578519,6.6762438
3796,46.5589093,6.67785005
3797,46.5581459,6.6799212
3798,46.5569164,6.679172
3799,46.55837206666666,6.681276433333333
3800,46.5603996,6.681064
3801,46.5592969,6.68103715
3802,46.56135214,6.695554400000001
3803,46.5560033,6.7014066
3804,46.5565058,6.7014535
3805,46.5544839,6.6988977
3806,46.5572192,6.6975814
3807,46.5616257,6.6980437
3808,46.5555979,6.6877596
3809,46.5339725,6.635399
3810,46.5444547,6.644902
3811,46.543746,6.64583
3812,46.534349750000004,6.661170885000001
3813,46.5368875,6.6493926
3814,46.524659,6.6293299
3815,46.5234021,6.6223245
3816,46.5231906,6.6264719
3817,46.5212865,6.6193439
3818,46.5215027,6.6232139
3819,46.5414067,6.5893932
3820,46.52669113333334,6.6183557
3821,46.35245440000002,6.970302100000002
3822,46.5010524,6.655281099999999
3823,46.516394250000005,6.6058477
3824,46.5264348,6.6050684
3825,46.5274195,6.6072249
3826,46.5304134,6.6130391
3827,46.524847175000005,6.619714375
3828,46.524649049999994,6.6201507
3829,46.5246744,6.6203347
3830,46.5248244,6.6199736
3831,46.5251207,6.6194969
3832,46.5263237,6.6167766
3833,46.5249207,6.565330066666667
3834,46.5228066,6.6021034
3835,46.5174203,6.612836550000001
3836,46.5160766,6.6172748
3837,46.5158423,6.6072724
3838,46.5168114,6.6141079
3839,46.5190258,6.6164605
3840,46.52107345,6.635327350000001
3841,46.5179143,6.6262612
3842,46.51906375,6.62424935
3843,46.5234117,6.6290072
3844,46.536332,6.6195279
3845,46.5237513,6.6224429
3846,46.5143023,6.6500163
3847,46.5152165,6.6429036
3848,46.5164549,6.6473088
3849,46.5187823,6.64511
3850,46.5168056,6.647461
3851,46.5167613,6.648922349999999
3852,46.5152281,6.6435125
3853,46.5172521,6.667929
3854,46.5140338,6.614326400000001
3855,46.5148158,6.6213194
3856,46.5426174,6.5891646
3857,46.562535,6.572383
3858,46.5178147,6.6317045
3859,46.5157605,6.636105699999999
3860,46.5410045,6.6269514
3861,46.5291643,6.6272705
3862,46.5260927,6.6245503
3863,46.5255322,6.5978295000000005
3864,46.5288827,6.662451
3865,46.526583,6.6568765
3866,46.5262651,6.65612405
3867,46.5232674,6.6454286
3868,46.52587233333333,6.6477932
3869,46.5377777,6.6572894
3870,46.5358445,6.6625981
3871,46.5360097,6.6626504
3872,46.5151858,6.6287072
3873,46.5153821,6.6281998
3874,46.5152454,6.6281092
3875,46.51564222499999,6.627621424999999
3876,46.5164782,6.625185800000001
3877,46.5167013,6.623405
3878,46.5110293,6.6306235
3879,46.513397499999996,6.631279599999999
3880,46.5131559,6.6318689
3881,46.5119347,6.6319902
3882,46.50840276666667,6.639605166666667
3883,46.5087513,6.6395802
3884,46.523858,6.6368524
3885,46.52918795,6.63244775
3886,46.530006,6.6306062
3887,46.5196926,6.637078
3888,46.5143027,6.6420502
3889,46.53890005,6.6220876
3890,46.54131765,6.624276
3891,46.5407302,6.624404
3892,46.5411753,6.6201933
3893,46.5284654,6.6272146
3894,46.5206786,6.584779299999999
3895,46.5237782,6.6437123
3896,46.527286200000006,6.6484798000000005
3897,46.51639865,6.6231551
3898,46.5092709,6.6294309
3899,46.51192553333334,6.640620066666667
3900,46.5437786,6.6242469
3901,46.5288673,6.6184946
3902,46.5321173,6.6228572
3903,46.529985,6.6272435
3904,46.5292287,6.6213669
3905,46.5150638,6.6298128
3906,46.5153349,6.6286483
3907,46.5078798,6.62527155
3908,46.5136284,6.6334445
3909,46.5115207,6.6372952
3910,46.52372965,6.6367306
3911,46.5395044,6.6243009
3912,46.5430804,6.6233641
3913,46.5250789,6.6485592
3914,46.5275727,6.655654
3915,46.5249253,6.6618495
3916,46.5274052,6.6482989
3917,46.5102298,6.6373215
3918,46.5101171,6.6372458
3919,46.51164963333334,6.629583533333332
3920,46.509559,6.62794
3921,46.51589715,6.62717275
3922,46.5163005,6.6221491
3923,46.5162958,6.6226797
3924,46.5077032,6.6255317
3925,46.5096962,6.6254289
3926,46.5109032,6.624056
3927,46.5105684,6.6209933
3928,46.5931282,6.6532412
3929,46.5592715,6.6820129
3930,46.557609,6.6978989
3931,46.5591741,6.6794482
3932,46.5670763,6.702004666666667
3933,46.5559581,6.6995399
3934,46.5420849,6.6848231
3935,46.5407573,6.683699
3936,46.5285911,6.5979483
3937,46.5272013,6.6386105
3938,46.5248867,6.6380013
3939,46.5279841,6.6401325
3940,46.52850065,6.63959325
3941,46.5261031,6.638715
3942,46.5273061,6.6345046
3943,46.527626,6.6338471
3944,46.5287483,6.6339752
3945,46.5276867,6.6358795
3946,46.5339243,6.6356831
3947,46.5345024,6.6355514
3948,46.535183,6.6348753
3949,46.5351207,6.6343994
3950,46.5359229,6.6337083
3951,46.53650165,6.63442895
3952,46.5361055,6.6351955
3953,46.5362203,6.6352355
3954,46.5271112,6.6346353
3955,46.5351561,6.6338533
3956,46.5433477,6.6507315
3957,46.543832,6.6487304
3958,46.54439325,6.64963055
3959,46.5449379,6.646404
3960,46.5447484,6.6457583
3961,46.543228425,6.644164125
3962,46.5320087,6.6334191
3963,46.5313322,6.6338086
3964,46.52235689999999,6.667592999999999
3965,46.5430504,6.6510468
3966,46.5431702,6.6536593
3967,46.54324333333333,6.6527064
3968,46.5426789,6.644219
3969,46.5426474,6.6453979
3970,46.54251250000001,6.644542599999998
3971,46.8038083,6.9848136
3972,46.5295235,6.6488066
3973,46.5324496,6.6478676
3974,46.5322046,6.6507883
3975,46.5323286,6.6516131
3976,46.5333204,6.653256
3977,46.5306236,6.6524785
3978,46.5295574,6.6507328
3979,46.5283954,6.6505857
3980,46.535008,6.64946665
3981,46.5350035,6.6497078
3982,46.5341928,6.6578019
3983,46.533624,6.65586745
3984,46.535974800000005,6.65141635
3985,46.533424700000005,6.646346
3986,46.5292366,6.597657
3987,46.5322209,6.6552144
3988,46.5319344,6.6543693
3989,46.5311354,6.6533402
3990,46.5293073,6.6509774
3991,46.5269594,6.6526811
3992,46.5267556,6.6525792
3993,46.5298805,6.6528377
3994,46.5311749,6.6485618
3995,46.5302538,6.6486012
3996,46.5282647,6.6486662
3997,46.5339297,6.6482915
3998,46.5342642,6.6583579
3999,46.5376678,6.6566113
4000,46.5371558,6.6559624
4001,46.5399387,6.6646141
4002,46.5386034,6.6465556
4003,46.5392356,6.6464971
4004,46.541742,6.6497825
4005,46.5390397,6.6505064
4006,46.53783425,6.6478165
4007,46.5359773,6.6477172
4008,46.5374702,6.6572711
4009,46.5351169,6.6568895
4010,46.5346205,6.6576251
4011,46.5416165,6.6575796
4012,46.5172523,6.5987233
4013,46.5250514,6.6430394
4014,46.5201666,6.6071914
4015,46.5166463,6.6006163
4016,46.4885786,6.5721056
4017,46.5442832,6.659396
4018,46.4733567,6.5753068
4019,46.5336275,6.6800829
4020,46.53888759999999,6.7214927
4021,46.4878879,6.6664223
4022,46.4953004,6.6925448
4023,46.5082294,6.5877468
4024,46.4730103,6.5670706
4025,46.4712931,6.5803293
4026,46.5558891,6.7502994
4027,46.5627417,6.743084800000001
4028,46.4870981,6.6804767
4029,46.465931,6.6990185
4030,46.533339,6.5959707
4031,46.2190116,6.9155148
4032,46.448899,6.5209536
4033,46.4724573,6.5638655
4034,46.4129207,6.4225125
4035,46.510215,6.8437756
4036,46.4945686,6.9220398
4037,46.4711397,7.028254
4038,46.4641318,7.0537393
4039,46.4050292,7.1771512
4040,46.3223303,7.2675626
4041,46.3147193,7.2651706
4042,46.5191705,6.6174571
4043,46.5426076,6.6916608
4044,46.4833311,6.9619463
4045,46.3976631,7.1972551
4046,46.3097821,7.260871
4047,46.2910352,7.2437913
4048,46.5257716,6.6298248
4049,46.5270831,6.6286551
4050,46.5444525,6.6441203
4051,46.5205314,6.6835277
4052,46.5601229,6.6128833
4053,46.5754843,6.6094365
4054,46.6163325,6.6227127
4055,46.6569253,6.6355234
4056,46.67826509999999,6.653791499999999
4057,47.3452258,6.3185217
4058,47.3814952,6.373621
4059,47.4322384,6.4708978
4060,47.4297233,6.471917
4061,47.4332781,6.4754249
4062,46.5254301,6.611304
4063,46.5245537,6.6147783
4064,46.5231723,6.6547082
4065,46.5234058,6.6544787
4066,46.5200441,6.6570269
4067,46.5226884,6.646628200000001
4068,46.4860983,6.5733831
4069,46.5223353,6.6008636
4070,46.5196038,6.619033
4071,46.53857343333333,6.617955666666667
4072,46.5401715,6.6162279
4073,46.537855750000006,6.61792095
4074,46.53810245,6.61813145
4075,46.5378493,6.61823
4076,46.5371874,6.6194842
4077,46.5357986,6.6200546000000005
4078,46.5395082,6.6158654
4079,46.5366856,6.6199826
4080,46.5431988,6.6113319
4081,46.5437793,6.611255
4082,46.5434488,6.6112978
4083,46.5340109,6.618038
4084,46.53416,6.6172944
4085,46.5435845,6.6114258
4086,46.5314462,6.6158259
4087,46.5315431,6.6150605
4088,46.5332363,6.6144654
4089,46.5340249,6.6134098
4090,46.5339217,6.6127129
4091,46.5401078,6.6106399
4092,46.5340075,6.6119562
4093,46.5341122,6.6120673
4094,46.5331931,6.6138244
4095,46.5332901,6.6139886
4096,46.5318919,6.6161508
4097,46.5348793,6.6116701
4098,46.5308349,6.618758099999999
4099,46.5321298,6.6114445
4100,46.5281964,6.6150433
4101,46.5274008,6.6178427
4102,46.5269021,6.6176127
4103,46.5280046,6.6158379
4104,46.5212129,6.61979705
4105,46.5207599,6.6202864
4106,46.5208507,6.618661
4107,46.5215787,6.6172606
4108,46.5245171,6.6018089
4109,46.52591059999999,6.595954399999998
4110,46.52564,6.6125174
4111,46.5254947,6.6123574
4112,46.5226454,6.6211745
4113,46.5234038,6.6220673
4114,46.5241909,6.6194679
4115,46.5237632,6.6174378
4116,46.5247129,6.6171974
4117,46.5248634,6.6145149
4118,46.5254713,6.6141277
4119,46.5259893,6.6157507
4120,46.52572631666667,6.616141416666667
4121,46.5257897,6.61638775
4122,46.55013210000001,6.634491100000002
4123,46.5276109,6.6126995
4124,46.5292026,6.6104354
4125,46.5284782,6.6099441
4126,46.528326,6.610143
4127,46.5278443,6.6106045
4128,46.5277222,6.6105454
4129,46.5272459,6.6111775
4130,46.5268691,6.6170577
4131,46.5278224,6.6130527
4132,46.5249866,6.6181071
4133,46.5293227,6.6154798
4134,46.5289334,6.614815
4135,46.5274567,6.6640867
4136,46.5311599,6.670212
4137,46.5326482,6.6749139
4138,47.0292087,6.0949062
4139,47.043035,6.0956264
4140,47.06887379999999,6.110510799999999
4141,46.53468579999999,6.679862
4142,46.5548655,6.640371899999999
4143,46.5190329,6.6486426
4144,46.5193441,6.6515745
4145,46.5014416,6.5540332
4146,46.5155101,6.6428378
4147,46.5140479,6.6454195
4148,46.5244428,6.6215393
4149,46.516614,6.6108092
4150,46.51527755,6.61616655
4151,46.5159845,6.6073674
4152,46.51664319999999,6.6073857
4153,46.5197529,6.5991205
4154,46.5367246,6.6287512
4155,46.5237339,6.6040657
4156,46.5234221,6.6043525
4157,46.51996045,6.609525
4158,46.5183248,6.6082028
4159,46.51726525,6.611326699999999
4160,46.5228559,6.6107944
4161,46.5234861,6.6085354
4162,46.5214149,6.608641
4163,46.5175442,6.60518085
4164,46.5209395,6.6208575
4165,46.4744406,6.7056085
4166,46.4771452,6.7069217
4167,46.5253871,6.574433499999999
4168,46.5366944,6.6121248
4169,46.5323739,6.6140374
4170,46.5308084,6.6175895
4171,46.5293708,6.6187999
4172,46.5299434,6.6176291
4173,46.4650499,6.5894866
4174,46.48608730000001,6.597613199999999
4175,46.8039567,6.9187568
4176,46.6702179,7.0041444
4177,46.8181628,6.9089428
4178,46.8527152,7.1347217
4179,46.8987091,7.1096149
4180,46.8458053,7.0975857
4181,46.8747606,7.1180509
4182,46.7782532,7.0824101
4183,46.7636524,7.0803843
4184,46.5165334,6.6134132
4185,46.5127473,6.5679819
4186,46.5296177,6.5102292
4187,46.4467075,6.479890100000001
4188,46.4025813,6.6319763
4189,45.16021330000001,6.8981498000000006
4190,46.5243807,6.6037676
4191,46.5199442,6.6102152
4192,46.5230847,6.5938318
4193,46.5176231,6.6063895
4194,46.5227212,6.6263235
4195,46.5208425,6.6327493
4196,46.5173695,6.6304034
4197,46.5233191,6.6302708
4198,46.5221682,6.6328136
4199,46.518085,6.63575
4200,46.5265239,6.6267998
4201,46.5266836,6.6097984
4202,46.5326245,6.6175291
4203,46.5248326,6.6532818
4204,46.5192146,6.6446609
4205,46.516268,6.6146198
4206,46.5163175,6.6112308
4207,46.5157776,6.6108575
4208,46.5167553,6.608477
4209,46.5146695,6.6132777
4210,46.5148145,6.6130837
4211,46.5169131,6.6048548
4212,46.5152657,6.6131079
4213,46.5252987,6.6256029
4214,46.5231145,6.6241844
4215,46.5262552,6.595459799999999
4216,46.5379351,6.5827876
4217,46.510552149999995,6.63817145
4218,46.5136979,6.6330402
4219,46.51504894999999,6.6258869
4220,46.5148775,6.626909
4221,46.5376263,6.6198527
4222,46.5388816,6.6188192
4223,46.5333159,6.6206523
4224,46.5409134,6.6200682
4225,46.53865293333334,6.633557366666667
4226,46.5407044,6.6304855
4227,46.5415168,6.6267136
4228,46.5425252,6.6244953
4229,46.5403738,6.6240162
4230,46.5406788,6.6241927
4231,46.5308064,6.6275866
4232,46.5292818,6.6198047
4233,46.52793375,6.61926335
4234,46.5141749,6.6270865
4235,46.5262224,6.5965892
4236,46.517662916666666,6.622764425
4237,46.5093303,6.6247436
4238,46.5099104,6.6237888
4239,46.5122292,6.6231514
4240,46.5384757,6.6321738
4241,46.53952,6.6321219
4242,46.5354463,6.629816
4243,46.5390477,6.632149
4244,46.5205777,6.5950958
4245,46.5218446,6.503796
4246,46.5407696,6.633534
4247,46.5337307,6.63338125
4248,46.533068,6.6335598
4249,46.5293436,6.6474507
4250,46.5292734,6.6485777
4251,46.5282731,6.6491096
4252,46.5298471,6.6458086
4253,46.5263805,6.644815
4254,46.5261132,6.6447645
4255,46.5256409,6.6451318
4256,46.5269534,6.6462741
4257,46.5271786,6.6464195
4258,46.5260865,6.6478341
4259,46.5245379,6.6453326
4260,46.5246011,6.6470132
4261,46.5237463,6.6471991
4262,46.523774,6.6465352
4263,46.5237586,6.6463231
4264,46.5238513,6.6460715
4265,46.5237713,6.6448726
4266,46.5237628,6.6421009
4267,46.5233081,6.6418707
4268,46.52139585,6.644753
4269,46.5217568,6.643871
4270,46.52394155,6.659925749999999
4271,46.5240199,6.6587416
4272,46.5247112,6.6565069
4273,46.5255962,6.6559865
4274,46.5297096,6.6615359
4275,46.5298813,6.6612197
4276,46.53197923333334,6.657578166666667
4277,46.5295706,6.6565485
4278,46.528189,6.6535983
4279,46.517783050000006,6.6224557
4280,46.517655524999995,6.6186942250000005
4281,46.5167925,6.6210943
4282,46.5167661,6.6215097
4283,46.5167148,6.622906
4284,46.5159626,6.6219166
4285,46.5122767,6.6254259
4286,46.5101653,6.626422
4287,46.511763300000005,6.6254059
4288,46.5098267,6.6273474
4289,46.5100794,6.6275653
4290,46.5091079,6.6270807
4291,46.507763,6.6273511
4292,46.5075779,6.6252395
4293,46.508276,6.6251569
4294,46.509340449999996,6.62752215
4295,46.5114741,6.6300375
4296,46.5097303,6.6297172
4297,46.5086761,6.6289517
4298,46.5118012,6.6250549
4299,46.5094711,6.6297255
4300,46.51066395,6.624815
4301,46.5099274,6.6231968
4302,46.5102671,6.6205237
4303,46.51215725,6.643519700000001
4304,46.5260684,6.6339555
4305,46.5155681,6.6355718
4306,46.5220784,6.6451622
4307,46.5213929,6.6439779
4308,46.526038983333336,6.657385233333334
4309,46.5104235,6.638625
4310,46.5129179,6.6367815
4311,46.512671,6.6280341
4312,46.5118752,6.6232355
4313,46.5090476,6.6157446
4314,46.5107678,6.6267472
4315,46.5211733,6.6366724
4316,46.5166464,6.6412111
4317,46.5312189,6.624749
4318,46.5261853,6.6559921
4319,46.52330365,6.6428695
4320,46.5569056,6.6749669
4321,46.5514712,6.6966588
4322,46.5516539,6.6973646
4323,46.5416072,6.6446967
4324,46.5298196,6.6341606
4325,46.5176537,6.6167514
4326,46.519292,6.6573699
4327,46.523063,6.6556521
4328,46.5265465,6.653041099999999
4329,46.51751,6.6227731
4330,46.51667,6.619642
4331,46.5167541,6.6192846
4332,46.5198313,6.6167724
4333,46.5159872,6.6138642
4334,46.51422766666667,6.616762133333332
4335,46.5138911,6.6178484
4336,46.5140229,6.6183886
4337,46.513748500000005,6.6145169500000005
4338,46.5263091,6.6377177
4339,46.53479,6.6503363
4340,46.5346643,6.6169643
4341,46.5345435,6.615827
4342,46.5210822,6.6200502
4343,46.5135462,6.6466567
4344,46.5107568,6.6635539
4345,46.5131227,6.6438545
4346,46.5122107,6.6486639
4347,46.51017819999999,6.664226299999999
4348,46.5146322,6.653037
4349,46.5125387,6.6532326
4350,46.5600376,6.5947543
4351,46.7792787,6.5304087
4352,46.7879179,6.5359526
4353,46.7998391,6.5372603
4354,46.7981881,6.5174822
4355,46.5148138,6.6145154
4356,46.726826,6.5191642
4357,46.7980608,6.5170639
4358,46.5498574,6.7449555
4359,46.52404426666666,6.607411333333334
4360,46.53542105,6.6171992
4361,46.5211098,6.6481009
4362,46.5248622,6.6496397
4363,46.5243254,6.6509718
4364,46.520916,6.6139138
4365,46.5169947,6.6067405
4366,46.5250311,6.6273034
4367,46.5268105,6.6072889
4368,46.5389746,6.6172729
4369,46.535272,6.6174948
4370,46.5337583,6.6165532
4371,46.5427201,6.6190852
4372,46.5382724,6.6136674
4373,46.5539427,6.6154704
4374,46.5260794,6.5997179
4375,46.5352625,6.6128957
4376,46.5192183,6.608633
4377,46.5205656,6.6139847
4378,46.5188326,6.6565177
4379,46.5175447,6.61285885
4380,46.5240053,6.6079904
4381,46.5413708,6.6171579
4382,46.5344562,6.6142074
4383,46.5365521,6.6133826
4384,46.54790189999999,6.611733299999999
4385,46.5263197,6.6516431
4386,46.5171993,6.6444721
4387,46.5170347,6.6448089
4388,46.51712405000001,6.65226195
4389,46.5148141,6.6502189
4390,46.5155888,6.6423928
4391,46.5149859,6.6420505
4392,46.5178678,6.5984045
4393,46.5183242,6.6522352
4394,46.5402068,6.6218178
4395,46.5402573,6.621588
4396,46.5408212,6.622439
4397,46.5410549,6.6246802
4398,46.54084156666666,6.624678333333333
4399,46.5413988,6.6213704
4400,46.5406416,6.6209384
4401,46.53949575,6.62294935
4402,46.5278577,6.618757366666666
4403,46.5321934,6.6595812
4404,46.5297674,6.6621145
4405,46.5272906,6.6579168
4406,46.5215712,6.6448337
4407,46.522363,6.6456069
4408,46.5213993,6.6435636
4409,46.5267731,6.6448335
4410,46.5130662,6.6289543
4411,46.5068259,6.6267171
4412,46.5324211,6.6327683
4413,46.5276826,6.6192875
4414,46.5223122,6.6458129
4415,46.5119069,6.6428943
4416,46.514495,6.6285357
4417,46.5120708,6.6293316
4418,46.5193569,6.6383665
4419,46.53117586666667,6.6224076
4420,46.5272129,6.6217584
4421,46.5134609,6.62802545
4422,46.51365245,6.628129700000001
4423,46.5387975,6.6336434
4424,46.508149083333336,6.637566766666667
4425,46.5131526,6.6264912
4426,46.5345003,6.6335703
4427,46.5347403,6.6335285
4428,46.53827676666666,6.632091499999999
4429,46.55333,6.6973228
4430,46.556196,6.6883137
4431,46.55306825,6.691407
4432,46.552285,6.6927129
4433,46.5454967,6.6833401
4434,46.5448258,6.6838984
4435,46.5436516,6.68337335
4436,46.5433867,6.6826657
4437,46.5429205,6.6819591
4438,46.5395738,6.6814017
4439,46.5580242,6.67653825
4440,46.538887,6.6787881
4441,46.5317671,6.6571496
4442,46.5282361,6.6384507
4443,46.54367232,6.6405737
4444,46.54445811666667,6.6498299
4445,46.5430079,6.6454942
4446,46.5648153,6.593237350000001
4447,46.5377465,6.634592
4448,46.5328637,6.6407851
4449,46.9347155,6.2176849
4450,46.9264026,6.1501604
4451,46.9362032,6.2150262
4452,46.9813906,6.1898206
