cluster,centroid_lat,centroid_lon
0,46.51865340607851,6.625569980555664
1,46.518914300000006,6.623855324999999
2,46.51880988056157,6.624091886997235
3,46.518481637003084,6.624972059646914
4,46.51912255714286,6.625461914285714
5,46.51887180914285,6.626905104967252
6,46.51867265845238,6.627537024761904
7,46.51840552424174,6.628385371200176
8,46.51828322338935,6.628865262021475
9,46.51931324361472,6.623064823349568
10,46.51917744822742,6.622533470854465
11,46.519013337238555,6.621560362756647
12,46.51941328580586,6.621611164346764
13,46.51906262609731,6.620576874363354
14,46.520265997833334,6.6230470845
15,46.520391787538834,6.624373473268758
16,46.520754289186506,6.624372532043651
17,46.52065530974207,6.62696208296627
18,46.51983083250104,6.628583783553252
19,46.51986947878968,6.628047931964887
20,46.51999654623932,6.627588658931625
21,46.51931927013888,6.628337563194445
22,46.518951093812994,6.628082702745364
23,46.5191247121312,6.631508132014942
24,46.51879438089894,6.631401417155181
25,46.51823905313871,6.633436830146334
26,46.51782834186613,6.635440839536074
27,46.517687157368414,6.636502765238094
28,46.51703269596706,6.6369288554154835
29,46.517521446826095,6.6379041730035935
30,46.517504938194875,6.637179770943321
31,46.51858254559139,6.632818314772443
32,46.51805797248142,6.631634505724757
33,46.5181592245317,6.630988935892095
34,46.51778386361379,6.63043522214987
35,46.51814399506209,6.630486896977985
36,46.51788429889174,6.629257350282358
37,46.5182735170202,6.6367356930447325
38,46.51763781754595,6.638845147833809
39,46.51734316225604,6.639364758782468
40,46.51705188427658,6.642313022841976
41,46.51721744268275,6.6430082932673225
42,46.51690492010489,6.643722942723387
43,46.516755445826526,6.644177075624662
44,46.51576427715034,6.6445462102534485
45,46.51566829761816,6.643706600517409
46,46.5160129154255,6.642628103476616
47,46.516581394990205,6.641315765404838
48,46.51695339520711,6.640418870278869
49,46.51865294013187,6.63989156903622
50,46.51802096573999,6.6377486089004405
51,46.51984765293997,6.632682600473854
52,46.52225134160038,6.632211609942416
53,46.52143953856151,6.6321057077919505
54,46.52749097562592,6.61527979197413
55,46.52774778545099,6.614424169090662
56,46.52792734583829,6.614120181314484
57,46.52812659182598,6.613727312418068
58,46.52825986117364,6.613071043696189
59,46.52860671846726,6.612229080751488
60,46.52870087613045,6.611716648300987
61,46.52886222811963,6.611109128285695
62,46.52793471474868,6.612734811481483
63,46.528352186324575,6.61202191649212
64,46.5289483688988,6.6105658951388895
65,46.528617080229075,6.609687795342711
66,46.528337002619054,6.610490822216118
67,46.52815039246935,6.610945584827255
68,46.52796727577381,6.611356140178572
69,46.52772242347071,6.611737317654522
70,46.52727107132395,6.612740870927129
71,46.53287080477239,6.63105995117129
72,46.53228840113881,6.632126904082853
73,46.53273183006809,6.6332108867274515
74,46.5329141984127,6.6333889600595235
75,46.53353000082141,6.633434597483813
76,46.53417611052083,6.633395813020833
77,46.5347000039579,6.6333499235168505
78,46.53526161403109,6.633360260330689
79,46.53558014042705,6.63262088253076
80,46.53560911363637,6.6322237253246765
81,46.535131900272106,6.631779611394557
82,46.53456085495237,6.631781728873017
83,46.534149795773814,6.631830031091271
84,46.53350056199203,6.632555079065303
85,46.532770265079364,6.632760204861111
86,46.53440839029726,6.632561909273809
87,46.53628906575968,6.6325028832586375
88,46.536772386492714,6.632524669013256
89,46.537087454247654,6.6334180375157725
90,46.538018951854355,6.633824454094172
91,46.538567597275225,6.633772181566749
92,46.540637277948264,6.6333445349934275
93,46.54171298945272,6.6330121794550445
94,46.540103558912044,6.633426566881615
95,46.53933055928571,6.633451401428572
96,46.53976546350978,6.633047651733371
97,46.54045836924526,6.632417248597839
98,46.540731833015876,6.632099614623015
99,46.54098138229269,6.631314300811836
100,46.540406802740925,6.631583628274489
101,46.53991743187984,6.631523168798584
102,46.539480498733205,6.631526041161703
103,46.53897760405612,6.631643437693071
104,46.539075362178295,6.630508757607284
105,46.538463198809524,6.631937097503308
106,46.53795173508634,6.632092508210361
107,46.53764595992063,6.633751261706348
108,46.53656053915856,6.6334774252878725
109,46.536341650000004,6.633380933333333
110,46.53581721517557,6.633282783596683
111,46.52283636469449,6.6093429275349616
112,46.52200072739435,6.61078992519555
113,46.52162028393991,6.6119752985700115
114,46.52142157485781,6.612422926518494
115,46.52119734939228,6.6131119133970655
116,46.52096109076322,6.614129711253127
117,46.52097909481482,6.614734716105499
118,46.52098247468005,6.6151999883779755
119,46.52093394988697,6.615598183517316
120,46.521248145356125,6.641701962471511
121,46.52112049027778,6.644150862499999
122,46.520850624999994,6.644484
123,46.520929225,6.644713725
124,46.52107195,6.6449816375
125,46.521508094770944,6.645103996811433
126,46.52145180871604,6.645936144817838
127,46.523156109778434,6.647147541084656
128,46.52330077103478,6.647586750384614
129,46.52295921594577,6.648024225684524
130,46.52195589633333,6.646218302888888
131,46.52265282170635,6.64591684015873
132,46.52351038981292,6.645425021068594
133,46.52363218742425,6.646303249480519
134,46.52354944333333,6.646834823958334
135,46.52387499674404,6.647481996501285
136,46.524439785259254,6.64774597229279
137,46.52494775560516,6.648422676256614
138,46.525388352317904,6.648190343018185
139,46.525780107488806,6.648383784259259
140,46.525723193096816,6.647412422388318
141,46.5254661105711,6.646864835515734
142,46.52532703025258,6.6463987350306
143,46.52532182322752,6.645353483142737
144,46.52554219335648,6.645117539814815
145,46.52612903854395,6.645665596199634
146,46.526698891855155,6.646326787509921
147,46.52700561022986,6.6466555468102815
148,46.52746064373873,6.6470951995311225
149,46.52639718576058,6.6465106626521155
150,46.526297458307454,6.647211199337474
151,46.5262284005751,6.647852607590691
152,46.52717382962963,6.648494087037037
153,46.52755204955824,6.648456173868016
154,46.52960742066191,6.648481852311363
155,46.529968846647485,6.648459899822413
156,46.53176692534386,6.648441341443627
157,46.532526908817296,6.648155008997044
158,46.53323738479205,6.647006506571125
159,46.53259157887299,6.646882388486794
160,46.532287546677914,6.646736465371163
161,46.532757060064704,6.647743580178975
162,46.53197512103174,6.648385818154761
163,46.53027115974359,6.648416377307694
164,46.52832452923611,6.648439336527777
165,46.5277722,6.647757
166,46.526920679246025,6.648422035664684
167,46.52653559743055,6.648390991921296
168,46.52435564218254,6.6472226108730155
169,46.5244057641227,6.646773824868567
170,46.524499938971154,6.645951368345476
171,46.52412548863757,6.645343614863756
172,46.52500303953915,6.645305277057709
173,46.526544571224484,6.644963165161564
174,46.52699269746376,6.645050095869566
175,46.52742083236111,6.64508811875
176,46.52770245513889,6.645128490972222
177,46.52813635055555,6.6451849508333325
178,46.528564794047206,6.645265960062087
179,46.52894996651515,6.64545156030303
180,46.52919655194444,6.64555578513889
181,46.52977353215678,6.645949435632558
182,46.53099891129288,6.646184185627162
183,46.53171196561195,6.6465383954514765
184,46.5279896386576,6.641764882909499
185,46.5270689432953,6.64135187143092
186,46.52714829548271,6.640833817954545
187,46.5281232,6.6423661
188,46.52873091024645,6.6437202074863615
189,46.52930359355159,6.646215735357143
190,46.52938554898268,6.646514857056277
191,46.529076123556855,6.647314510526857
192,46.528850826828034,6.647993395891607
193,46.52215371745472,6.6449568913187225
194,46.522204043876464,6.644249236807852
195,46.52156272649802,6.643802121458333
196,46.521057505157586,6.643671412526708
197,46.52125012888322,6.640967416092559
198,46.521825203248135,6.6406644473374925
199,46.522310087883056,6.64072708976765
200,46.522391954383245,6.641670595401065
201,46.52350024931056,6.640870672040244
202,46.52393659047296,6.64122713375039
203,46.52345452373719,6.642556045060569
204,46.523580528469395,6.641753578469388
205,46.523664675887446,6.6414574429220785
206,46.52399764722222,6.6416517327777775
207,46.52410640935246,6.642472362413096
208,46.52377760006806,6.644235142622293
209,46.52306927829283,6.644636841688185
210,46.52538195583964,6.604050946708628
211,46.52333813730224,6.604620329361764
212,46.52390459766631,6.603536397914966
213,46.52157619147156,6.60380620603836
214,46.5210119633781,6.603382508378519
215,46.52301166009292,6.605459697235982
216,46.52322276137607,6.60641779297151
217,46.5217980875,6.6056367125
218,46.521978868785204,6.605104848401079
219,46.524129521490075,6.607795305412611
220,46.523825036430225,6.6072642809935465
221,46.524037970394104,6.606727163630896
222,46.524152962482994,6.605896958758502
223,46.52488140249738,6.6054659764287535
224,46.52518020778218,6.606688171939645
225,46.52459627885665,6.6036336079365086
226,46.52084786946428,6.6129898451785705
227,46.52079040131182,6.611756979564014
228,46.5208909594581,6.611050177571332
229,46.520553391531486,6.610474686705769
230,46.520729045561225,6.609900903537414
231,46.521247917800714,6.6105616782094385
232,46.52136924807142,6.609821754277778
233,46.52146807114719,6.609434998563104
234,46.52156943668539,6.609039020094217
235,46.52179922188115,6.608121233732509
236,46.52266745292601,6.607843991796608
237,46.52280677354876,6.607297152029479
238,46.52203764358134,6.606612669265872
239,46.52137962198422,6.606214542385519
240,46.520809103472075,6.6069694957413425
241,46.520692581875,6.607267188125
242,46.520412248362874,6.607989393067073
243,46.52013954984127,6.608801647321428
244,46.519889094444444,6.609862111805556
245,46.519747228223736,6.6105299111262275
246,46.51895737779806,6.612658406700176
247,46.51833707187442,6.613326690497199
248,46.51796203079131,6.613463614628852
249,46.51814115006351,6.612557287481091
250,46.519237493750005,6.603226208333332
251,46.51805794483224,6.602554160804472
252,46.518554085338614,6.6278854557230495
253,46.51902402079575,6.626082246096491
254,46.52015237426984,6.624117659444446
255,46.51799952496628,6.634508919766548
256,46.518515188857144,6.63071867225
257,46.51669403878066,6.640842633315296
258,46.51826368569546,6.639612842760681
259,46.52051531734695,6.632331644132653
260,46.52169387748176,6.633161865202652
261,46.52751253527337,6.614765225546737
262,46.52906411180555,6.610150810416666
263,46.53737654660181,6.63381127290109
264,46.53962127458333,6.633604554305556
265,46.54132873177778,6.633247039999999
266,46.541471525059514,6.632715809950397
267,46.541294693292386,6.6323943258124185
268,46.54095966925824,6.632625744166668
269,46.54103674071428,6.633219034087301
270,46.519230426388894,6.625203338194446
271,46.52102877753522,6.632993082232799
272,46.524161673942125,6.621037953184637
273,46.52449845477023,6.620136017159285
274,46.52462975236059,6.619787500042032
275,46.524912952311446,6.619204135773681
276,46.525166726207445,6.618675267479054
277,46.525322933490166,6.618190666818787
278,46.52569906497349,6.6176289184542805
279,46.526045445161564,6.617096491286847
280,46.525620680557445,6.6146811599359525
281,46.525467315958494,6.615662478363858
282,46.52537126983219,6.616386160008899
283,46.52549740470779,6.616937331006494
284,46.52427968941033,6.620637678571966
285,46.52480492708792,6.617510397577958
286,46.52449649150793,6.617278452301588
287,46.52462904408883,6.61651750285409
288,46.52116649415584,6.6445797089826835
289,46.522820941792325,6.647001422324736
290,46.527840212428714,6.648196671495367
291,46.5266035,6.6482176
292,46.53020905250545,6.646113830236292
293,46.528286124668625,6.642199701969182
294,46.5220624268739,6.6419244978615515
295,46.51674166888593,6.617800531764888
296,46.51629977744324,6.617029039338214
297,46.51677191604834,6.616794362398971
298,46.517168245489486,6.61490638445414
299,46.51705526817385,6.613597564156484
300,46.51672634684293,6.610177001931793
301,46.51645295513888,6.6111082673148145
302,46.51605435207792,6.610650994996392
303,46.51625551340506,6.609609291324165
304,46.52130974695054,6.6035952200824175
305,46.52139229674603,6.612741436488096
306,46.5217905844733,6.599886674888889
307,46.52211052757937,6.599949235134379
308,46.52208875434323,6.601414053087413
309,46.52182925136647,6.60211179973085
310,46.52274458923611,6.600365705753969
311,46.5229984381836,6.601155663855883
312,46.52279230502708,6.601747600223551
313,46.52263194520969,6.602157604240319
314,46.522470419451246,6.602547637744755
315,46.518545136363635,6.6361066
316,46.53525678333333,6.63254975
317,46.539135576388894,6.633520130429293
318,46.53250319740079,6.632677189546485
319,46.53319923333333,6.630371987500001
320,46.53344819451388,6.630283211180555
321,46.521059715476206,6.642123414285713
322,46.523169674476186,6.645657166595238
323,46.5252765375,6.645782168472221
324,46.53067388833334,6.645797796666666
325,46.51701456770834,6.6140177385416665
326,46.516633447051284,6.610787951538461
327,46.51709895387501,6.612694119509934
328,46.51734398630026,6.616390095093293
329,46.51660453269231,6.618848631923077
330,46.52006758256886,6.612844325847333
331,46.51955712171246,6.612015531543549
332,46.5194412651474,6.610397467753795
333,46.519284967962015,6.6095932744522115
334,46.51956463915675,6.608813000575398
335,46.520199091216654,6.6075963387211365
336,46.52026673418935,6.606935312352607
337,46.51985642500001,6.606834085
338,46.51945231474206,6.608119415886243
339,46.519259842748916,6.608553421536796
340,46.518958488966426,6.608709951905983
341,46.51911214552942,6.60922139085621
342,46.52492180972222,6.606591668055555
343,46.521663168055554,6.608687063888889
344,46.5199402,6.609585517499999
345,46.515983266666666,6.643102972222223
346,46.52244549309524,6.646822197857142
347,46.5317490875,6.6487175
348,46.52483546538462,6.647900902564103
349,46.52670242708333,6.6412791875
350,46.5215782,6.64081705
351,46.519531339270834,6.611358449479167
352,46.5220901,6.6068847
353,46.51627537041666,6.61087887
354,46.51691628882353,6.614711238627451
355,46.51675286559668,6.615418745135436
356,46.52488297777777,6.619659394444445
357,46.5194172625,6.610782725
358,46.52222934653847,6.602951323589744
359,46.51801450947645,6.638163824792087
360,46.535535135714284,6.631881488095237
361,46.52431776875,6.605308050347222
362,46.52441336666666,6.603466366666666
363,46.51670230999999,6.61857646
364,46.51915571666666,6.60894615
365,46.5186497,6.6311386
366,46.5401405,6.6326526
367,46.52111374662979,6.637909739812465
368,46.520962233333336,6.638523733333333
369,46.52167535754112,6.640000822071284
370,46.52080776031347,6.640372185285229
371,46.521251885785055,6.63976868884516
372,46.52132227554989,6.640373438594105
373,46.52131233615355,6.638635357948757
374,46.520054865636624,6.6380910447908
375,46.519721649999994,6.63877095
376,46.51806293880357,6.640566299245048
377,46.51846204747024,6.641859308928572
378,46.517563290535016,6.6434871351522515
379,46.51674367333334,6.644751116666666
380,46.51611886241932,6.645544924970714
381,46.516397649512335,6.644774733423861
382,46.51764263674955,6.642700158418774
383,46.51871929795035,6.639066542285688
384,46.51904387334007,6.638283409718854
385,46.51904417422169,6.63770547073053
386,46.51928985494764,6.638881110685612
387,46.51918748379267,6.63987913802758
388,46.51832554303969,6.638584415486773
389,46.519873028404696,6.63910171399721
390,46.52016914994559,6.639848179031492
391,46.51930948690087,6.644832312125551
392,46.5199955843816,6.641400734637194
393,46.520443087186464,6.639601167242955
394,46.52038126190477,6.6373576666666665
395,46.520609701383606,6.638374558206348
396,46.518627652586055,6.636878086290726
397,46.519391199999994,6.631137580000001
398,46.519774188244526,6.630380614145068
399,46.51921380769231,6.636201607692309
400,46.52006437572726,6.636263990287813
401,46.51954441456993,6.6356763985991645
402,46.51938693325696,6.634105023605079
403,46.51983021984593,6.633615740083295
404,46.52154516119891,6.630897437490465
405,46.521365019166666,6.6313691071861465
406,46.5314789,6.6196528
407,46.5438747,5.8640384
408,46.5328533,6.6181222
409,46.5439498,6.5982043
410,46.5356351,6.5639918
411,46.5019774,6.5402895
412,46.5455256,5.8673742
413,46.5389322,5.8566781
414,46.5802574,5.880024399999999
415,46.53028651222273,6.6164024499364595
416,46.5315117319487,6.615419686168719
417,46.53218635861442,6.614971328270504
418,46.533898293215024,6.613892740492769
419,46.53516395074295,6.613172220520888
420,46.54004300318182,6.610886954978355
421,46.53986545522353,6.610127099756401
422,46.5343524329762,6.612673383595239
423,46.534545254981616,6.612399466663119
424,46.5344339,6.6121072
425,46.53421492499999,6.612274508035714
426,46.53377439083334,6.612338525000001
427,46.53305197036741,6.612907109566453
428,46.53303920305379,6.614042893410449
429,46.52963148142361,6.617354555902778
430,46.530752510070215,6.612923701321278
431,46.53045781574375,6.615393776322056
432,46.52984050875002,6.614479545953354
433,46.5290411,6.6143692
434,46.529854535859634,6.61365580112058
435,46.53057235,6.6147651
436,46.53087249608883,6.6146993879155
437,46.531483412271264,6.6144699794762385
438,46.5318911,6.615240266666667
439,46.530593,6.6134305
440,46.53124948383045,6.612464655975929
441,46.531472795563424,6.6122978855229695
442,46.53209276767185,6.611825728118958
443,46.53263675400536,6.611427151214783
444,46.53413986841525,6.6114476329996394
445,46.53353276751468,6.611847438255547
446,46.53302719220016,6.612236768604311
447,46.53263936825556,6.61262407645983
448,46.53154285,6.613531500000001
449,46.5324208335034,6.6135494671201815
450,46.531769136594754,6.612947621382297
451,46.5320036654366,6.613965811252082
452,46.5330923,6.6107962
453,46.5319851,6.6135947
454,46.5191071,6.6575154
455,46.52215406422223,6.659900396230159
456,46.52235633700284,6.659049529928978
457,46.52281366494589,6.656521522468642
458,46.522929822312086,6.656095171679259
459,46.52298927650463,6.655480433201059
460,46.52339460977891,6.654903891173468
461,46.52363675538987,6.654544928641283
462,46.52423386821251,6.6531684281954995
463,46.524066425,6.65292715
464,46.524270603571054,6.652364899361151
465,46.524307,6.6514858
466,46.52432073220412,6.651199120145069
467,46.524863707772646,6.65286685562581
468,46.525378308285504,6.652059122528489
469,46.52608746660654,6.65218801507293
470,46.527039890244204,6.651804912551894
471,46.52778770832975,6.653251333529636
472,46.52791290207277,6.654100690835911
473,46.52809412187492,6.654518498479551
474,46.529098510286936,6.656545908547008
475,46.52881995841913,6.657099830591704
476,46.52834974505953,6.6573817885714295
477,46.527746112756255,6.6577506742250065
478,46.52801873397427,6.658924238756615
479,46.529263943392856,6.662726192559522
480,46.52868148679488,6.662391467307693
481,46.52848917416666,6.661614960555556
482,46.528428563536,6.66114819092357
483,46.5286992706106,6.66016225201997
484,46.52793936744898,6.6584582006292505
485,46.52665303206018,6.657697222152778
486,46.52443795270833,6.658706581964286
487,46.524898043130435,6.6568255496179605
488,46.525422855,6.656774402333333
489,46.526550843165445,6.656071850845544
490,46.52631566761905,6.654823115824176
491,46.526242204549504,6.654211897246502
492,46.52641162079195,6.653055307206191
493,46.526738826753245,6.649098407662337
494,46.52738529497835,6.650079937664398
495,46.527097610934064,6.650666178571428
496,46.52662393515152,6.6502863819841265
497,46.52623252704445,6.649847198700001
498,46.52575907843751,6.649489002326388
499,46.52535712661008,6.649842997139435
500,46.52654030060147,6.651922920073631
501,46.523948883961964,6.6549270168169805
502,46.52393933266208,6.655729182355963
503,46.52349493893188,6.655740136084656
504,46.522487600000005,6.65758805
505,46.5223187,6.6579954
506,46.52218733809524,6.658514978571428
507,46.521862910877196,6.658485939757727
508,46.52148855670227,6.657731130090326
509,46.52055868196917,6.65800148054945
510,46.52253572255699,6.657825483810924
511,46.52270076805556,6.65825215625
512,46.52316849545176,6.659199687115385
513,46.52354101499999,6.65972715
514,46.52376403863637,6.660137221780302
515,46.524126620138894,6.661532515277778
516,46.52449917944444,6.6625956625
517,46.52538619805555,6.661621645833333
518,46.525521626521744,6.661067288405797
519,46.525025542708335,6.660495379166667
520,46.524113421428574,6.65763835547619
521,46.52392825429654,6.657042546082251
522,46.52382204256944,6.6564312574999995
523,46.522389752708094,6.65581104450481
524,46.522407458957986,6.654703802887195
525,46.5229474684034,6.6545764542930455
526,46.52329654193999,6.654116871253169
527,46.523304659761905,6.653805627099206
528,46.523127601124344,6.653468416527779
529,46.522647951784464,6.652783473948801
530,46.521710015078924,6.652909797552888
531,46.52224173168175,6.652050016616757
532,46.521822500175254,6.653505389804895
533,46.52107520104167,6.654201668750001
534,46.52102483894737,6.654849876754386
535,46.52070082837301,6.6557067185515875
536,46.52035861428572,6.655461623809524
537,46.52046548333333,6.654777062820513
538,46.52061398571427,6.654481928571429
539,46.520755581818186,6.6542366818181815
540,46.520392807986106,6.657191606597223
541,46.52579449224138,6.656269158620689
542,46.52744027301947,6.655565131904762
543,46.52782110065972,6.655426787681052
544,46.528238602637366,6.655335343461539
545,46.52857548639118,6.655313840688706
546,46.527906725,6.652984375
547,46.51658561574945,6.625308603173975
548,46.5174995,6.6245264
549,46.517070342313524,6.624076116486013
550,46.51694298564103,6.623491989807693
551,46.5150561,6.6238683
552,46.51698126025641,6.6221943448717955
553,46.5150425,6.6512081
554,46.517065850640286,6.620887346710801
555,46.51723819463294,6.61989304721651
556,46.518128582925165,6.619836865167801
557,46.51764600597268,6.620021553850108
558,46.51768839337905,6.621993429047457
559,46.517560163846895,6.622621062899152
560,46.51838904806322,6.61926480062212
561,46.51747271830159,6.618635993123016
562,46.51738196725714,6.61905093757945
563,46.517065116646826,6.619181618313493
564,46.516457633168045,6.619436527320937
565,46.51664902932964,6.619752595944742
566,46.516762243799604,6.619318450892856
567,46.51654595290509,6.620475933958333
568,46.51645762583886,6.621740579434374
569,46.51651469728319,6.62273416546748
570,46.5171498,6.6221472
571,46.51723483677827,6.618125551302083
572,46.517557534666665,6.617729525
573,46.5233517,6.6659976
574,46.51779032887663,6.617279355317544
575,46.518616460808886,6.616253259918116
576,46.518978105972224,6.6171083952777785
577,46.51896756491454,6.617858567329687
578,46.518331028228836,6.618087830819567
579,46.52778999433611,6.597920025126389
580,46.5150475603542,6.612703282369526
581,46.51543252500001,6.6129848861111125
582,46.51600377060693,6.613366346957168
583,46.5165245605838,6.614195789805709
584,46.51661783111111,6.614528072222222
585,46.51606748419481,6.620292804422116
586,46.5157107017619,6.620907701
587,46.51541791057104,6.619775182451715
588,46.51557728182477,6.619140123255737
589,46.51574802661506,6.618673802803863
590,46.51612380511156,6.618305162568266
591,46.51559931507936,6.618010231150794
592,46.515258330761775,6.617862016502493
593,46.515482876429125,6.617262755209531
594,46.51553984487027,6.61674949540533
595,46.51552717978311,6.61612837860156
596,46.51562093591479,6.6153028274788825
597,46.515740086151254,6.614879495900781
598,46.516351362994556,6.6129295952396605
599,46.51666198972535,6.61164658474516
600,46.51600791503969,6.613979288833945
601,46.51589516987985,6.614407103129923
602,46.51504157554945,6.615347647802199
603,46.51499658619048,6.614745142884615
604,46.51510705786981,6.614299309922277
605,46.51512326178854,6.613704458021543
606,46.514912141831786,6.618782852783866
607,46.51391751438943,6.618515955166126
608,46.51366025198445,6.618120273324817
609,46.51278006184162,6.616121617272642
610,46.51260667500001,6.616543267500001
611,46.512425297373106,6.617123119336917
612,46.513532226984125,6.6171473128663
613,46.513871037650794,6.6159134605555545
614,46.51415287203424,6.615547206583919
615,46.51455329635865,6.6163957476336615
616,46.51433828315237,6.616852156094711
617,46.514020309565815,6.617934003151664
618,46.514704729628846,6.619353053633033
619,46.515122353759985,6.6167524386120515
620,46.51369845773738,6.614990025777778
621,46.51373286449315,6.614290157415223
622,46.513775456880346,6.613528046749083
623,46.52099294285714,6.640006814285714
624,46.517157371853386,6.643980537302096
625,46.51635215,6.6455079
626,46.519618636762374,6.631470220439734
627,46.5191754,6.6359157
628,46.5432948,6.5889645
629,46.5414419,6.6016872
630,46.51953,6.6352544
631,46.5411499,6.5829508
632,46.5118604,6.6306315
633,46.4988836,6.6164282
634,46.51988739664936,6.633164494371755
635,46.4685749,6.5936216
636,46.53382435,6.618238099999999
637,46.53462409733144,6.616728768671072
638,46.535977194109364,6.615504702470862
639,46.53357314002342,6.618973600365225
640,46.537324727686425,6.614563496946443
641,46.5378782,6.614134699999999
642,46.53794250118067,6.613483788333938
643,46.5387606930114,6.612796377844913
644,46.53900120164887,6.612347513414558
645,46.53975549192217,6.612318469150337
646,46.54055440736508,6.612332318063493
647,46.54179639130381,6.61209342154605
648,46.5370053977381,6.614667919394841
649,46.53009475972985,6.618930854143773
650,46.52705207015828,6.621384920114238
651,46.527266344481134,6.620855015673353
652,46.52761835282031,6.620321570733031
653,46.52787895031136,6.619848016043956
654,46.528157518470415,6.6187269400003
655,46.52865698468879,6.618508598450401
656,46.528497639759394,6.617775130449975
657,46.52871888333718,6.617375640238095
658,46.52989289861111,6.616525023611111
659,46.5300579,6.6159987
660,46.5308547,6.6417836
661,46.5299197,6.6096282
662,46.53293950606061,6.614481566515152
663,46.534304326527774,6.613613752777778
664,46.5398321,6.6108883
665,46.5348507,6.6127739
666,46.53187979910256,6.615855288818681
667,46.52977574505694,6.615798609707557
668,46.53024001075673,6.61327446315421
669,46.530181294047615,6.6149589196428575
670,46.53025092835597,6.6137526572496945
671,46.53056783931373,6.614224713921567
672,46.53134707126508,6.613578591227647
673,46.5313915,6.6140474
674,46.53107216013889,6.6131372935912704
675,46.53315452270012,6.610992436771094
676,46.53349695248474,6.610719135567765
677,46.5149703,6.6191663
678,46.52128,6.6382968333333325
679,46.518608126145665,6.640805141471862
680,46.517747150000005,6.643602850000001
681,46.519089710934104,6.636709345362853
682,46.5193299,6.6365969
683,46.5199596,6.6329001
684,46.5059958,6.6310597
685,46.5219547,6.629325
686,46.5390586,6.6127474
687,46.5392694,6.6122095
688,46.53070573839466,6.61595173797529
689,46.53491247242857,6.613130806440476
690,46.53342065821325,6.612625227686044
691,46.531694477638894,6.616612872222223
692,46.531305059281316,6.60953907172178
693,46.53113053667293,6.608858805078896
694,46.53103658614628,6.608387260729117
695,46.530831257864584,6.6079697207812504
696,46.5308500223851,6.607566745333946
697,46.52914307416999,6.607570418639953
698,46.53047056666667,6.613905866666666
699,46.52835918512169,6.607567308677729
700,46.5456542,6.6871063
701,46.5220419,6.5824122
702,46.4841926,6.5755571
703,46.53096197921428,6.611901578964286
704,46.53120565072383,6.611459909746647
705,46.53099083333333,6.611610533333334
706,46.519397570833334,6.657992334166666
707,46.5229983,6.6564421
708,46.52398516049783,6.6540323055086565
709,46.5246169,6.6513524
710,46.5245054,6.6514176
711,46.52474942500001,6.653188061296297
712,46.52762329619048,6.652764543214286
713,46.527953333333336,6.6534374666666665
714,46.52960134583333,6.662895047222222
715,46.52622280958334,6.657546433829364
716,46.525249288666664,6.658534302166666
717,46.52466370888888,6.659374692037037
718,46.52470833939393,6.657370103030303
719,46.52256281666667,6.65732804125
720,46.52234708895383,6.658393577475951
721,46.52013157348639,6.6586164800850325
722,46.5248258247619,6.661272815714285
723,46.5173485,6.6232334
724,46.5162312,6.6252576
725,46.516941018786845,6.6228703785374154
726,46.5171285,6.6229229
727,46.5178725,6.622371
728,46.51800223305616,6.62088501885101
729,46.5172695,6.6212939
730,46.5171925,6.6209688
731,46.5169581,6.6200202
732,46.5171062,6.6196443
733,46.5186746,6.6194034
734,46.5152983,6.6234974
735,46.5152837,6.6223329
736,46.522811000000004,6.62362945
737,46.5179517,6.6244522
738,46.5165446,6.6213117
739,46.5165979,6.6200641
740,46.519772942083335,6.6167506284226185
741,46.518622043030305,6.614926488636363
742,46.51902783361111,6.61514070875
743,46.52002736441469,6.61614146412037
744,46.5199614825822,6.615399009056124
745,46.51999041059788,6.614780401767196
746,46.52004840252849,6.614277504650997
747,46.52028348798671,6.614014477619328
748,46.51387239,6.612829544999999
749,46.51940087240143,6.636163166839114
750,46.53399811060606,6.61771338439394
751,46.53769708924272,6.614145707139549
752,46.5278006,6.6204173
753,46.5279518,6.6203847
754,46.53291931815477,6.6189233438988095
755,46.528319645833335,6.618294591666667
756,46.531315,6.6240926
757,46.5300007,6.6162537
758,46.5309195,6.615784
759,46.5324154,6.6148927
760,46.5331144,6.6145032
761,46.5394365,6.6628944
762,46.5295378,6.6238499
763,46.530148452351504,6.618341690564173
764,46.53102285,6.613443999999999
765,46.5308769,6.613541
766,46.5399966,6.6863107
767,46.5337367,6.6106458
768,46.53169690000001,6.6133625
769,46.52314676666666,6.6562709
770,46.5226818,6.6551721
771,46.5270383,6.6521517
772,46.5246289,6.6525324
773,46.5316707,6.6424858
774,46.52493933994043,6.652476791493568
775,46.5265987,6.6573332
776,46.5261328,6.6571211
777,46.52427934294871,6.658155201923076
778,46.52531485714286,6.656496257142858
779,46.5262571,6.6502388
780,46.5256336,6.6491921
781,46.5253499,6.6508611
782,46.5206702,6.6594737
783,46.5331983,6.6675886
784,46.5246194,6.6607973
785,46.5215553,6.6548499
786,46.5227445,6.6549687
787,46.522605,6.6524601
788,46.5171692,6.6497483
789,46.5171026,6.6253532
790,46.5169203,6.625156575
791,46.51724424214224,6.623472155399365
792,46.517529105641025,6.621360483296703
793,46.516282106666665,6.625521213333333
794,46.5150071,6.6128863
795,46.51895239444443,6.616603516666667
796,46.52079423695324,6.6359436725584455
797,46.521013249387245,6.636514916708614
798,46.525104569145654,6.630322995233653
799,46.537512533333334,6.614402341666667
800,46.519275277196975,6.657385064318182
801,46.5239053,6.6532664
802,46.524143666520146,6.651814580238095
803,46.5268718,6.6503122
804,46.5266949,6.6499555
805,46.52741679705594,6.651688957980454
806,46.52833362708334,6.654871700833333
807,46.524967018333335,6.659235223333335
808,46.5264095,6.6535451
809,46.5223728,6.6578362
810,46.52296276,6.658829510000001
811,46.523957,6.660615133333334
812,46.52407333333334,6.6609311
813,46.520889025,6.655301222916666
814,46.52048905560606,6.656271095833333
815,46.51676453860545,6.624498654880952
816,46.52059185,6.64041595
817,46.5208783,6.6386599
818,46.5207172,6.6377954
819,46.53261400072752,6.61057103784127
820,46.5321126106954,6.610802334807256
821,46.53159089349372,6.610999671206017
822,46.53163117883469,6.609865931917403
823,46.53221528519345,6.610081741071429
824,46.526719927777776,6.656786816666667
825,46.51880217857143,6.614975828571429
826,46.513277189583334,6.617931255555555
827,46.5212999,6.6378285
828,46.51635779166667,6.645104083333333
829,46.521179425,6.632005700000001
830,46.51850623333333,6.6386031
831,46.520266310706916,6.639503482103543
832,46.526259,6.6528158
833,46.53943688333333,6.612364866666667
834,46.531112380833335,6.615688200833333
835,46.524153,6.6508073
836,46.52601860000001,6.65730617037037
837,46.52539367333333,6.658169913333333
838,46.5257301,6.657069099999999
839,46.52718434333333,6.649578933333333
840,46.520031675,6.6589270874999995
841,46.52029182777777,6.655123713888888
842,46.5198768,6.6151775
843,46.5199873,6.6138646
844,46.5170461,6.6172932
845,46.3864182,6.6071258
846,46.5146607,6.6227194
847,46.3751541,6.6045115
848,46.5167375,6.6202776
849,46.5162114,6.6215306
850,46.5160227,6.6219271
851,46.5160827,6.6225137
852,46.5161508,6.6231879
853,46.51604965,6.6255604
854,46.51602917828042,6.6258135405291005
855,46.51675976,6.62416516
856,46.5170724,6.6227171
857,46.5163509,6.6202855
858,46.51728096666667,6.620499266666666
859,46.5189138,6.6194674
860,46.5179768,6.620002
861,46.5174763,6.6204199
862,46.5174873,6.623502
863,46.5176014,6.6243086
864,46.5179508,6.6222064
865,46.5182411,6.6215086
866,46.51517185,6.6198265
867,46.5153347,6.619285850000001
868,46.5151806,6.6194823
869,46.5150146,6.6171403
870,46.51599615,6.61731815
871,46.5165359,6.6180567
872,46.5158195,6.6153129
873,46.5148498,6.61509
874,46.5146118,6.6140874
875,46.5145688,6.614418
876,46.51484820000001,6.6182089
877,46.5136919,6.6169368
878,46.5142162,6.61583715
879,46.51691545,6.6444735999999995
880,46.5199766,6.6436121
881,46.52019598333333,6.640463783333334
882,46.52230635,6.6402491
883,46.5271525,6.6418996
884,46.5336793,6.6466854
885,46.5437231,6.6539989
886,46.5210544,6.6390674
887,46.5186334,6.6460952
888,46.5086867,6.6581225
889,46.5914364,6.7012682
890,46.5768733,6.7045423
891,46.5628161,6.6330052
892,46.3627632,6.7063596
893,46.2620324,6.6640842
894,46.5252634,6.632704999999999
895,46.5248822,6.4574719
896,46.5484671,6.4591514
897,46.4788081,6.5582996
898,46.4824421,6.5448854
899,46.5082184,6.5017471
900,46.5222669,6.4913365
901,46.5299369,6.4542737
902,46.59639719999999,6.477936799999999
903,46.5647194,6.5033117
904,46.539063,6.6118309
905,46.5409143,6.6133007
906,46.5394093,6.6013659
907,46.5363748,6.5983583
908,46.5287448,6.6181731
909,46.5308557,6.6160436
910,46.5316179,6.6156694
911,46.5316432,6.6158433
912,46.5349922,6.6123485
913,46.516881852187986,6.636129710570381
914,46.51691469750942,6.635232772340071
915,46.51738265184688,6.6345347730807145
916,46.517639442164096,6.633589590000017
917,46.51706939101185,6.633838396882032
918,46.51702567896825,6.633037716646825
919,46.51747131841239,6.631637300216572
920,46.51718065056818,6.630770070858586
921,46.51629364024558,6.636655387166754
922,46.51606341548549,6.637297191637265
923,46.51428254907751,6.636272558921013
924,46.51384483916667,6.6361430100000005
925,46.51502400916667,6.636354315833333
926,46.51528157095239,6.635828765684523
927,46.515483989949416,6.635255307922378
928,46.51599532357144,6.633971468214286
929,46.51630137186689,6.634262922048587
930,46.516340903267974,6.635070781764706
931,46.51606226307693,6.634829336923077
932,46.51548484381142,6.633925499657547
933,46.515467843313495,6.634460485198413
934,46.51462575750915,6.634900463113553
935,46.51503304392948,6.637170290264422
936,46.5146114385409,6.6376375416479165
937,46.513914077497674,6.637363838886555
938,46.51429548427129,6.637565968528139
939,46.514403518048525,6.638205771903413
940,46.513677859299534,6.6380873764803505
941,46.51421212310606,6.639002101136364
942,46.51402208662856,6.639855165342888
943,46.51397869209183,6.640994700153063
944,46.514248029358974,6.641779645512821
945,46.5144027266369,6.640914891517857
946,46.5147008932282,6.639992728645898
947,46.515107343055554,6.640015286491402
948,46.51561856465943,6.640508502147241
949,46.515915973926774,6.640824604953102
950,46.51627783202381,6.6411279440646265
951,46.515961495701056,6.6414567613844815
952,46.51556735763492,6.641097410968254
953,46.51499289070987,6.640688066984127
954,46.514779858759226,6.640500427652717
955,46.514948171959716,6.639584361776557
956,46.51549817074635,6.639169375106067
957,46.51554387106782,6.63868152096237
958,46.51595690691644,6.639184682226024
959,46.51540722666085,6.637773258589912
960,46.51524550372024,6.637443119603175
961,46.51660699072214,6.63839555205259
962,46.51674133461645,6.639141224945885
963,46.51556195746825,6.644729331904761
964,46.515619746010096,6.645136450707071
965,46.51499729367465,6.653793572892326
966,46.532707191486296,6.627626887987014
967,46.53328115474116,6.627806752441147
968,46.53467925254774,6.626685701049411
969,46.53515879661552,6.627515733120215
970,46.53495421109597,6.628435021456041
971,46.533875479315476,6.6249531330092575
972,46.53606061386409,6.62580692217758
973,46.537334446054295,6.6249041538498075
974,46.53812540905503,6.624756535546251
975,46.538547495416665,6.6271706105208334
976,46.53904971170635,6.62802678922619
977,46.539380405543874,6.624392863263373
978,46.54016842132526,6.624028763164896
979,46.5405206831488,6.624406409716151
980,46.540065056804586,6.6253493107335775
981,46.540154395102746,6.625886733044335
982,46.54046702427849,6.623793194642858
983,46.53981963163547,6.6237006711631015
984,46.53967223154684,6.622935842559524
985,46.53973013550353,6.622202043832818
986,46.540130242093255,6.622089796051587
987,46.54052407104285,6.6218684021043765
988,46.54095781903149,6.622375398655876
989,46.541009037020046,6.622920647668059
990,46.5410988375,6.623562319166666
991,46.54125253431708,6.624555704986672
992,46.54160008556548,6.621398982291666
993,46.54112348560158,6.621539264571957
994,46.54085017688931,6.6212355631861675
995,46.53823630531625,6.623375320806243
996,46.535462944861116,6.616358739930555
997,46.535903013693954,6.616003675609892
998,46.53640804602388,6.615671448407943
999,46.536443459226184,6.616086721794218
1000,46.53587281655724,6.6164491579004325
1001,46.53517061173646,6.617023807395231
1002,46.53064977752104,6.61769776934554
1003,46.53799864566798,6.623063424867726
1004,46.538308539038454,6.622718561538463
1005,46.539942359873024,6.620963171714285
1006,46.54122371370371,6.620270889722223
1007,46.54225195077382,6.621868862989419
1008,46.54235354559335,6.622377593828053
1009,46.542821444448954,6.623066785793199
1010,46.54380898445735,6.623904595053129
1011,46.54307576151924,6.623629721720173
1012,46.5430551183158,6.624084397587281
1013,46.54266366287277,6.624540444093916
1014,46.54199783513431,6.625255590481473
1015,46.54770123560606,6.618549631060606
1016,46.54161871818182,6.619097877272727
1017,46.54167418955177,6.618107449924843
1018,46.54053829969904,6.617516275808888
1019,46.54080851692308,6.619061360128205
1020,46.5394208556624,6.6209615946581195
1021,46.53875691930466,6.621944846332821
1022,46.53465157118881,6.6473384100966255
1023,46.53523821009841,6.647639523555989
1024,46.53570484251354,6.64780751449784
1025,46.53612353178035,6.64844961807091
1026,46.535721279860105,6.65148449385898
1027,46.53494577057972,6.650252350067288
1028,46.53458050232143,6.649155535446428
1029,46.5346825799263,6.648540352970522
1030,46.53512474932881,6.648962697481749
1031,46.53553487955284,6.649468350765829
1032,46.53606827779149,6.649851180342662
1033,46.53556423303031,6.650157887727272
1034,46.5355201934473,6.650441912037037
1035,46.535418591286685,6.650854711649483
1036,46.533943267644226,6.647904313515895
1037,46.533605495196674,6.647585847181997
1038,46.534252129513895,6.64835802875
1039,46.53426420775511,6.649790183180272
1040,46.53402338517776,6.650246499958699
1041,46.534901395384615,6.650809675641026
1042,46.534702094487734,6.651586897907649
1043,46.53510153933532,6.655147439236113
1044,46.533506826363634,6.659370872575758
1045,46.53456841939268,6.6618521099551415
1046,46.53417154725275,6.660946269078144
1047,46.533706231313495,6.660183479488095
1048,46.53464132743591,6.660667490769229
1049,46.53494265347223,6.660756177638889
1050,46.53588200648269,6.660025806733405
1051,46.5343085469697,6.6593453844642845
1052,46.53423904444445,6.658995037037037
1053,46.53486896763889,6.658818598472223
1054,46.52987889027778,6.662514702083333
1055,46.530049138974356,6.659655871923078
1056,46.52963734333333,6.660186308888888
1057,46.5294825876984,6.661028553472224
1058,46.52956383644841,6.660661042876984
1059,46.53079323533051,6.659900127448831
1060,46.53101124,6.659570987738095
1061,46.53129037887323,6.659123894111323
1062,46.53170964652778,6.659521940972222
1063,46.53202484712205,6.65880496115079
1064,46.53181742372549,6.657663761764705
1065,46.531516369296135,6.657172461986932
1066,46.53104309782312,6.657596136819727
1067,46.530343588571434,6.657588772738094
1068,46.52976528538961,6.6564292170274175
1069,46.530578776333336,6.658163228500001
1070,46.530848075828665,6.658676400560224
1071,46.532836363057946,6.660486955261753
1072,46.53392686690386,6.657270487944625
1073,46.53385733151516,6.656772661060606
1074,46.53380355855555,6.656325273444444
1075,46.53363534891332,6.654886154957264
1076,46.533413696298695,6.654458411731603
1077,46.53212726092727,6.6560720934128375
1078,46.53287299188821,6.654469399861212
1079,46.532610728095236,6.654371855238095
1080,46.53209427152245,6.654158831799824
1081,46.53144378901394,6.654199179659692
1082,46.531305801205185,6.653606581765987
1083,46.53112939634635,6.652902386055796
1084,46.530935810946,6.653193494046927
1085,46.5306804773046,6.652049750967084
1086,46.53029468069445,6.651894731597221
1087,46.5301122151876,6.651518877463094
1088,46.52959514930556,6.651016599305556
1089,46.529242413858476,6.650723463630743
1090,46.528929593116885,6.650402906601732
1091,46.528462262109834,6.651082964650238
1092,46.5281052,6.65130398
1093,46.52773801666666,6.651513766666667
1094,46.526906386928566,6.652432890434524
1095,46.52773591233732,6.650436203094699
1096,46.52803858583333,6.6497386020454545
1097,46.52822981059524,6.649484228571429
1098,46.529320291111105,6.649050371666665
1099,46.52894713132005,6.649054937327449
1100,46.52807441937119,6.649256888006715
1101,46.52747640456993,6.650802355318491
1102,46.527237073611104,6.6511546513888895
1103,46.528529499694876,6.653177489749009
1104,46.52912085668599,6.652905331496612
1105,46.5295771225,6.652621706666667
1106,46.52980865143599,6.652451413954316
1107,46.53074821627624,6.651199509174275
1108,46.53098431222222,6.6508082648611095
1109,46.53146295902778,6.650422000138889
1110,46.532857180708326,6.648295522922562
1111,46.53189277948718,6.650191648717948
1112,46.51482005165787,6.628555997522268
1113,46.51551805528763,6.626686544955876
1114,46.51542710717058,6.626272564121346
1115,46.51519881821429,6.625580426145833
1116,46.51498124388888,6.626596023055555
1117,46.51454109027035,6.627540566193691
1118,46.514199875124035,6.628642864952414
1119,46.5140552485197,6.6292472939779765
1120,46.513789180209855,6.630480761414148
1121,46.512168072314815,6.628715842222223
1122,46.51249991574877,6.628861924197087
1123,46.5129427218254,6.62903528858135
1124,46.51319649832936,6.629379223936508
1125,46.51341284957265,6.62875226551282
1126,46.515006568149026,6.626197840330252
1127,46.51470425587302,6.627039812222223
1128,46.51423690660257,6.627190708516483
1129,46.51378659648351,6.627024572774725
1130,46.51333180040601,6.626857618417289
1131,46.513334776526484,6.626255001085019
1132,46.51388706656477,6.626243436810794
1133,46.51411601709524,6.625783347380953
1134,46.5143826054592,6.626427783911565
1135,46.512783904080216,6.626774138638039
1136,46.51207121371783,6.626755947717555
1137,46.51259853360029,6.627603734738456
1138,46.51303488220094,6.627680084640304
1139,46.51116007638233,6.62714881701977
1140,46.510389500150666,6.626907925675462
1141,46.5105079203143,6.626255291938209
1142,46.5104225172619,6.625716721111111
1143,46.51005970212122,6.625430181969697
1144,46.509520541225044,6.625058244768919
1145,46.5097188350191,6.626228344503264
1146,46.508206908333335,6.6257276874999995
1147,46.50790557374387,6.626210509173461
1148,46.507482158179684,6.626127807050607
1149,46.50881912358974,6.625348951410258
1150,46.50898789827381,6.625011470575395
1151,46.50915705180555,6.624692575416668
1152,46.50937483460814,6.624313936165675
1153,46.50948778810681,6.623815685975528
1154,46.510218861206674,6.623345591670885
1155,46.51075662975,6.623749287011906
1156,46.51066785050153,6.623096255124406
1157,46.510113328906144,6.623944100634921
1158,46.509796038750004,6.6246500528472225
1159,46.510116848740076,6.6249339118425326
1160,46.5108081255871,6.625230503449075
1161,46.511036975435196,6.624595971720706
1162,46.51115686297852,6.624108488898225
1163,46.51151886197612,6.624175627183049
1164,46.51231823775671,6.624696939806171
1165,46.51618102371795,6.633301255769231
1166,46.513633049999996,6.637002450000001
1167,46.5143236,6.63855
1168,46.5136950641756,6.638892800809937
1169,46.51428981282468,6.641286752110389
1170,46.51446921590909,6.640603989393941
1171,46.515066032698414,6.639229827777778
1172,46.51547014705883,6.6369572343137255
1173,46.532032995512836,6.627883317948717
1174,46.533685015,6.627576143611111
1175,46.53352404166667,6.623180008333334
1176,46.53240080454546,6.624106787878788
1177,46.533314339102574,6.625377765384615
1178,46.537776575757576,6.624793846969697
1179,46.53840529607844,6.626102499999999
1180,46.538485010277775,6.626631604027778
1181,46.539191219543646,6.628349342361111
1182,46.53882714583333,6.6253548625
1183,46.538953062121216,6.625036628030302
1184,46.54041581190476,6.62488108126984
1185,46.53863299773809,6.624688500595236
1186,46.53547207272728,6.624183666666667
1187,46.54403765357143,6.62387675
1188,46.539372195,6.62138721
1189,46.53044919209138,6.617246883997059
1190,46.5169281,6.6349747
1191,46.513913032683995,6.64063164042208
1192,46.51571003787879,6.645559706060606
1193,46.52530358760104,6.630777222889281
1194,46.52730675818014,6.631594225777892
1195,46.52667685029504,6.6317303060522645
1196,46.526417687647054,6.6322761382352935
1197,46.525957979639806,6.633069394059829
1198,46.52556300756951,6.632945221833093
1199,46.52528468444556,6.632035379607893
1200,46.52571048608143,6.63165099583386
1201,46.525656808968655,6.6311655004028385
1202,46.52844511107143,6.631169921785716
1203,46.528837081111114,6.631382408888889
1204,46.52940366952154,6.631097067217988
1205,46.529253925000006,6.6309031
1206,46.52997657205186,6.630856403456761
1207,46.531008798711184,6.630232474089026
1208,46.53144585427525,6.6305105374185
1209,46.53007885644255,6.630259995258563
1210,46.530374550000005,6.630328
1211,46.53026164479419,6.6298561423667
1212,46.531400817546114,6.629448450469457
1213,46.536418825,6.649689575
1214,46.53479364142857,6.649707266043956
1215,46.53487307,6.651274769999999
1216,46.53426602222222,6.658128580555555
1217,46.5334123,6.6591445
1218,46.5338482,6.6599437
1219,46.53269491666667,6.665189466666666
1220,46.5303414,6.6607102
1221,46.5289841,6.6600225
1222,46.5287951,6.6600145
1223,46.52885673071429,6.655421800595238
1224,46.53402332333334,6.657781225555555
1225,46.53374456061508,6.655758085912699
1226,46.53303742749999,6.6551015925
1227,46.531264065,6.650533985
1228,46.53292664906746,6.648740830793652
1229,46.53219273194444,6.650081170833334
1230,46.531791674329,6.6505960154329
1231,46.532089933015875,6.650961978436508
1232,46.53258783005557,6.652034814722223
1233,46.53294981636364,6.652024636363637
1234,46.53320010541666,6.651013841805555
1235,46.532863718244045,6.650827550974703
1236,46.53254888763889,6.651183690833334
1237,46.53236042314815,6.65133595
1238,46.534346899305554,6.65423669625
1239,46.534544742766634,6.652535742602397
1240,46.534754022579364,6.657517649062881
1241,46.535226373589744,6.656682435897436
1242,46.53497668159951,6.653909589871795
1243,46.534855420288004,6.653331811871092
1244,46.534024873104215,6.647137098450694
1245,46.51355347380952,6.626874223333333
1246,46.5096005,6.6246349
1247,46.53831620297619,6.625434226190476
1248,46.54478185408442,6.620394786354979
1249,46.53588770984848,6.648150862878787
1250,46.52990671818182,6.661623377272727
1251,46.530230312638885,6.660818056666667
1252,46.531996606250004,6.659732213194444
1253,46.53258739444445,6.655676630555557
1254,46.530819305,6.652506409999999
1255,46.53092269983333,6.652285698916667
1256,46.533254594378555,6.651729158796423
1257,46.53339986583333,6.652100421666667
1258,46.53344367984472,6.652956322463767
1259,46.533559887925165,6.653485979081632
1260,46.51541160673611,6.627318552986111
1261,46.51038658072916,6.625125491666667
1262,46.535199029999994,6.660837755
1263,46.53036792875205,6.660341860658185
1264,46.53072205,6.657811896527779
1265,46.52867996111111,6.650742966666668
1266,46.5136267,6.6309181
1267,46.51443008095237,6.6353922773809515
1268,46.52620173727514,6.632638874682539
1269,46.52971603333333,6.6309484375
1270,46.53226966115385,6.629483336089744
1271,46.5382624,6.624992033333332
1272,46.538679737500004,6.62575490625
1273,46.53341136416667,6.652484531666667
1274,46.53366255151516,6.653881862121211
1275,46.514285112500005,6.642066775
1276,46.51531543888889,6.640193438888889
1277,46.53875106230159,6.627729296746032
1278,46.5143210125,6.64243335
1279,46.53067456666666,6.6600841666666675
1280,46.53288439166666,6.647971041666667
1281,46.50835355,6.625873
1282,46.525281926451854,6.626748235489146
1283,46.524550390536646,6.628146790343177
1284,46.524338120873786,6.629478368770216
1285,46.52491379402201,6.629407550754206
1286,46.52565302296763,6.629284000074024
1287,46.52430330954944,6.631506156892264
1288,46.523631962713495,6.631600210776995
1289,46.5237438978382,6.630012750981426
1290,46.524272433023825,6.63060348118687
1291,46.52621707804327,6.628933719065778
1292,46.52683104155857,6.627642329865808
1293,46.5271914310737,6.626623363794853
1294,46.52774475570489,6.626627939298832
1295,46.528139564906596,6.626834381940213
1296,46.52457284138632,6.6265901092428265
1297,46.524637968103136,6.626024140869915
1298,46.5242604625,6.626420920833333
1299,46.524097000000005,6.62642
1300,46.523575643179115,6.627151081725194
1301,46.52617195267138,6.6262088165840565
1302,46.52315670225372,6.6314839875817455
1303,46.52480293868859,6.6330367805867105
1304,46.525259948382484,6.633710916230609
1305,46.52410044114536,6.632606426988248
1306,46.52684163540099,6.631231919736842
1307,46.527880141666664,6.63094524537037
1308,46.52871634823593,6.630509551056999
1309,46.52913678039537,6.630429536972448
1310,46.529449326775946,6.630221244014041
1311,46.531361935350645,6.628895708653285
1312,46.53561758898733,6.62198909766646
1313,46.53632134727891,6.619493162244899
1314,46.537522335766816,6.6177870684389575
1315,46.53875984522894,6.617266135192308
1316,46.53239516427978,6.622856828758652
1317,46.531748286015166,6.624148054513033
1318,46.530982272216114,6.624544000384616
1319,46.53157394899553,6.623206822089629
1320,46.53115614311384,6.623420695117808
1321,46.530520743411955,6.624143274757976
1322,46.53209153333333,6.625838566666666
1323,46.530490692886076,6.625336480581878
1324,46.53086848443877,6.6256582120578225
1325,46.52980788682278,6.6278779602668205
1326,46.529320960588976,6.628784353384279
1327,46.5289802384244,6.629401546114349
1328,46.528662807969575,6.629916560069444
1329,46.52816987238367,6.630716739650351
1330,46.52309582093425,6.630431607520518
1331,46.52357976861893,6.629123614240662
1332,46.523256317919795,6.6291032097243106
1333,46.52338679680148,6.628300924311403
1334,46.52350551678571,6.627894812714946
1335,46.52389469456006,6.6281445763841464
1336,46.52273549811242,6.629370296975557
1337,46.52696526538462,6.628667345897436
1338,46.52755327005883,6.627593400239498
1339,46.52955935242424,6.616431703679653
1340,46.52902272633138,6.619486726606604
1341,46.53217077759337,6.618533271660637
1342,46.53258667772486,6.6192386566084656
1343,46.532985590663266,6.6199479526020415
1344,46.53346116180082,6.620308867280703
1345,46.533916806518995,6.621921641154437
1346,46.532982002237205,6.62232494865826
1347,46.53606412103002,6.621333365620842
1348,46.53679348056855,6.621235632668845
1349,46.537326403607004,6.620828610723527
1350,46.537784934716505,6.62002589388446
1351,46.53843375722827,6.619202646841127
1352,46.538676006254576,6.6188392996530325
1353,46.53922912260572,6.618098759530277
1354,46.53938863013419,6.617692497946471
1355,46.54256219097221,6.6140851611111104
1356,46.53636129721338,6.6187000938641605
1357,46.53695552580638,6.61884461562185
1358,46.536153829522874,6.619820910304525
1359,46.53536867444444,6.6204783280555555
1360,46.53467537202544,6.620643073376919
1361,46.53398193438824,6.620336693670635
1362,46.532628173276514,6.618456275340908
1363,46.5325100945,6.617886908083333
1364,46.53276749105611,6.617358820057783
1365,46.53348908455215,6.616466554285715
1366,46.53424151978741,6.615820898663614
1367,46.534544702380956,6.615540076190477
1368,46.53505192287535,6.615101044843387
1369,46.53541350017894,6.614817042265057
1370,46.53603340910527,6.6141423270491915
1371,46.5364053372591,6.613863956989738
1372,46.536815267003846,6.613424480855321
1373,46.53104267770522,6.6178909154514045
1374,46.53066771913706,6.618455808594772
1375,46.52949193078687,6.619290240501968
1376,46.52677194689497,6.62696871543401
1377,46.52638107601484,6.626678924382204
1378,46.52570846570266,6.625695312518727
1379,46.523851082544816,6.625046683351648
1380,46.54004305758434,6.66011187144401
1381,46.53947408762282,6.6610557435354085
1382,46.53784753763478,6.658380018705356
1383,46.53761422555921,6.657292920090198
1384,46.537510104236105,6.656538239803921
1385,46.535652583395155,6.65570082006208
1386,46.53396745491084,6.662506246688899
1387,46.53534111266503,6.663521373600596
1388,46.535902975,6.6630866625
1389,46.536030694924726,6.662875979918831
1390,46.536801919157,6.661811591884412
1391,46.53679446927808,6.6613750754491
1392,46.536375111465226,6.661058726127014
1393,46.535516065119054,6.6623638057142855
1394,46.535271776346995,6.661713573265472
1395,46.5355588539899,6.663805029766496
1396,46.535999553942084,6.664635140997974
1397,46.5353408,6.669491333333333
1398,46.53502215696971,6.668229931168832
1399,46.53530943971917,6.66634291850181
1400,46.5377277250015,6.664898546606815
1401,46.538120974580096,6.664325766589017
1402,46.53979558349925,6.664693854851864
1403,46.53907310968462,6.664322990826536
1404,46.5380298779194,6.666186970693352
1405,46.539415346794875,6.667639491666667
1406,46.542239675384614,6.65680879602564
1407,46.54182594569444,6.6555985359375
1408,46.54153480166667,6.655377118333334
1409,46.54265136060186,6.653899406666667
1410,46.542687246186865,6.653516618787879
1411,46.54271710861111,6.6530097775
1412,46.542170030169316,6.652290565084656
1413,46.54279930075313,6.65119856022156
1414,46.54277508519481,6.652035395541125
1415,46.54301360694444,6.653612906944445
1416,46.54323551501635,6.653048644018984
1417,46.54331032008759,6.65245478329593
1418,46.54355288749999,6.650614435119047
1419,46.54354057428239,6.6501060005860815
1420,46.54347278916667,6.649716721666667
1421,46.54348201099793,6.649008442140752
1422,46.54421714917328,6.645606465886243
1423,46.544171965927454,6.645028740815225
1424,46.54417307789287,6.644637208578573
1425,46.54485157488731,6.645543669138641
1426,46.543716934830954,6.646367972806948
1427,46.54379125532467,6.645771010514971
1428,46.543348499842516,6.643849216805148
1429,46.5448683667179,6.648810133637402
1430,46.54461268823082,6.649349944047619
1431,46.54439778285714,6.6478696191071425
1432,46.54470037804597,6.647097196436782
1433,46.54352850770667,6.647729641791116
1434,46.54119225649295,6.648197084449857
1435,46.54076503083225,6.647453452724608
1436,46.54033253777778,6.647045562361112
1437,46.53969742685186,6.647364553703703
1438,46.53949328550768,6.646709071884757
1439,46.53815727777778,6.646769386666666
1440,46.53888703630952,6.647395197619049
1441,46.53937815580953,6.647856843873016
1442,46.54143646300818,6.649707819600348
1443,46.54045221677084,6.649053292743055
1444,46.539304307833326,6.649466898833333
1445,46.5405490425,6.651194980138889
1446,46.540334240823206,6.650777954691045
1447,46.53953986361111,6.650041302777777
1448,46.51564030347217,6.625539663503067
1449,46.51476244834524,6.625373133337301
1450,46.51301043773926,6.6255283023724205
1451,46.512192233036856,6.626066237264195
1452,46.51423770842778,6.625431815702126
1453,46.51538811124218,6.624531700549867
1454,46.51554977466667,6.624007952916666
1455,46.5156175375,6.623746233333334
1456,46.51652076757575,6.6243348146969705
1457,46.51609992098938,6.624657995636679
1458,46.51573875238401,6.624403127142856
1459,46.51290013027544,6.624485071311858
1460,46.512636750539215,6.624048707140522
1461,46.51227881578373,6.623467779140213
1462,46.511916660721184,6.622957770590063
1463,46.511586991525235,6.622450721401289
1464,46.51120698623044,6.6216465025596625
1465,46.5112486,6.619691100000001
1466,46.5119853104563,6.6183036360353205
1467,46.512988465704645,6.621932045233194
1468,46.51228317293041,6.625290163411172
1469,46.51194187391497,6.625841063099658
1470,46.5113249620087,6.625897320079386
1471,46.50897328383818,6.626074235297595
1472,46.50896050490847,6.61819401385081
1473,46.509026705311356,6.617622882069597
1474,46.509347999146456,6.617144137747474
1475,46.508642506520715,6.61719144773283
1476,46.50742825042857,6.6214976518412705
1477,46.50785123463203,6.622305957683984
1478,46.50799245322222,6.622720979468253
1479,46.50507021239285,6.627856844071428
1480,46.50901966482801,6.627805251240825
1481,46.50968756811688,6.627764566428571
1482,46.509442143833056,6.6272125345720285
1483,46.50918225629122,6.626664742527472
1484,46.50832848312863,6.626568017811655
1485,46.50819798052721,6.62716536505102
1486,46.50789183290603,6.6273672839100515
1487,46.507406230492855,6.627579274056575
1488,46.50801717649748,6.625336060453459
1489,46.511011288528145,6.625914980627706
1490,46.51127815364748,6.630279142523148
1491,46.51020108807692,6.630354651886446
1492,46.508925673493486,6.629837763713508
1493,46.50834271446645,6.629384716641775
1494,46.5080085547619,6.628947115000001
1495,46.51120227811355,6.6291062317765554
1496,46.51537492252982,6.631135741575477
1497,46.51522321984365,6.630312938917534
1498,46.515410639355906,6.6291782222725075
1499,46.515641021559624,6.628393785584283
1500,46.51579556285714,6.621777515541126
1501,46.52631871501191,6.6311496195
1502,46.52844398263889,6.630239459027778
1503,46.52930615909091,6.617684313636364
1504,46.529207331914634,6.618128186893257
1505,46.53311658166667,6.619677549166667
1506,46.53172980840278,6.617599020555556
1507,46.541747280704364,6.6490773540906085
1508,46.538076259027775,6.647611101388889
1509,46.53845558,6.646987305000001
1510,46.54110278625,6.649551359166668
1511,46.54056817306547,6.652708426984127
1512,46.52842039555555,6.6050682444444435
1513,46.52829311084462,6.6037477608251
1514,46.525131925,6.627104575
1515,46.524222775,6.629016475
1516,46.5267628,6.6280224
1517,46.525885550000005,6.613003295
1518,46.52559754864896,6.613005747391255
1519,46.524970069265194,6.613699412390691
1520,46.52441025352183,6.61508627951389
1521,46.52462271721075,6.615377447782698
1522,46.52472382115533,6.614649372572289
1523,46.5255783889721,6.611057620443691
1524,46.52573440092985,6.610579749381362
1525,46.525719410939395,6.610003749705234
1526,46.52635385498678,6.6093054732043655
1527,46.52711988308983,6.606594558676467
1528,46.52726054030612,6.606207550765306
1529,46.527539554270454,6.605517351532356
1530,46.5284568,6.601812
1531,46.52797751466048,6.605432870638879
1532,46.527795876181315,6.606257144505495
1533,46.52768554432213,6.606978414423038
1534,46.52746719566698,6.608413220767889
1535,46.52749787359004,6.609230557533928
1536,46.52734475071609,6.610811947839134
1537,46.527745416849875,6.610227032690812
1538,46.5272934841583,6.6116082501310185
1539,46.52725629165387,6.612213692130126
1540,46.52708572969697,6.613048720303031
1541,46.52670661411367,6.613064417263645
1542,46.53474666997264,6.615321035221922
1543,46.51643877212454,6.623844448315018
1544,46.511192699999995,6.6194688500000005
1545,46.51308638401785,6.620277196681547
1546,46.512584326845236,6.62296478702381
1547,46.507431428,6.625460343
1548,46.50971505192192,6.628090267369901
1549,46.510024072690854,6.628358738233101
1550,46.515759696369045,6.628026267896826
1551,46.51594423234662,6.627313380004272
1552,46.5161020656217,6.626795269722222
1553,46.52280981594503,6.61084581933364
1554,46.5232976104894,6.609300003478505
1555,46.52415077294333,6.609058499300464
1556,46.52344598379862,6.611127820246817
1557,46.53992162805556,6.660310571388888
1558,46.53360469804941,6.66147369915996
1559,46.534781199444446,6.662718317083333
1560,46.53519063919581,6.66978258305944
1561,46.538374935214165,6.667108469027732
1562,46.538982775006204,6.6669357421652276
1563,46.53917875484128,6.667850540059525
1564,46.54197860025641,6.655941366923077
1565,46.54215832321639,6.65497157231271
1566,46.54341325555555,6.651622261111111
1567,46.54517413805195,6.646517604870129
1568,46.54011216041667,6.647164132916667
1569,46.53990107727273,6.647272222727273
1570,46.53910540833333,6.650548565000001
1571,46.524044,6.6305301
1572,46.5243213,6.6261227
1573,46.528493644444445,6.630632277777777
1574,46.53178855634226,6.62584020250375
1575,46.529157993333335,6.629104576666665
1576,46.5290859,6.6173793
1577,46.53248275,6.6187121
1578,46.5362572,6.6212005
1579,46.5363637,6.6210604
1580,46.53782613333334,6.620380133333334
1581,46.5380656,6.6193914
1582,46.538521833333334,6.618639633333333
1583,46.53970145,6.617843049999999
1584,46.536385875,6.619067393750001
1585,46.53672635,6.61853805
1586,46.5369929,6.6191118
1587,46.5365543,6.6188456
1588,46.53602965,6.6193531
1589,46.5354425,6.6193914
1590,46.535577466666666,6.619654833333333
1591,46.53534545,6.62004445
1592,46.5351718,6.6199417
1593,46.534807516494844,6.620954137628866
1594,46.5342126,6.6204457
1595,46.5352138,6.613634
1596,46.5349744,6.615467
1597,46.5351678,6.615555
1598,46.5307621,6.617965
1599,46.58727480000002,6.5959210000000015
1600,46.5282767,6.5972091
1601,46.5283700481853,6.6046214836001615
1602,46.5240975,6.6260674
1603,46.52588131666666,6.625225540000001
1604,46.5246996,6.6141572
1605,46.5246664,6.614328
1606,46.5323881,6.6181349
1607,46.513181091973344,6.621620762680654
1608,46.540209273173396,6.661427725690236
1609,46.54273426319444,6.652572949027777
1610,46.54226901513158,6.651337110394737
1611,46.54143489133333,6.648651874166665
1612,46.50781449523809,6.6245596369047615
1613,46.50975549886363,6.617602970833333
1614,46.508477121666665,6.6204845025
1615,46.50770551042909,6.629148791988838
1616,46.51162933333333,6.6258403
1617,46.51100608228571,6.630612569238096
1618,46.51580901445554,6.622214493240093
1619,46.5235866901432,6.608504416267067
1620,46.52640135,6.62850285
1621,46.52500498806055,6.633993753703062
1622,46.523465025,6.62738895
1623,46.5417856,6.6496459
1624,46.5145718,6.6253534
1625,46.539794660666665,6.648443089999999
1626,46.540048850000005,6.65050342
1627,46.5397752,6.650192766666668
1628,46.52014743930556,6.637041584027777
1629,46.52174416802721,6.634935061564626
1630,46.522223677860445,6.634248623333335
1631,46.52328217361653,6.634098491453823
1632,46.52253808551017,6.634043785824327
1633,46.51970109270923,6.636840465784708
1634,46.52346824745765,6.638255975130442
1635,46.52446989409152,6.637647946440964
1636,46.523083066305844,6.637670308857977
1637,46.52259163554575,6.63806264786761
1638,46.522432371495796,6.637162067307195
1639,46.52169995450055,6.63716443856567
1640,46.52090702644333,6.634997003070035
1641,46.52090262321238,6.634266187832103
1642,46.52160432153535,6.63677309690909
1643,46.52426381662036,6.636933174953703
1644,46.52511397770308,6.6363561955579025
1645,46.52453496059688,6.636476976965325
1646,46.523618700490616,6.636884506457432
1647,46.523138542725064,6.636648801852221
1648,46.522732633228195,6.636074358256802
1649,46.52237970657143,6.634787093714285
1650,46.521834225,6.635487775
1651,46.52217695432122,6.636078852658209
1652,46.52297198717455,6.63494557155572
1653,46.52338502277227,6.635136626977311
1654,46.523354036619,6.635849536689785
1655,46.52380659933313,6.636125306991213
1656,46.52410085940919,6.635747838391737
1657,46.5249936007801,6.635827826997365
1658,46.52005099319236,6.635219436055747
1659,46.520160212285134,6.634104684291627
1660,46.52159758851307,6.635627556585579
1661,46.521622753153906,6.634539244809344
1662,46.52181601495592,6.633791209109724
1663,46.52212805851852,6.632944847037037
1664,46.522626388372096,6.632760006976744
1665,46.52300452,6.63284246875
1666,46.52763930284391,6.624724628015873
1667,46.52868997889123,6.620994301231618
1668,46.526588152174305,6.622689354411518
1669,46.527640030537086,6.618730314649854
1670,46.52895875171356,6.616881127892041
1671,46.529236399481796,6.616950018697478
1672,46.52438462285807,6.624021759730957
1673,46.52502997251832,6.62389591565934
1674,46.525301027665336,6.624099016550926
1675,46.52555005703703,6.624448815925926
1676,46.52531414709011,6.624818800667998
1677,46.52486799796037,6.624442605301366
1678,46.52509817754773,6.622829187057474
1679,46.52549897594246,6.6221057384920625
1680,46.525844345982144,6.622121891443452
1681,46.526188020200365,6.622527785313605
1682,46.52613589129568,6.6233463996620205
1683,46.525567925,6.621662375
1684,46.52648172942213,6.62065564536091
1685,46.526934620000006,6.619871566666666
1686,46.52693953338555,6.619020784520283
1687,46.52571745062301,6.620848866694445
1688,46.527936353852816,6.617826923095239
1689,46.52769613791125,6.617560394404762
1690,46.528365397745226,6.617118322624574
1691,46.52870078809213,6.614767529278075
1692,46.52849305240695,6.615173365082538
1693,46.52834010956959,6.6154947330311344
1694,46.527986597821915,6.616128169557765
1695,46.527528494273184,6.617077600253245
1696,46.52701414032392,6.617947182133075
1697,46.5264702921239,6.618675556496133
1698,46.52861986558442,6.616597189574315
1699,46.528681034116026,6.620213668689119
1700,46.52846731987734,6.620542364689754
1701,46.52796679877446,6.6211858483166415
1702,46.52750448870899,6.6217437290264565
1703,46.52933037584121,6.6242238417139125
1704,46.529386040639416,6.625145225437931
1705,46.529147846428565,6.621561155000001
1706,46.52921795443889,6.621099752129538
1707,46.52943450583333,6.620726819444445
1708,46.52966021421884,6.6203630558450755
1709,46.53104812701126,6.621563783514947
1710,46.53011557158387,6.619649096681782
1711,46.5298142,6.6199796
1712,46.529416968673935,6.621796868667329
1713,46.529736799259176,6.621902038626176
1714,46.530170869479804,6.622208350691919
1715,46.530542469580794,6.621856143979898
1716,46.53023827517273,6.620879395416461
1717,46.52856164702488,6.622396498860127
1718,46.52828848595238,6.62312453293651
1719,46.527993733928575,6.623767622757938
1720,46.52743921134474,6.624003328883136
1721,46.52704948402987,6.623707452947399
1722,46.526699250429886,6.623385419973545
1723,46.525849113622435,6.623973712343122
1724,46.5257652,6.6243719
1725,46.525045139207705,6.625411640347222
1726,46.512298538906315,6.634733177961696
1727,46.51317229307716,6.63364110839593
1728,46.51348604673913,6.633101983267303
1729,46.514459301704015,6.63301430422684
1730,46.51532185,6.6323438
1731,46.51546760026929,6.6319196583803075
1732,46.51516685,6.6309951
1733,46.51458987792256,6.630898496861399
1734,46.51479117125283,6.6319650844842135
1735,46.51177587898492,6.635533863527228
1736,46.51140784236117,6.6362163807796435
1737,46.510714122694935,6.63637395169787
1738,46.510010182125846,6.635911630144557
1739,46.50982732227272,6.636382942575758
1740,46.51025162128067,6.637052986596211
1741,46.509416714906386,6.63706942541972
1742,46.50916951288885,6.636091162442341
1743,46.507425774761906,6.637378629348073
1744,46.508193498482726,6.639488985746966
1745,46.508841286617645,6.639176397226891
1746,46.509205926300375,6.639089345842491
1747,46.5118503502886,6.637168188591271
1748,46.51231757467305,6.637001442553716
1749,46.51273397696286,6.6369862924067755
1750,46.51262498480741,6.637771782756789
1751,46.51246098167599,6.638743057954586
1752,46.51230198051281,6.639916883333333
1753,46.51227499566667,6.640347345777778
1754,46.51176022759104,6.640821763249301
1755,46.51152776532117,6.640441625081192
1756,46.51129525632173,6.639666253354701
1757,46.511266266875,6.639277806666668
1758,46.51127272697523,6.638900112865639
1759,46.51161814351442,6.638207222996256
1760,46.51167503673328,6.639184069539904
1761,46.51176363305285,6.63980063752435
1762,46.51222647153323,6.641126273979485
1763,46.52074707333333,6.643849522333333
1764,46.52052866037037,6.644276271111111
1765,46.52041033691129,6.644484681509998
1766,46.52000415241459,6.645229403539244
1767,46.51972030654762,6.64573661046627
1768,46.51929048616402,6.646349417482564
1769,46.51904556327977,6.646756739853421
1770,46.518666134861114,6.647296029583333
1771,46.51800532337302,6.646876116537698
1772,46.51780357329006,6.646372706442217
1773,46.51760311575733,6.645973895893458
1774,46.51713743191171,6.645686470148825
1775,46.516790399129,6.646955409149159
1776,46.51667966772408,6.647771419733068
1777,46.51660230917522,6.648999327779802
1778,46.51650531617822,6.6495343840998204
1779,46.51673370155678,6.6505789655677665
1780,46.51722901092593,6.6510968211111114
1781,46.517404103392856,6.651303327827382
1782,46.51899067736329,6.654023479496188
1783,46.519096667141575,6.656258260116489
1784,46.519003294240356,6.655663627735776
1785,46.51883425032468,6.6534493453463215
1786,46.518378299609786,6.653505656339287
1787,46.51778587871015,6.652949147852441
1788,46.517268057418775,6.652683084746697
1789,46.51853070569729,6.653188955909863
1790,46.517034733354436,6.651997815358766
1791,46.51679078454902,6.652199592104461
1792,46.516443836756814,6.652407818311628
1793,46.515831466198065,6.652929137197129
1794,46.515255276517095,6.653138460277778
1795,46.51821074394971,6.644550405642946
1796,46.51760263492063,6.644075536253307
1797,46.51748645317002,6.6444924673397425
1798,46.51736425166666,6.6447662975
1799,46.5172662722814,6.645118491817873
1800,46.51695424269231,6.646175630769231
1801,46.51683428516667,6.646594937333333
1802,46.517272340009924,6.647366766058201
1803,46.51697588048611,6.647919417430555
1804,46.51701120964286,6.648408926428573
1805,46.518169240231146,6.649478825888071
1806,46.51844388939394,6.648026216666666
1807,46.51857782156862,6.647691999999999
1808,46.51876606555555,6.648307841423612
1809,46.51930010442461,6.649396368988096
1810,46.519799183503395,6.649471071258502
1811,46.5199851,6.649224
1812,46.52089661418736,6.647724311242612
1813,46.52129942090077,6.646788129011438
1814,46.522131227656246,6.647464893802083
1815,46.522662111484316,6.6481817138418045
1816,46.52313913801032,6.648714665608413
1817,46.52351344224106,6.649201095496072
1818,46.5238787152381,6.649564275178571
1819,46.52424701037575,6.649622744002943
1820,46.52469013419463,6.649698421435758
1821,46.5258287401488,6.650278002208996
1822,46.52608916176989,6.65065362453433
1823,46.52666738613637,6.651130885924183
1824,46.521968826394534,6.647092199529023
1825,46.52177597247187,6.64885085457223
1826,46.521601919063954,6.649676882574697
1827,46.52127808887897,6.6482559756812165
1828,46.52101978194445,6.6480765972222216
1829,46.5206015763253,6.648591335460801
1830,46.52024051354342,6.649326418225957
1831,46.52003518316195,6.650209621008357
1832,46.519758605671,6.651296819264069
1833,46.519438319119075,6.651444566482979
1834,46.5192798,6.6512734
1835,46.51894379038442,6.6516087489027
1836,46.51851602190567,6.652065356875451
1837,46.517953965277776,6.652292454166667
1838,46.51443698267466,6.653454306585316
1839,46.51450974568789,6.651787059957738
1840,46.51483758781085,6.6520054517956355
1841,46.51480089123016,6.652689808968255
1842,46.51525779465418,6.6499408827824436
1843,46.51583499570456,6.647800500285073
1844,46.515957955307535,6.646529171904763
1845,46.51568564148526,6.641993506964286
1846,46.51535221656746,6.64238566022418
1847,46.514880737747255,6.643053284139195
1848,46.51472998672903,6.643532365365647
1849,46.51393123357495,6.644335369705487
1850,46.513536765706284,6.644391480205158
1851,46.51321315653439,6.644725548865742
1852,46.512900141264645,6.645239465441853
1853,46.51379243738095,6.644925960525794
1854,46.51375993579976,6.64563986057082
1855,46.51363452342126,6.646471975764266
1856,46.51375299165249,6.647072280833333
1857,46.51419252204041,6.648129045762243
1858,46.51360233333333,6.64808775
1859,46.513310102844095,6.648985301733207
1860,46.51331880740756,6.6494046301868135
1861,46.512878,6.6507557
1862,46.513427148479344,6.650725202929455
1863,46.51346502847422,6.650276157144025
1864,46.513497966566135,6.647527123484127
1865,46.51344599943723,6.646869486623377
1866,46.514044767839785,6.648880703155521
1867,46.51407209147186,6.648432091038961
1868,46.51460876862009,6.649005226095309
1869,46.51414716182032,6.649732232450482
1870,46.51458046036539,6.6501580693993505
1871,46.51462289879961,6.65077275700397
1872,46.51460351543077,6.6510960486370445
1873,46.514467892,6.6524364872142865
1874,46.51532822686028,6.649266413741139
1875,46.515280014070676,6.6483513424104155
1876,46.51519471180384,6.647661353900102
1877,46.51518823093406,6.646964175201465
1878,46.51513127744048,6.646370569107144
1879,46.51492500176918,6.645763909169973
1880,46.51471376237246,6.645096892219388
1881,46.514453,6.6448294
1882,46.51950693212642,6.638076002571348
1883,46.523977554761906,6.638038563928572
1884,46.5247124,6.6381629
1885,46.522866813319325,6.637210849761905
1886,46.520666899999995,6.635305750000001
1887,46.52302796614509,6.63553735754389
1888,46.5230212,6.632446799999999
1889,46.5214057,6.634634
1890,46.5213697,6.634406
1891,46.52400705133333,6.624363398833333
1892,46.525853718048076,6.621514902391137
1893,46.526219510538716,6.621020135555556
1894,46.52725989296297,6.619365373888889
1895,46.52624411554946,6.619015028791209
1896,46.528367304286746,6.6163853756519195
1897,46.51387441073696,6.631626106825396
1898,46.51359473816273,6.631269135440361
1899,46.51324828133598,6.63201905457672
1900,46.513020080235044,6.632510852051282
1901,46.51257663126984,6.63263906720238
1902,46.51185996371159,6.632188932895231
1903,46.5115599,6.6317453
1904,46.5112712,6.631237966666667
1905,46.51161192262363,6.629550105572343
1906,46.51191306144978,6.629560498129137
1907,46.5127151935594,6.630756846296681
1908,46.51234556980754,6.631540451850415
1909,46.512325790680215,6.63338808484397
1910,46.51200150224176,6.635107881132531
1911,46.51073556161964,6.635919438511653
1912,46.51052755788962,6.635578550584415
1913,46.50986825664729,6.634261147712644
1914,46.51095771947161,6.632178878405448
1915,46.513176049929456,6.6309528869929455
1916,46.51324509678555,6.63040523235833
1917,46.5127782518487,6.630038493211304
1918,46.51061253777515,6.632672230209841
1919,46.509672038750004,6.634590425833334
1920,46.508967637884204,6.634019588782468
1921,46.51169777529914,6.633973064355922
1922,46.51157189670732,6.633355541668882
1923,46.51179568090476,6.63289635268254
1924,46.51123026461539,6.633973253589744
1925,46.51103297285318,6.634260137265874
1926,46.51059742914224,6.634761614782309
1927,46.51497325123737,6.632975306868687
1928,46.523353433333334,6.634406233333333
1929,46.52391969999999,6.63649285
1930,46.523511975,6.63573195
1931,46.52371904873293,6.619656346058941
1932,46.52373953316667,6.620008557
1933,46.523709098003074,6.620506877935684
1934,46.52368688936147,6.621006063733765
1935,46.52371877316018,6.6214366164502145
1936,46.52365867352956,6.6221107526839935
1937,46.52362350227273,6.6230801708441565
1938,46.52948342770808,6.629594160920213
1939,46.52814736192913,6.627750605654678
1940,46.5319389,6.6285654
1941,46.53199202925821,6.628938706828455
1942,46.53189990022223,6.6293030295555555
1943,46.52947672099737,6.627528221356232
1944,46.52917746901516,6.628072776439395
1945,46.52888798332335,6.6286551613058196
1946,46.52839137244588,6.628513949632034
1947,46.5280665792822,6.629011600085072
1948,46.527696888290215,6.6298325800747815
1949,46.527338687272724,6.629420404999999
1950,46.52707442031056,6.629988467928377
1951,46.52677111157408,6.630502215277778
1952,46.530540046467486,6.629001892909657
1953,46.530228105039676,6.628609134642858
1954,46.526282322058314,6.628100231150218
1955,46.525968969208975,6.627858149548407
1956,46.52556606018003,6.6275511135522205
1957,46.52545762566994,6.628268783578431
1958,46.52447593094339,6.627608026069183
1959,46.524224160676134,6.627527778670493
1960,46.52540515,6.62528485
1961,46.512989,6.6366952
1962,46.51260603838436,6.635966253452381
1963,46.51251696622023,6.636495123660715
1964,46.511273581200406,6.6371579856646825
1965,46.51091161670635,6.637066382301587
1966,46.51051920026996,6.639030854053586
1967,46.51066060560606,6.638525876515152
1968,46.5108801,6.6382922
1969,46.5108728669887,6.637660677105618
1970,46.5120952,6.6292045
1971,46.51243163266667,6.633601225333334
1972,46.51200875227273,6.6340343075757575
1973,46.51139822721863,6.631388832140822
1974,46.5114902,6.63202355
1975,46.5136569254008,6.632188649611082
1976,46.51482175,6.63162755
1977,46.5146505,6.6316062
1978,46.51404655535715,6.63319083297619
1979,46.5118552,6.6356776
1980,46.512227270599304,6.641747921608045
1981,46.51223238390813,6.642156184954305
1982,46.51225307491576,6.642557848268289
1983,46.51225943152997,6.643095180637392
1984,46.51128985079365,6.638507609206348
1985,46.51196581800425,6.638542952240326
1986,46.51128062559524,6.637733194212962
1987,46.51301102078754,6.636032233012821
1988,46.51510372542328,6.642704881537699
1989,46.51290994166666,6.645628712500001
1990,46.51314441462962,6.650595869724868
1991,46.5183549,6.6447129
1992,46.514582300465364,6.644661599554474
1993,46.5184791,6.6496668
1994,46.51827330438597,6.648484984210526
1995,46.5189627039075,6.648776208094099
1996,46.52246595860745,6.647820528511338
1997,46.5258913,6.6500501
1998,46.51875605,6.651783366666667
1999,46.5172653,6.6407412
2000,46.5224476,6.6271234
2001,46.5141494,6.6147247
2002,46.5297803,6.6234102
2003,46.5494953,6.6369598
2004,46.507607,6.4752366
2005,46.4488191,6.3256079
2006,46.4423529,6.3049007
2007,46.493747500000005,6.5880036
2008,46.3494944,6.6422272
2009,46.5426324,6.5456564
2010,46.4578567,6.312579
2011,46.494908300000006,6.376957099999999
2012,46.5216043,6.6486722
2013,46.5211447,6.6483982
2014,46.5219564,6.6482504
2015,46.52239669999999,6.649555600000001
2016,46.52061985,6.6448368
2017,46.513376,6.6446493
2018,46.5132945,6.6472545
2019,46.5201615,6.651817
2020,46.5130963,6.6497983
2021,46.5164853,6.6257888
2022,46.517365630897444,6.649082445384616
2023,46.51911076444444,6.649108810972222
2024,46.5200041,6.650591216666666
2025,46.51074875935288,6.638126912100121
2026,46.512818702020205,6.636429716738816
2027,46.514148281204484,6.630497896316528
2028,46.50991005861112,6.636746240138888
2029,46.50865368095238,6.637314928571429
2030,46.507911185833336,6.637527204166666
2031,46.50750675851852,6.639786815185185
2032,46.5088507,6.6394575
2033,46.5091308,6.6393576
2034,46.5115862,6.63122405
2035,46.5117826,6.6318021
2036,46.52472705,6.63634705
2037,46.521145759999996,6.6360670299999995
2038,46.5228614,6.6364841
2039,46.5225438,6.6362481
2040,46.5213685,6.6336594
2041,46.53345485,6.6281479
2042,46.52509505,6.62420745
2043,46.52475978333333,6.624739583333334
2044,46.5287112,6.6234232
2045,46.52998035294872,6.621436945641026
2046,46.5304067,6.6205858
2047,46.5288609,6.621817849999999
2048,46.5281551,6.6236577
2049,46.5084234,6.6383895
2050,46.5087333,6.6364009
2051,46.5097329,6.6356078
2052,46.5125731,6.6313413
2053,46.511773525,6.6331555
2054,46.5115739,6.6315321
2055,46.5115622,6.6322587
2056,46.5132324,6.6324769
2057,46.513889,6.6324085
2058,46.5119802,6.6357509
2059,46.5157173,6.631842
2060,46.5155337,6.6307473
2061,46.5126168,6.6296631
2062,46.5124234,6.6372711
2063,46.51286785,6.63763225
2064,46.5119701,6.64099785
2065,46.5118671,6.640654
2066,46.5117059,6.6402392
2067,46.5119051,6.6401187
2068,46.5114049,6.6387736
2069,46.5120087,6.6396379
2070,46.5120318,6.6383508
2071,46.5155465,6.642449
2072,46.5139949,6.647152
2073,46.5130974,6.6509815
2074,46.5141767,6.6491062
2075,46.5174899,6.6529277
2076,46.5156682,6.6494193
2077,46.5231969,6.6491008
2078,46.51988985,6.64996355
2079,47.45886740000002,7.271980900000003
2080,46.8175883,5.7789056
2081,46.8183918,5.7788349
2082,46.8526007,5.6723562
2083,46.8334302,5.6200514
2084,46.5147633,6.6482218
2085,46.5147083,6.6537937
2086,46.5147163,6.6515733
2087,46.514773149999996,6.650502749999999
2088,46.515608,6.6532064
2089,46.5147839,6.6446206
2090,46.5195379,6.6457532
2091,46.5174896,6.6467431
2092,46.5232934,6.6337731
2093,46.5222377,6.6375539
2094,46.521959,6.6377439
2095,46.5219642,6.6353495
2096,46.52156,6.6339659
2097,46.525640512500004,6.625000462499999
2098,46.5261451,6.6230234
2099,46.5277633,6.5984386
2100,46.5300759,6.6223654
2101,46.5210457,6.6356955
2102,46.5255096,6.6354767
2103,46.5223833,6.6360482
2104,46.5280057,6.6184253
2105,46.51756115,6.6495434499999995
2106,46.5215083,6.6466813
2107,46.52182798333334,6.6477983854166665
2108,46.50996513282052,6.635241271153847
2109,46.513769,6.6324175
2110,46.5089379909091,6.636657718181818
2111,46.5122911,6.6393443
2112,46.5123944,6.6435132
2113,46.5200365,6.6345939
2114,46.52638726886283,6.622706545012438
2115,46.52929175,6.620769225
2116,46.5277708,6.6057325
2117,46.5276115,6.6062666
2118,46.5274858,6.6068146
2119,46.53171264507937,6.610670174291383
2120,46.53143397544643,6.610122300892858
2121,46.52729059999999,6.608552200000001
2122,46.5257907,6.6131864
2123,46.5238648,6.6214619
2124,46.523600934259264,6.623415188888888
2125,46.52359258716865,6.623978156668651
2126,46.524099750000005,6.6277085
2127,46.5245161,6.614709700000001
2128,46.52962894583333,6.627070909027778
2129,46.527823298463204,6.629437804989178
2130,46.530685277380954,6.629231525
2131,46.52890742848485,6.6273899241125545
2132,46.53064737039562,6.627542201809764
2133,46.5311631,6.6283291
2134,46.5329203406044,6.6286836997161185
2135,46.533303817662336,6.629051314588745
2136,46.533056625530755,6.629671765387669
2137,46.532748572388165,6.6294217469660905
2138,46.531926151538464,6.630009872673993
2139,46.530598063741664,6.631646610645453
2140,46.52986120544738,6.632007593029412
2141,46.52894435249777,6.632357423448687
2142,46.52762641131197,6.632976416923077
2143,46.52687480384354,6.633554683069728
2144,46.526518330721174,6.633936032569711
2145,46.52612859218175,6.634384423886713
2146,46.525737542980885,6.634574011168548
2147,46.52576299337719,6.636081230451127
2148,46.52482984950685,6.635009136840773
2149,46.524296934632034,6.633946267965368
2150,46.52420960705127,6.63358889551282
2151,46.52473738657416,6.633739209786736
2152,46.52529651793808,6.634763228474967
2153,46.53114180499127,6.631008802967033
2154,46.53167168,6.6306964
2155,46.53274860853585,6.6300323431115915
2156,46.5323417551282,6.630471263504273
2157,46.53233923243834,6.630978538429182
2158,46.521325207744646,6.644891890118008
2159,46.523682717142854,6.646037294285715
2160,46.532042849999996,6.64675655
2161,46.522479664498746,6.644835887286097
2162,46.5292476354198,6.6469441376433
2163,46.52081548744092,6.612166387619787
2164,46.517278587499995,6.637840325
2165,46.519869924999995,6.6321989750000006
2166,46.5188689,6.6256639
2167,46.51861411359955,6.624576619572095
2168,46.52175136673469,6.63194578686508
2169,46.51879815,6.6279567
2170,46.52812923251587,6.612423677261904
2171,46.532587452023805,6.631692877142857
2172,46.53381799375,6.63343471875
2173,46.53486318483433,6.632646624400124
2174,46.535064970595236,6.632534006904761
2175,46.5381582887105,6.63205161594712
2176,46.53776982373493,6.632049042185511
2177,46.53703526005777,6.63242305365021
2178,46.5278526,6.6484834
2179,46.51675534444445,6.609904080555555
2180,46.51687160912699,6.61610848045635
2181,46.517618025000004,6.63561375
2182,46.518693525,6.6332664999999995
2183,46.51879904444445,6.632869977777777
2184,46.51848210132275,6.625970311177248
2185,46.5173915,6.63889385
2186,46.52177215,6.64654515
2187,46.52095300763641,6.613740443623512
2188,46.52030125,6.623992100000001
2189,46.52238893333333,6.631283283333334
2190,46.5219309,6.6319060499999996
2191,46.5280952,6.6111927
2192,46.5328333,6.6305256
2193,46.5327187,6.6307577
2194,46.5339599,6.6332307
2195,46.5345294,6.633153
2196,46.5351634,6.6331296
2197,46.5213709,6.6443359
2198,46.52141345,6.6445793
2199,46.5259436,6.6034265
2200,46.5256507,6.6037784
2201,46.5199066,6.6106498
2202,46.5177277,6.6359434625
2203,46.51795535,6.63384075
2204,46.518494499999996,6.6290537
2205,46.5270572,6.6153369
2206,46.5272918,6.6147482
2207,46.5279146,6.6137608
2208,46.5287526,6.6108092
2209,46.52919095,6.647547175
2210,46.52138955,6.64121955
2211,46.5218118,6.6421726
2212,46.5231477875,6.6046074375
2213,46.522392749999995,6.6007546
2214,46.5203497,6.6234568
2215,46.5202293,6.6244604
2216,46.517366933333335,6.637422
2217,46.5181064,6.634832575000001
2218,46.5185302,6.6314521
2219,46.5190123,6.6323576
2220,46.5199144,6.631964
2221,46.517108,6.64268655
2222,46.522500364358976,6.63106243
2223,46.5283629,6.6097624
2224,46.517138906666666,6.612387593333334
2225,46.5212002,6.6145376
2226,46.520738603474314,6.610825050737062
2227,46.5213457,6.6120255
2228,46.52109255,6.6128246
2229,46.5242976,6.64815
2230,46.520718,6.6128943
2231,46.5199661,6.6077487
2232,46.51995925,6.6288657
2233,46.517643050000004,6.639450350000001
2234,46.5169771,6.6408063
2235,46.5202775,6.6319909
2236,46.5405869,6.6320798
2237,46.52562817548307,6.651925987006872
2238,46.52189862523809,6.652763164642858
2239,46.51736618333333,6.6201289
2240,46.516497263333335,6.621003268333334
2241,46.5151920552381,6.618222512380953
2242,46.51490280965609,6.616629680820106
2243,46.520961043082295,6.637405314565733
2244,46.521560495,6.638880327166666
2245,46.516696333333336,6.641880783333334
2246,46.51866645555555,6.63961912
2247,46.52054059925916,6.637185732252607
2248,46.51922255902493,6.635492180735006
2249,46.52129874444445,6.630775233333333
2250,46.5211853,6.6313184
2251,46.521315262154125,6.6317479819750735
2252,46.5375599,6.6140418
2253,46.53282920767952,6.61309048023841
2254,46.52945441909808,6.617196769919076
2255,46.525507,6.6579769
2256,46.517741590649344,6.619312577272726
2257,46.51780510607143,6.616730698666666
2258,46.522808795,6.658496869999999
2259,46.517143,6.620144
2260,46.51750715,6.61833755
2261,46.529108699999995,6.656214142857142
2262,46.5265817,6.6549399
2263,46.5271021,6.6492534
2264,46.52612138666667,6.6491830966666665
2265,46.5248168,6.6587528
2266,46.5235802,6.6599445
2267,46.521086,6.6603118
2268,46.5169537,6.6204272
2269,46.5170671,6.61994335
2270,46.51626165,6.613264675
2271,46.5216054393157,6.63009855836332
2272,46.520554897023814,6.629336398452381
2273,46.5237687,6.6558923
2274,46.51809083571429,6.62059235
2275,46.51338256666667,6.617563183333334
2276,46.5210418,6.6406057
2277,46.5170859,6.6442655
2278,46.520104933333336,6.639606233333333
2279,46.5215292,6.6313926
2280,46.53058781041666,6.612315568750001
2281,46.52821205,6.6592479
2282,46.527405125,6.657854475
2283,46.51585995416667,6.618181645833334
2284,46.52791881428571,6.6192715714285715
2285,46.52350217928572,6.602085023557
2286,46.526810942740795,6.603284322916667
2287,46.52651243954545,6.605038807435065
2288,46.52335897376984,6.600774927345237
2289,46.52633194661531,6.589953982390275
2290,46.52563724083333,6.588872744321428
2291,46.524508991465034,6.589056666831958
2292,46.524491121541665,6.589731325130953
2293,46.52405260678158,6.590716990907592
2294,46.52397324113112,6.588880605983709
2295,46.52391495114402,6.587884757743955
2296,46.52440600570432,6.587284013873052
2297,46.52474192310211,6.587663072307936
2298,46.52509827014427,6.587638500368467
2299,46.52310069,6.59392613
2300,46.522513000357144,6.5952260633333335
2301,46.521499569908016,6.5962607347762585
2302,46.51998534893326,6.595953807436148
2303,46.52032234779762,6.597030370059524
2304,46.51997780000001,6.598080116666667
2305,46.51970371561905,6.599014519095237
2306,46.5208211065,6.596435305333332
2307,46.52081187016667,6.597076826833333
2308,46.5205927425,6.59776739
2309,46.518887040007805,6.600407597008055
2310,46.518395381898145,6.6002086922574845
2311,46.51822790105555,6.601233215166667
2312,46.51802804722222,6.601755029814814
2313,46.516929706944445,6.606791768935186
2314,46.51692354250001,6.607180360000001
2315,46.516971348903056,6.60811886381219
2316,46.51697085055555,6.6104810424074065
2317,46.517120113541665,6.610082826041667
2318,46.51729926473809,6.6097562954523825
2319,46.51810106619151,6.608778551291047
2320,46.51852327633334,6.608153062166667
2321,46.51721023333333,6.6051528875
2322,46.517826800437305,6.606666444377185
2323,46.51810926139466,6.608082803941559
2324,46.51806759666667,6.610154376666666
2325,46.517754479984845,6.611097906015151
2326,46.51759491497218,6.6116315174765505
2327,46.51685603257143,6.609486889428571
2328,46.51688818260073,6.606303200869964
2329,46.51691977041666,6.60553701875
2330,46.520978912380954,6.616955021619047
2331,46.521498066090004,6.616469471396609
2332,46.52150505,6.616700825
2333,46.522226093021935,6.630541617606141
2334,46.524404447488095,6.602267275980159
2335,46.52412159257576,6.602082274545453
2336,46.52116852499999,6.59764685
2337,46.516853752083335,6.609081320833333
2338,46.51904012561254,6.599348180911681
2339,46.51883323125,6.59921715
2340,46.51899561,6.598116384583333
2341,46.519129686666666,6.59743761
2342,46.518616734910715,6.598777144345238
2343,46.51739774305556,6.597895873611111
2344,46.5147227,6.6052342
2345,46.513208150000004,6.606269810000001
2346,46.513042649999996,6.606569113333333
2347,46.512892179999994,6.610359115
2348,46.513445642,6.612545576
2349,46.51427,6.611463141666667
2350,46.514832435,6.609589405833333
2351,46.51608674474603,6.60774852484127
2352,46.51605876666667,6.6075092
2353,46.51621219921569,6.605585012502334
2354,46.52556516285714,6.638678690952381
2355,46.52532403890747,6.637988887973222
2356,46.52642703918072,6.639111317571213
2357,46.52727223969551,6.639688522309982
2358,46.5273143,6.6394458
2359,46.526765643035716,6.639475760654762
2360,46.52673636842103,6.638774765680847
2361,46.5266705,6.6378447
2362,46.527355863644694,6.638687521117216
2363,46.52813046980618,6.638630826677887
2364,46.52846509761905,6.639401312511905
2365,46.53037019270833,6.642298247916667
2366,46.52966379074074,6.641075727777778
2367,46.52589577269665,6.637823086786597
2368,46.525879252121214,6.63676116378788
2369,46.52651056304762,6.635252324690477
2370,46.526885634772725,6.6346097815909095
2371,46.52798183881283,6.6339033354232795
2372,46.52836910633333,6.634055655166667
2373,46.527499475,6.634953487500001
2374,46.527681367619046,6.635461605976191
2375,46.529068006060605,6.63598502871212
2376,46.52973611158053,6.635827854755609
2377,46.53090690025,6.635642030083334
2378,46.531328541495235,6.635387804861481
2379,46.53169361486112,6.635081236111112
2380,46.53193833260133,6.635311157293602
2381,46.53292928936508,6.634329656587301
2382,46.532518282197096,6.633876512598268
2383,46.5346254735,6.633853979166666
2384,46.53437163826701,6.634121524190635
2385,46.53403740000001,6.634119733333333
2386,46.53332343584445,6.634085960287303
2387,46.53294466619473,6.634820727188776
2388,46.53319299698809,6.635411154392857
2389,46.53355617628393,6.635415628867818
2390,46.53427325166666,6.635359781111111
2391,46.53508663288628,6.635137080187056
2392,46.53574477649603,6.635277234944445
2393,46.53651030966667,6.634413342166667
2394,46.53630212738096,6.634287223538961
2395,46.535622392619054,6.633789926103896
2396,46.53546381794666,6.633997879972172
2397,46.53224124761905,6.633060057142856
2398,46.53185089299201,6.6333603959005085
2399,46.53069754166667,6.634450980555556
2400,46.53101550532712,6.634187000795043
2401,46.530017755,6.634373870714286
2402,46.52946780375992,6.634553763164682
2403,46.52923811468448,6.634869800285548
2404,46.52880124777778,6.634799359722223
2405,46.520490318933604,6.631692222293119
2406,46.52304914252563,6.618816024668489
2407,46.52722382980445,6.596912988321403
2408,46.53057944375,6.636422918229167
2409,46.53097208683333,6.63652192
2410,46.53138867,6.636684649
2411,46.53173671795564,6.6367602119066715
2412,46.532671396557234,6.636507192712842
2413,46.53331151033334,6.636670343833333
2414,46.53271810790477,6.637539420596682
2415,46.53393333476993,6.636774347795908
2416,46.53267105705129,6.6385958435897425
2417,46.53173698016666,6.639405176880952
2418,46.540543961813725,6.641448050490196
2419,46.541381650414195,6.642035880131023
2420,46.540243923642855,6.643127467880953
2421,46.53964424073979,6.643463605765306
2422,46.539329140245364,6.6437053574626415
2423,46.54041862885164,6.644592891100532
2424,46.54025924404761,6.6449719428571425
2425,46.53979518483941,6.645432987037212
2426,46.5380392102499,6.646525340314107
2427,46.53734599504329,6.647249643939393
2428,46.53706237994709,6.647754261058201
2429,46.53692101473809,6.648075438357144
2430,46.537048610259745,6.649436399935064
2431,46.53800929725001,6.6502308631845235
2432,46.5389828676407,6.651819536796538
2433,46.539936136488095,6.652800432285714
2434,46.54014100828205,6.653662945906592
2435,46.539056196666664,6.651098736499999
2436,46.53811259348073,6.649624412216552
2437,46.5378198275,6.649261265833333
2438,46.537527430500006,6.649008337166667
2439,46.53727962405754,6.648766216815477
2440,46.53695951521164,6.648455288161376
2441,46.53866924444444,6.646359725694443
2442,46.53895216111111,6.646296787037037
2443,46.54075433413907,6.64378088325028
2444,46.54076155981482,6.643366698306878
2445,46.54101915333333,6.641620366000001
2446,46.5401434037037,6.641056076851851
2447,46.537171558703704,6.63911351074074
2448,46.542610796824405,6.638890606613094
2449,46.543053740692635,6.6389234246753235
2450,46.54331685502646,6.639179785978836
2451,46.543517892476196,6.639357453285714
2452,46.54366161116583,6.639964869091896
2453,46.54363553657377,6.640650645036977
2454,46.54153812930952,6.636727119830448
2455,46.541507754499996,6.6343641054999996
2456,46.54128162039683,6.634194722619048
2457,46.54098491797619,6.634070358666667
2458,46.53965626071429,6.634193564285715
2459,46.53839028421569,6.634580367913165
2460,46.537896538575836,6.634768413033509
2461,46.53738722925926,6.634951889444444
2462,46.536685402222226,6.635096843333334
2463,46.532665249999994,6.6509716
2464,46.53444960420168,6.653417965336135
2465,46.51391951357365,6.629663278078033
2466,46.51182755487596,6.624308049819208
2467,46.51688055939394,6.635691845808081
2468,46.517831650000005,6.63291785
2469,46.51713963088842,6.631951086212123
2470,46.517192952176636,6.631344390801994
2471,46.51685479781518,6.636524406791319
2472,46.51561579166667,6.633532191666665
2473,46.51425558566667,6.635675934
2474,46.51474621043746,6.637192036286169
2475,46.51395387277777,6.640312656666667
2476,46.51618198125,6.638171756249999
2477,46.53235467666667,6.6270045182291675
2478,46.5357938547619,6.62561485952381
2479,46.54112836670937,6.623905299764928
2480,46.53494757351191,6.616813912797619
2481,46.534700327430556,6.617148454513889
2482,46.527959100000004,6.6499671000000005
2483,46.5323322,6.6274213
2484,46.54211929444444,6.619618366666667
2485,46.5509132,6.6189493
2486,46.53530806249999,6.6562416625
2487,46.5136289,6.6271902
2488,46.5131773,6.6269817
2489,46.53917993333334,6.621988633333333
2490,46.52046757634109,6.629660073855643
2491,46.53617855391304,6.615650389565218
2492,46.53199645,6.6592360500000005
2493,46.53964855535715,6.622432266071428
2494,46.5212943,6.6152376
2495,46.515883,6.6367612
2496,46.5153191,6.6354683
2497,46.5163828,6.6399061
2498,46.5331478,6.62835276
2499,46.5352115,6.6501489
2500,46.5351148,6.6493003
2501,46.534655,6.6504596
2502,46.533458100000004,6.64779575
2503,46.5333971,6.6481678
2504,46.5362801,6.6498007
2505,46.5347209,6.6492758
2506,46.5300655,6.661767
2507,46.531082,6.6600313
2508,46.5311283,6.6596988
2509,46.53221826666667,6.658845833333333
2510,46.5321901,6.6585584
2511,46.5308266,6.6570595
2512,46.5310493,6.658601
2513,46.5331431,6.6606709
2514,46.5348559,6.6621718
2515,46.5338259,6.6603167
2516,46.5327773,6.654705
2517,46.5290084,6.650828199999999
2518,46.5268309,6.6520906
2519,46.5285669,6.6488703
2520,46.528139,6.6534979
2521,46.5333099,6.6508426
2522,46.5339383,6.6537037
2523,46.5341291,6.65411
2524,46.5353933,6.6565005
2525,46.5347314,6.6539127
2526,46.5353243,6.647357
2527,46.5351078,6.653201
2528,46.528489400000005,6.5986319
2529,46.52647146625,6.610732029270833
2530,46.394226800000006,6.466500999999999
2531,46.5165196,6.6400172
2532,46.5152425,6.6378787
2533,46.5044503,6.6401942
2534,46.47193420000001,6.644818999999999
2535,46.6075905,7.2319411
2536,46.5942485,7.2052695
2537,46.5282634,6.6300234
2538,46.5280931,6.63051815
2539,46.5742149,6.6406264
2540,45.6539005,5.8656583
2541,45.9231283,5.7497996
2542,45.9209471,5.702801
2543,45.9308787,5.703783499999998
2544,46.5396326,6.6217869
2545,46.540726,6.62320595
2546,46.5406835,6.623790700000001
2547,46.5408278,6.6233426
2548,46.5409303,6.6243607
2549,46.5414548,6.6245124
2550,46.5409166,6.6208739
2551,46.5367031,6.6227368
2552,46.5387027,6.6287302
2553,46.5385465,6.5961884
2554,46.5608677,6.5340366
2555,46.5800474,6.4691012
2556,46.5893736,6.3910131
2557,46.6357814,6.3903161
2558,46.6421652,6.3838499
2559,46.5668501,6.5217966
2560,46.5705482,6.511521
2561,46.5874467,6.446831
2562,46.602977,6.3493956
2563,46.6020578,6.3898212
2564,46.6708493,6.3896682
2565,46.6718151,6.3826656
2566,46.6657394,6.398552100000001
2567,46.91486799999999,6.637174599999998
2568,46.5208744,6.616236
2569,46.1455752,6.7698746
2570,46.1377513,6.7469788
2571,46.517754350000004,6.6315252000000005
2572,46.515071,6.6356742
2573,46.5153844,6.6442587
2574,46.52905934317436,6.631305900583105
2575,46.4275572,6.7608364
2576,46.6962659,6.8639266
2577,46.6971784,6.8773346
2578,46.6718848,6.9267161
2579,46.6794014,6.9365101
2580,46.6921934,6.984922
2581,46.8355049,6.8934687
2582,46.8408247,6.9352479
2583,46.9161961,6.7944359
2584,46.9323639,6.7753296
2585,46.9158368,6.7982982
2586,46.550818983333336,6.618729233333333
2587,46.53906138333334,6.624578
2588,46.6342078,6.7133989
2589,46.5842771,6.680771
2590,46.5356332,6.6479805
2591,46.5357269,6.6475972
2592,46.50792992732143,6.623170189374999
2593,46.50592967761905,6.626423133809524
2594,46.50647045,6.63632115
2595,46.5070593,6.6341261
2596,46.50806969083334,6.627896026666667
2597,46.508531149999996,6.6267567750000005
2598,46.50978246080586,6.630191831318682
2599,46.508502086931216,6.629773168042329
2600,46.515093579477345,6.631422112235706
2601,46.515858068730154,6.622755756492063
2602,46.53746913333333,6.657163983333334
2603,46.539601483333335,6.667443883333333
2604,46.542139416111105,6.656408345
2605,46.54090653,6.64939983
2606,46.52476837802937,6.62790778932224
2607,46.5245036132508,6.628562106581411
2608,46.5253567728889,6.630014058666665
2609,46.52557834004753,6.629745251549836
2610,46.523863428502416,6.626980011352657
2611,46.52702405,6.62761685
2612,46.523471575892124,6.629452072175614
2613,46.5237771,6.6279852
2614,46.536121301562055,6.619094815945103
2615,46.5298277972381,6.6190669518571426
2616,46.5241601819045,6.625228541987288
2617,46.51275314363636,6.622572752727273
2618,46.5081274,6.6274364
2619,46.54058379999999,6.65876525
2620,46.5390132327381,6.6569924
2621,46.53746396097884,6.656219848897707
2622,46.53901390743335,6.618388224318783
2623,46.540407775,6.661724975
2624,46.534826375,6.668680325
2625,46.54145166666667,6.656793683333333
2626,46.527025,6.6279409
2627,46.523189099999996,6.628146
2628,46.509066966666666,6.615741255555555
2629,46.51076335,6.6259067
2630,46.52429909285714,6.628587778571429
2631,46.5241877,6.628751
2632,46.5234356,6.6316182
2633,46.52961185,6.6303222
2634,46.5082365,6.6260482
2635,46.53805162943337,6.667221812256446
2636,46.54453050625,6.649664729166666
2637,46.52403833333333,6.625522016666667
2638,46.523856249999994,6.63322245
2639,46.5422213,6.61427
2640,46.52832040533333,6.597989178000001
2641,46.50826431111111,6.623459911111111
2642,46.5052477,6.6276219
2643,46.5070585,6.6270082
2644,46.52860566142857,6.604932870000001
2645,46.52816813333333,6.596362383333333
2646,46.52604728,6.609584239999999
2647,46.51255425,6.62552125
2648,46.52838854846939,6.598312848469388
2649,46.52910644,6.618378879999999
2650,46.5241588,6.6294527
2651,46.531824433333334,6.624386866666667
2652,46.53300341805556,6.617018308333333
2653,46.51235816882788,6.629777193294817
2654,46.51284821374416,6.633962548315745
2655,46.51385330179189,6.647862111339388
2656,46.514484865968534,6.6481008683512215
2657,46.518419861843434,6.649903361666666
2658,46.5248883,6.6496564
2659,46.525089321875,6.649709864166667
2660,46.51343579245014,6.646392168803419
2661,46.52022970839642,6.63758515368847
2662,46.52205870428571,6.637105712857142
2663,46.52086898361236,6.635294430093916
2664,46.52079840536948,6.63396847764487
2665,46.5211304,6.6347823
2666,46.52195763541667,6.635797233333333
2667,46.522469476099324,6.632934837838334
2668,46.52281783985757,6.632579755423579
2669,46.525706799999995,6.6212736
2670,46.52676234408175,6.620136129293244
2671,46.52597463333333,6.623654816666668
2672,46.5147626,6.6500074
2673,46.52352536111111,6.6361206472222225
2674,46.5208967,6.637009366666667
2675,46.52755144999999,6.597329150000001
2676,46.5171966,6.6365549
2677,46.5088209,6.6389013
2678,46.51036377333334,6.6331712199999995
2679,46.520510379,6.648896072833334
2680,46.51960287777778,6.637173799999999
2681,46.52078767222223,6.6366623833333325
2682,46.52193307500001,6.6340915625
2683,46.5159092,6.64165195
2684,46.5276904,6.6218635
2685,46.513658,6.6478218
2686,46.526733449999995,6.6225472
2687,46.52062795,6.6446015
2688,46.5156191,6.6314867
2689,46.511406,6.6295466
2690,46.51260983333333,6.634016966666667
2691,46.5198944,6.63713445
2692,46.5218032,6.63448745
2693,46.52662275,6.6204637
2694,46.531331743167584,6.628245183137362
2695,46.52857279777871,6.631398564691064
2696,46.53245493285715,6.628566622952381
2697,46.529098228571435,6.632591928571428
2698,46.530929,6.6296497
2699,46.52715345,6.6337592
2700,46.5259325,6.6362804
2701,46.5259927,6.6341554
2702,46.53107845833333,6.631404016666667
2703,46.5312537,6.630689
2704,46.5325782,6.6298427
2705,46.52948145,6.629031425000001
2706,46.5282668,6.6316218
2707,46.5292335,6.6315093
2708,46.5282126,6.6323731
2709,46.52521093,6.615005426666667
2710,46.52551616666667,6.614949816666666
2711,46.524458116666665,6.620848216666667
2712,46.85813320000002,8.893918800000002
2713,46.530770700000005,6.6294732
2714,47.1995061,6.1054368
2715,46.528136,6.624839
2716,46.5243219,6.6458203
2717,46.5217145525667,6.641925271962496
2718,46.523540482499996,6.642023990785714
2719,46.51909401956816,6.631802083636977
2720,46.518470347530865,6.632467351851853
2721,46.517467016666664,6.637576386111112
2722,46.53704555568182,6.633744058658009
2723,46.53410256027381,6.632523328690477
2724,46.5279579,6.6480015
2725,46.5215021,6.6421875
2726,46.5213595,6.6420917
2727,46.5341528,6.6329294
2728,46.54146010000001,6.644097
2729,46.5221337,6.6440277
2730,46.5225393,6.64089
2731,46.522239325,6.641043225000001
2732,46.5240599,6.6404245
2733,46.5243558,6.6407018
2734,46.5245325,6.6407654
2735,46.5244056,6.6413112
2736,46.5244861,6.6417616
2737,46.5244541,6.642152
2738,46.5243204,6.6427093
2739,46.5226715,6.6447246
2740,46.52199935,6.64540165
2741,46.521717566666666,6.6455437
2742,46.5213664,6.6455146
2743,46.524611775,6.603900149999999
2744,46.5088977,6.621228
2745,46.5116404,6.4789292
2746,46.519673,6.6308031
2747,46.52528545,6.6036712
2748,46.535563583333335,6.632988358333333
2749,46.51675498125,6.6164159187500005
2750,46.518315175,6.6300795500000005
2751,46.5195715,6.6124484
2752,46.5225108,6.600257633333334
2753,46.5351733,6.6335025
2754,46.5402734,6.6326924
2755,46.5192648,6.62181045
2756,46.524795909999995,6.64535864
2757,46.5222561,6.6600594
2758,46.5223335,6.6599033
2759,46.522559,6.6591103
2760,46.523013,6.656729
2761,46.5232706,6.6557826
2762,46.5243554,6.6530576
2763,46.526284168055554,6.653717677777777
2764,46.51699922,6.62142844
2765,46.51935716393443,6.639476098360657
2766,46.5182222,6.6417191
2767,46.54156112857142,6.612175542857144
2768,46.52749097380952,6.620557063095237
2769,46.531046967407406,6.612651331296296
2770,46.532442668560606,6.611620061742425
2771,46.517504200000005,6.6192728
2772,46.520379166666665,6.630836333333334
2773,46.519522922222215,6.638605222222221
2774,46.53778345,6.61371895
2775,46.52450155,6.65306665
2776,46.519303183333335,6.615709066666667
2777,46.5214035,6.639640691666667
2778,46.52145605,6.63993975
2779,46.5214853,6.6404066
2780,46.516828293571436,6.642112523095238
2781,46.51872008927083,6.6376127326041665
2782,46.51279165,6.6326506
2783,46.5215378,6.6378002
2784,46.5178473,6.6410864
2785,46.5177172,6.6411762
2786,46.5185675,6.6404799
2787,46.5172566,6.64365475
2788,46.5164646,6.6457333
2789,46.5179827,6.641191
2790,46.5164226,6.6453393
2791,46.5200652,6.6426745
2792,46.511916,6.647137
2793,46.5097264,6.6471182
2794,46.5107219,6.6443782
2795,46.514546,6.6361122
2796,46.5219477,6.6413343
2797,46.5208097,6.6398529
2798,46.51956172222222,6.633718404629629
2799,46.5314679,6.6158191
2800,46.5332251,6.613698
2801,46.5294997,6.6167155
2802,46.5307797,6.6157813
2803,46.5308056,6.6106038
2804,46.5319714,6.6112304
2805,46.5327049,6.6121121
2806,46.5322266,6.6129777
2807,46.5274124,6.6523162
2808,46.5293263,6.6630928
2809,46.5251559,6.6533749
2810,46.5323215,6.6439998
2811,46.5257236,6.6524116
2812,46.5274463,6.6504107
2813,46.5042877,6.5290447
2814,46.5286075,6.6608006
2815,46.52451,6.6535944
2816,46.5263969,6.6505563
2817,46.5303659,6.674803600000001
2818,46.5231985,6.6609601
2819,46.5235884,6.6610894
2820,46.515627,6.6130516
2821,46.5521498,6.6020192
2822,46.95927840000001,6.7575873
2823,46.5141771,6.6379986
2824,46.5109867,6.6422172
2825,46.5191392,6.6409356
2826,46.5189095,6.6440764
2827,46.5191481,6.6416482
2828,46.5192602,6.6416115
2829,46.5133097,6.6850049
2830,46.5176332,6.6470966
2831,46.5250329,6.6456782
2832,46.5244764,6.6570686
2833,46.5362018,6.6279542
2834,46.5189809,6.6397153
2835,46.5126878,6.6525381
2836,46.5192608,6.6406859
2837,46.5160812,6.6383982
2838,46.5193854,6.6405937
2839,46.5187297,6.645239
2840,46.5393904,6.6114035
2841,46.5353512,6.6308856
2842,46.52104883333333,6.639606333333333
2843,46.5313481,6.61265795
2844,46.516198925,6.6143747
2845,46.521060125,6.640366975
2846,46.5144408,6.6433509
2847,46.5167981,6.6416724
2848,46.5172113,6.6414107
2849,46.51867036666666,6.641722616666667
2850,46.5198503,6.6299741
2851,46.5195485,6.6343765
2852,46.513759512499995,6.61633716527778
2853,46.5158772,6.6457488
2854,46.5182373,6.6388327
2855,46.5195632,6.6244379
2856,46.5562263,6.5746955
2857,46.51813829999999,6.638728999999999
2858,46.5121136,6.6174503
2859,46.51383255,6.61795885
2860,46.5145391,6.6192836
2861,46.53306756764706,6.627876911764707
2862,46.54094894545455,6.621388563636363
2863,46.53922931428571,6.6213769
2864,46.51133668789409,6.6272003049436865
2865,46.510823510753966,6.627058758055555
2866,46.51018837368421,6.623555942105263
2867,46.5141191375,6.6394216749999995
2868,46.53859452,6.62596623
2869,46.533868,6.650535625
2870,46.5348913,6.6553977
2871,46.534925125,6.65708785
2872,46.5142388,6.6395695
2873,46.5279874,6.648778
2874,46.514579716666674,6.628726783333334
2875,46.5403807,6.6207577625
2876,46.513236807529154,6.625590460520422
2877,46.51280660686848,6.625408410735259
2878,46.524114180571075,6.6267839203581085
2879,46.5296454,6.6281142
2880,46.53574311647061,6.614452196503604
2881,46.50684475,6.626826449999999
2882,46.5389267,6.668047428571428
2883,46.5266999,6.6086174
2884,48.8875161,6.3554569
2885,48.8880371,6.3498969
2886,48.918643,6.1924792
2887,48.9172555,6.1730553
2888,48.8858982,6.1379239
2889,48.9073278,6.113605
2890,48.94401079999999,6.079293800000002
2891,46.509639328571424,6.616006957142858
2892,46.544429,6.6451282
2893,46.535907,6.6223052
2894,46.5314059,6.6243059
2895,46.5309949,6.6250087
2896,46.531605,6.6265117
2897,46.5304171,6.6239193
2898,46.52436675,6.6271342
2899,46.5336967,6.6220616
2900,46.5359331,6.6210661
2901,46.53596665,6.61997635
2902,46.5374094,6.6152141
2903,46.53563665,6.6149453000000005
2904,46.5359106,6.6145847
2905,46.5363602,6.6144147
2906,46.536012,6.61358
2907,46.5372045,6.6138344
2908,46.5293207,6.521349
2909,46.5572742,6.5020375
2910,46.572738,6.4888689
2911,46.5448847,6.5137439
2912,46.6098772,6.4933908
2913,46.6120441,6.4939607
2914,46.6167551,6.4939679
2915,46.6255757,6.5285132
2916,46.5917862,6.4893768
2917,46.5257322,6.6265837
2918,46.620123,6.4965758
2919,46.6254424,6.5544464
2920,46.6240721,6.5636227
2921,46.5149423,6.638216
2922,46.5136614,6.6411038
2923,46.51025760000001,6.656831000000001
2924,46.5132753,6.6243342
2925,46.543477,6.6519857
2926,46.5438803,6.6516895
2927,46.5434547,6.6495026
2928,46.5245189,6.6290262
2929,46.5228812,6.6301375
2930,45.9693322,4.0868399
2931,45.9914738,4.054271
2932,45.9401924,4.0266615
2933,45.9723755,4.0351633
2934,45.9489738,4.0407225
2935,45.9426117,4.0315119
2936,45.9415546,4.0441276
2937,45.9004992,4.1748083
2938,45.9155414,4.191669
2939,46.52607638,6.62547344
2940,46.5358244,6.615053
2941,46.5361223,6.6149252
2942,46.5109775,6.6197879
2943,46.54057075,6.659773
2944,46.5386224,6.660845466666667
2945,46.527938,6.6262076
2946,46.5281691,6.626499
2947,46.5241268,6.6310607
2948,46.5247881,6.630277
2949,46.5261684,6.6308443
2950,46.5348387,6.6193539
2951,46.545956,6.6122124
2952,46.551325,6.6144995
2953,46.5598475,6.6124725
2954,46.6203599,6.5803638
2955,46.6372155,6.5649222
2956,46.66275579999999,6.5509136
2957,46.7319749,6.5359584
2958,46.8021927,6.1809343
2959,46.8023451,6.1803254
2960,46.8698064,6.3236357
2961,46.8401197,6.3635552
2962,46.83006409999999,6.3722139
2963,46.52780469999999,6.631287200000001
2964,46.52570956108333,6.626262849416667
2965,46.5357914,6.662534199999999
2966,46.53922360000001,6.6460613
2967,46.524709775000005,6.626904925
2968,46.5404242,6.6341778
2969,46.52385325,6.63269735
2970,46.5348927,6.6216677000000015
2971,46.5421249,6.6146188
2972,46.5304591,6.6245515
2973,46.5304703,6.6282027
2974,46.5308351,6.6278751
2975,46.5308479,6.6274524
2976,46.5306216,6.6224621
2977,46.5307921,6.6201308
2978,46.5233533,6.630532700000002
2979,46.5154362,6.6419347
2980,46.512641025,6.624799025
2981,46.5132177,6.6449217
2982,46.51277905,6.6258338000000006
2983,46.5110959,6.6196449
2984,46.51433015525469,6.6481126213045245
2985,46.51443184428572,6.652052362380952
2986,46.5146095,6.653504
2987,46.5158413,6.6485471
2988,46.50932999094697,6.629943278143938
2989,46.53567241833333,6.655991376666666
2990,46.53391276111111,6.661700038888888
2991,46.537964125,6.664033675000001
2992,46.54511629583333,6.645722356249999
2993,46.52362925,6.627739999999999
2994,46.532025275,6.62618695
2995,46.5351713,6.6152961
2996,46.5077316,6.6277982
2997,46.5228501,6.61119495
2998,46.54347233546296,6.645884614166667
2999,46.510372654629634,6.636124104629629
3000,46.519093999999996,6.6537679
3001,46.51883193333333,6.647269466666667
3002,46.51989105459957,6.637723914704586
3003,46.52087795132135,6.635748220793026
3004,46.523068,6.6384898
3005,46.52708165143408,6.619641590363612
3006,46.5114628,6.639133766666667
3007,46.5196307,6.645919
3008,46.5286813625,6.62359215
3009,46.5093409,6.6360657
3010,46.5141513,6.6309903
3011,46.512517333333335,6.639263199999999
3012,46.520780099999996,6.6346532499999995
3013,46.5241004625,6.6366991749999995
3014,46.52596359375,6.621048108749999
3015,46.51251895,6.63818365
3016,46.51943555,6.63693055
3017,46.52686100454545,6.618262068614718
3018,46.522570425,6.636897575
3019,46.510236,6.6333421
3020,46.5191149,6.6373726
3021,46.519703,6.6378282
3022,46.52127494583333,6.636379187499999
3023,46.5242172,6.6362148
3024,46.5212925,6.6347139
3025,46.5224265,6.633461
3026,46.5223918,6.6332978
3027,46.52256775,6.63234675
3028,46.52526396666667,6.625475866666666
3029,46.5246718,6.6370702999999995
3030,46.52363735,6.637625925000001
3031,46.5312661,6.6220991
3032,46.51259505,6.6389599
3033,46.521289838571434,6.645191744920635
3034,46.521772447083336,6.6450805325
3035,46.5170590875,6.616184614642857
3036,46.51678306170635,6.617394382539683
3037,46.5167230875,6.618107262500001
3038,46.519421683935334,6.632891139130141
3039,46.5183043,6.6246139
3040,46.519385876901715,6.619435331394995
3041,46.5188003,6.6326744
3042,46.5208537,6.6133733
3043,46.534683640000004,6.632536535
3044,46.5295130625,6.6440381
3045,46.524164175,6.60734795
3046,46.52051366923077,6.625562753846155
3047,46.5259287,6.6484273
3048,46.5185424,6.6241486
3049,46.52439002745098,6.620368607843138
3050,46.524826619230765,6.615975992307693
3051,46.5239383,6.6077285
3052,46.52235059444445,6.645672761111111
3053,46.5394792,6.6336768
3054,46.5293914,6.643806483333333
3055,46.522448425,6.645960525
3056,46.5258038,6.647245
3057,46.5254665,6.61514355
3058,46.539943283333336,6.6328118499999995
3059,46.52177879,6.63139312
3060,46.5352426284127,6.616097820396826
3061,46.5246033,6.6533485
3062,46.5159218,6.61296215
3063,46.51897305333333,6.617455133333334
3064,46.519134433333335,6.615320666666666
3065,46.52059803333333,6.655990766666666
3066,46.5172477,6.6207342
3067,46.5190608,6.6451136
3068,46.517153074166664,6.620341949166667
3069,46.52108975965872,6.620752689544702
3070,46.52113687227862,6.6213383353253334
3071,46.52119396433862,6.62196689402395
3072,46.52098162206767,6.619753117833961
3073,46.52103805782313,6.6194538282312925
3074,46.52169251961835,6.618564626678413
3075,46.521717321875,6.619495788333333
3076,46.52094751159091,6.618613680816498
3077,46.520969481014504,6.617557350855781
3078,46.53172526,6.611996235
3079,46.5289719,6.6560728
3080,46.522467,6.6544775
3081,46.5225903,6.6546844
3082,46.522724,6.6547861
3083,46.5217585,6.6305877
3084,46.5239594,6.6552556
3085,46.5239158,6.6546919
3086,46.51403205,6.6159612
3087,46.523327724999994,6.6043002500000005
3088,46.5197091,6.6323888
3089,46.52789135,6.59677085
3090,46.524534929629624,6.593620974074074
3091,46.52016424166667,6.597526875641025
3092,46.519816074999994,6.598607366666667
3093,46.52115924166666,6.596731055555555
3094,46.51787831645834,6.610710303333334
3095,46.51699105,6.60584075
3096,46.5175747,6.6064508
3097,46.517393600000005,6.606056440000001
3098,46.517410008333336,6.605146066666666
3099,46.52012310297619,6.5915168875
3100,46.517728931250005,6.598672637500001
3101,46.51662176666667,6.5992752
3102,46.52657296116667,6.637628974166667
3103,46.529433804583334,6.640144338333334
3104,46.525420736324406,6.638437219249085
3105,46.529815612820514,6.641391663461539
3106,46.52764337803676,6.634377245576442
3107,46.53244610126263,6.635321492592592
3108,46.5352860421131,6.63428228452381
3109,46.53256683846561,6.637977442671957
3110,46.53247860833333,6.638995366666667
3111,46.538739040476194,6.650861757142856
3112,46.53927836703704,6.6521041353703705
3113,46.53938412833334,6.652514166666667
3114,46.53757907727273,6.646851372727273
3115,46.5391475,6.646243484375
3116,46.52104929309524,6.620239339523811
3117,46.52070803385395,6.621411729049654
3118,46.520263957566144,6.6205134277777775
3119,46.51996594314119,6.619733732658034
3120,46.519760622433864,6.620763295846561
3121,46.51986300081349,6.621351378257937
3122,46.519942202962966,6.621865081666666
3123,46.520685,6.6227852
3124,46.51964912166667,6.623548797575757
3125,46.518386380424204,6.62639529580708
3126,46.51808865289441,6.627069758333283
3127,46.517647068660764,6.627961770293721
3128,46.517271987387716,6.630183878073286
3129,46.51921229756768,6.624321378700312
3130,46.51979985373791,6.622967674051981
3131,46.522565408133254,6.628180475855343
3132,46.52196613899332,6.629679834476491
3133,46.522642432721426,6.627763628276693
3134,46.52063025933056,6.630991022593125
3135,46.52028712857143,6.6314888214285705
3136,46.52048309743387,6.630076062063491
3137,46.52116229061038,6.629260494353309
3138,46.5213807022317,6.628160922912913
3139,46.521941374499484,6.62709791256071
3140,46.522511704756205,6.626220138669131
3141,46.52225415307733,6.6269578092899035
3142,46.52063481324316,6.62851752933959
3143,46.52118446085002,6.626542878366996
3144,46.52136561639049,6.6255759216446
3145,46.52151977097685,6.624792344332993
3146,46.52239836341992,6.624299530790044
3147,46.52131341945799,6.622474428834492
3148,46.5228641,6.62582085
3149,46.526554654746036,6.616940211015873
3150,46.52636501266696,6.617500661526748
3151,46.52615883257827,6.6183407967283205
3152,46.525829457602086,6.61957391184555
3153,46.52559401388889,6.619685847407407
3154,46.525329003109604,6.620221340875869
3155,46.525097803033226,6.620734388280531
3156,46.524907127214284,6.621278286202381
3157,46.52271686666668,6.630275491666666
3158,46.52731205074675,6.617533742034633
3159,46.52787524026786,6.616414290059524
3160,46.5280435167833,6.614719425002405
3161,46.5270669179293,6.6159815704545455
3162,46.52681776941799,6.616317051746032
3163,46.526732020466085,6.6155227153769856
3164,46.526773476891535,6.615177302407408
3165,46.52686292246701,6.614198106480453
3166,46.52708268572245,6.6135310950376605
3167,46.52632778302306,6.612316008234657
3168,46.526365832308215,6.611266656350104
3169,46.52638764730399,6.610046040341652
3170,46.52633523457672,6.613715668518519
3171,46.52629541440104,6.614264723075227
3172,46.52623916055555,6.615334453421053
3173,46.52622894388888,6.6159289887301584
3174,46.5201443,6.5959396
3175,46.52050891333333,6.598024023333333
3176,46.51758511190476,6.609419983333333
3177,46.53015531858974,6.641911912820513
3178,46.52745399863636,6.633896216363637
3179,46.53460523383333,6.635313646166667
3180,46.5323149,6.6401895
3181,46.53675715,6.6483101
3182,46.52768307142857,6.633885571428571
3183,46.5324486,6.6368065
3184,46.53999840479167,6.634110426354167
3185,46.52691405407407,6.604021255370371
3186,46.52042243,6.5966742400000005
3187,46.53149025,6.633563950000001
3188,46.53286451875,6.640699020833333
3189,46.52060512356341,6.62253397313412
3190,46.5217217,6.630348
3191,46.5223223,6.6293711
3192,46.5263581,6.6183797
3193,46.52484355,6.620942575
3194,46.52705004350757,6.6076297435335505
3195,46.52476953818204,6.612449215558035
3196,46.524475831265754,6.612365397768068
3197,46.52359925410587,6.614620847535247
3198,46.522281605224464,6.617168539374859
3199,46.52262868785714,6.618347879047619
3200,46.522732308104686,6.620563078184183
3201,46.52339599771503,6.617230380889975
3202,46.52231803479167,6.623622914375
3203,46.5224051,6.6248622
3204,46.52329559539394,6.620164048484848
3205,46.523795147049064,6.618517489823232
3206,46.5238887937381,6.61807226702381
3207,46.53321471875,6.6396536375
3208,46.5217137,6.6198624
3209,46.5218196,6.61888685
3210,46.5226675997619,6.631408024404762
3211,46.522981789999996,6.631735055
3212,46.526288725,6.633843445833333
3213,46.5275978,6.616755
3214,46.52453781949778,6.61373577908121
3215,46.522316319815076,6.616070415707459
3216,46.52231805666666,6.6177663550000005
3217,46.52227994213565,6.618053360822511
3218,46.522239103292634,6.618939354379325
3219,46.52216477854278,6.619974910355233
3220,46.532420696875,6.637400915624999
3221,46.524668334380955,6.621491589095238
3222,46.52613714833333,6.616656197708334
3223,46.5222388,6.6169258
3224,46.5226779,6.6194206
3225,46.52340611428571,6.6177518285714285
3226,46.52212322238095,6.621996072341269
3227,46.522070486666664,6.621551213333333
3228,46.52273176268202,6.62138662674488
3229,46.5222809,6.6246974
3230,46.52287774791667,6.6240766875
3231,46.524003871731594,6.617627101385281
3232,46.52331288888889,6.593382116666667
3233,46.5181596,6.6078681
3234,46.52614547409092,6.638358974015151
3235,46.52624546428571,6.636857385714286
3236,46.5338855,6.6354489
3237,46.523006451499995,6.617827351333334
3238,46.52298293354662,6.61690456297619
3239,46.523815548125,6.616602532916666
3240,46.52195922592593,6.623353477777778
3241,46.52311994444445,6.622392188888888
3242,46.5346427,6.648082
3243,46.5350763,6.6479398
3244,46.5359366,6.648689
3245,46.5353769,6.6517406
3246,46.5354315,6.6515257
3247,46.5350844,6.6506345
3248,46.5353536,6.6494709
3249,46.53570653333333,6.6492434000000005
3250,46.5365395,6.6501173
3251,46.5358364,6.6496893
3252,46.5355953,6.6507966
3253,46.5345041,6.6497144
3254,46.5351456,6.6514219
3255,46.5296983,6.6597491
3256,46.5277997,6.6602467
3257,46.52677660000001,6.660426200000003
3258,46.5342509,6.6534836
3259,46.5342805,6.6532265
3260,46.5136566,6.6290111
3261,46.5136851,6.6296994
3262,46.5141022,6.6296463
3263,46.5119315,6.6301557
3264,46.5129041,6.6288357
3265,46.5128953,6.6295218
3266,46.515199,6.6284307
3267,46.515306525,6.628807925
3268,46.515044046,6.6287804066666665
3269,46.5157922,6.6260843
3270,46.515645000000006,6.626282266666666
3271,46.5150752,6.625883275
3272,46.51587,6.6264419
3273,46.5118739,6.6266053
3274,46.5140927,6.6274437
3275,46.5106773,6.6266945
3276,46.5101412,6.6257965
3277,46.50729393333333,6.62605035
3278,46.5088965,6.6247624
3279,46.51037827826087,6.623416736956522
3280,46.5159814,6.6354871
3281,46.5156408,6.6380806
3282,46.5028982,6.6485481
3283,46.4393375,6.6500984
3284,46.5169529,6.6311723
3285,46.5156872,6.6300777
3286,46.50152,6.6590125
3287,46.4970576,6.6524842
3288,46.4334278,6.6075144
3289,46.5167011,6.6351964
3290,46.515514415,6.644221045
3291,46.533030535948086,6.627595162023644
3292,46.53572383833333,6.651183676666666
3293,46.506927149999996,6.6249332249999995
3294,46.5071848,6.6243627
3295,46.530598151666666,6.630672311250001
3296,46.5142765,6.6289287
3297,46.52960672619048,6.656243483333333
3298,46.5099562,6.6245557
3299,46.5385019,6.6216746
3300,46.509161735,6.62613676
3301,46.5366409,6.6618985
3302,46.54358463290043,6.648775458116883
3303,46.52437336111111,6.628866772222222
3304,46.524288374514654,6.625664766465201
3305,46.5257201909091,6.631375572727271
3306,46.52933685,6.6292217
3307,46.523677197916676,6.6288494625
3308,46.52327228439154,6.628691076851852
3309,46.52590446999999,6.625539450000001
3310,46.538078539999994,6.619717814814815
3311,46.511422058928574,6.617005576785715
3312,46.5091461,6.61924025
3313,46.5072091375,6.627618012499999
3314,46.539104249999994,6.6477810999999996
3315,46.5252421,6.6264153
3316,46.530812,6.6236731
3317,46.5306102,6.6237395
3318,46.509485225,6.628008725
3319,46.51581645,6.627689916666665
3320,46.5264712,6.6279462
3321,46.5241648,6.625749600000001
3322,46.5244896,6.6273487
3323,46.5244772,6.6252692
3324,46.5259458,6.6262863
3325,46.52591475,6.6266397999999995
3326,46.523145893333336,6.627020289999999
3327,46.524537941666665,6.633447791666667
3328,46.5228252,6.6312597
3329,46.524158725,6.63134365
3330,46.527697,6.6309731
3331,46.5233266,6.6317253
3332,46.5277452,6.6306804
3333,46.5289589,6.6308143
3334,46.5306158,6.6303841
3335,46.5294863,6.6281895
3336,46.5311282,6.6255225
3337,46.531949,6.6243307
3338,46.5323952,6.6223549
3339,46.5302771,6.6240188
3340,46.5375728,6.6180344
3341,46.5374085,6.6179933
3342,46.5361637,6.6201563
3343,46.5219834,6.628479
3344,46.5239546,6.6295607
3345,46.5227329,6.6298228
3346,46.527788375,6.627588725
3347,46.52729626,6.62789018
3348,46.5264991,6.6263084
3349,46.5241159,6.6249627
3350,46.5270884,6.598805199999999
3351,46.5320821,6.6193892
3352,46.532081,6.6191776
3353,46.5320354,6.6190116
3354,46.5331435,6.620259
3355,46.5365173,6.6217309
3356,46.5367555,6.6220245
3357,46.53712526666667,6.621145133333333
3358,46.53794234166666,6.619891641666666
3359,46.5331515,6.6193159
3360,46.5328465,6.6183928
3361,46.531328,6.6177773
3362,46.510663,6.6210917333333335
3363,46.50706158,6.624548033333334
3364,46.5278811,6.598127
3365,46.52411899999997,6.597147500000001
3366,46.5170706,6.283383400000001
3367,46.5085559,6.6177136
3368,46.527512216666665,6.610673983333333
3369,46.534186041666665,6.621801991666667
3370,46.529977233333334,6.627432633333334
3371,46.54368455,6.649028625
3372,46.544831249999994,6.648511220833334
3373,46.52491535,6.6277687
3374,46.525331666666666,6.6294393000000005
3375,46.53161085,6.62442845
3376,46.53733286666667,6.617535733333334
3377,46.50869663333333,6.6258865
3378,46.50789376666666,6.627687766666667
3379,46.50889445,6.61877185
3380,46.50641285,6.63654435
3381,46.536177499999994,6.6613492
3382,46.5354144,6.6652446
3383,46.535585544444444,6.667797144444445
3384,46.538257210000005,6.666151589999998
3385,46.524705850000004,6.62845465
3386,46.536609850000005,6.6210094250000004
3387,46.53707524444443,6.620635811111111
3388,46.5381525,6.618964350000001
3389,46.5391609,6.6175648
3390,46.53917,6.6502298
3391,46.50949821373017,6.626072386825396
3392,46.5096748,6.6270792
3393,46.511091,6.63738325
3394,46.5143543,6.6333029
3395,46.5115132,6.6394852
3396,46.5120557,6.6419666
3397,46.5120548,6.6422787
3398,46.512206003888885,6.639026446666667
3399,46.5214443,6.632676375
3400,46.52071899326754,6.632704041754387
3401,46.507729033333334,6.6396014
3402,46.523425325,6.637620749999999
3403,46.5212392,6.6368884
3404,46.53054526666667,6.620410966666667
3405,46.50933540166667,6.635571013333333
3406,46.521085,6.6362411
3407,46.5121932,6.6323989
3408,46.5245321,6.6357125
3409,46.524818,6.6376269
3410,46.5300826,6.628163
3411,46.529079800000005,6.6273653
3412,46.5247009,6.6245532
3413,46.5267264,6.5937013
3414,46.4502746,6.6113778
3415,46.4266005,6.5978078
3416,46.4068666,6.620444
3417,46.4392708,6.794704099999999
3418,46.5270885,6.608545
3419,46.5280367,6.6102458
3420,46.5273264,6.61301965
3421,46.5255289,6.6132766
3422,46.525336949999996,6.6129879625
3423,46.5251937,6.6130827
3424,46.524953175,6.613122975
3425,46.525496833333335,6.6101605
3426,46.523469084999995,6.620016347500001
3427,46.5232842,6.6199534
3428,46.5235462,6.6215795
3429,46.54341549999999,6.603197700000001
3430,46.5242356,6.6332707
3431,46.5293665,6.6317613
3432,46.5299409,6.6311139
3433,46.5276762,6.6242094
3434,46.5245395,6.6084229
3435,46.5227147,6.6141521
3436,46.5301241,6.6441612
3437,46.5304599,6.6322931
3438,46.5305008,6.632035
3439,46.53098265,6.631741425
3440,46.5321245,6.6313157
3441,46.53262545,6.63101215
3442,46.5296726,6.6327359
3443,46.5301011,6.633369
3444,46.5304159,6.6334921
3445,46.5302189,6.6329829
3446,46.5297996,6.6334325
3447,46.5294944,6.6328404
3448,46.528967,6.6328159
3449,46.526002299999995,6.635871133333333
3450,46.5252498,6.6353253
3451,46.5247805,6.6342359
3452,46.533591666666666,6.644399783333334
3453,46.53770896086364,6.63236235680303
3454,46.52241375,6.6419682
3455,46.5224853,6.6443826
3456,46.5219793,6.6440239
3457,46.521390100000005,6.6437009499999995
3458,46.5216286,6.6403246
3459,46.52334905,6.640406799999999
3460,46.5229691,6.644413
3461,46.52509685,6.6478810500000005
3462,46.5256276,6.6538287
3463,46.5156466,6.6962214
3464,46.5151339,6.6962636
3465,46.6048547,6.9017556
3466,46.5322749,6.64701495
3467,46.5274203,6.648125699999999
3468,46.5299525,6.6534115
3469,46.5218186,6.610519
3470,46.5190686,6.6128857
3471,46.4728627,6.6488102
3472,46.514387,6.6083045
3473,46.5226306,6.6014012
3474,46.5191138,6.6221538
3475,46.5193169,6.619131
3476,46.55555119999999,6.639165600000001
3477,46.522316475,6.6421833
3478,46.5220605,6.6421766
3479,46.52411123,6.641116393333332
3480,46.5189989,6.6255755
3481,46.5247831,6.6485003
3482,46.520000100000004,6.6092451
3483,46.5167313,6.6171603
3484,46.52584290270271,6.651905508108108
3485,46.52539835000001,6.66055745
3486,46.5338229,6.618618
3487,46.5341489,6.6177495
3488,46.537492,6.6148183
3489,46.5378597,6.6143185
3490,46.5391797,6.6123665
3491,46.5300406,6.6132403
3492,46.51930346666666,6.657125166666667
3493,46.5240791,6.6515173
3494,46.5001652,6.6973206
3495,46.5211659,6.639503360000001
3496,46.52997083333333,6.6181942000000005
3497,46.532577,6.6096727
3498,46.527741,6.6580556
3499,46.52667455,6.65793465
3500,46.5198119,6.6383529
3501,46.52989736666666,6.617947666666667
3502,46.52239066666667,6.658666466666666
3503,46.53198827666666,6.613154121666667
3504,46.52712735,6.657753100000001
3505,46.5192408,6.6352655
3506,46.51754314933332,6.606244905666666
3507,46.532648257738096,6.635347604761906
3508,46.523076681250004,6.626607762499999
3509,46.52258894533334,6.624885984666666
3510,46.52235685907198,6.6264939423863645
3511,46.522360997426475,6.630076775735294
3512,46.5226378,6.6308134
3513,46.528269800000004,6.614680249999999
3514,46.526471171544564,6.610303488494353
3515,46.52420613974567,6.617249338825758
3516,46.524193575,6.6170025
3517,46.5244672,6.613473
3518,46.51796679076191,6.60924155104762
3519,46.53384775,6.634090557142857
3520,46.54266895450981,6.6385515876339865
3521,46.52275336666667,6.626484866666666
3522,46.523057024761904,6.622773671071428
3523,46.52321857916667,6.6220770125
3524,46.52325644690476,6.6216330276190485
3525,46.52343949238095,6.620355191333334
3526,46.52298845833333,6.623660983333333
3527,46.5222695,6.6233117
3528,46.5280654,6.63283495
3529,46.525478750892866,6.635857470535713
3530,46.522660135416665,6.61917605625
3531,46.52333002500001,6.620903875
3532,46.52427231791666,6.614790740416667
3533,46.52066458333333,6.597525683333333
3534,46.52152210000001,6.625491742857142
3535,46.520997,6.6218707
3536,46.5265694,6.6154487
3537,46.5270759,6.598132900000001
3538,46.53538210384616,6.647692642307691
3539,46.513666656882535,6.626171187122674
3540,46.5148392,6.6407773
3541,46.5147719,6.6268155
3542,46.5178837,6.6332255
3543,46.514761925,6.636606425
3544,46.53561261666667,6.649733433333334
3545,46.5138834,6.6306921
3546,46.5097993,6.6266238
3547,46.540520725,6.617755725
3548,46.5305606,6.6513732
3549,46.5146703,6.6379847
3550,46.540403100000006,6.6253
3551,46.5356508,6.6160028
3552,46.512479825,6.625242275
3553,46.535384162499994,6.666674918749999
3554,46.53918103272029,6.664561950827715
3555,46.52537045818183,6.627022083636362
3556,46.53018443333334,6.625051933333334
3557,46.53317305,6.6167852
3558,46.5425258,6.654048
3559,46.542446525,6.652468908333334
3560,46.524449383333334,6.63289561
3561,46.522604650000005,6.6288523
3562,46.52694975104167,6.607114373958334
3563,46.5253827,6.6262613
3564,46.5120894,6.6263805
3565,46.52567439999999,6.612646066666666
3566,46.528175225,6.627171275
3567,46.52540845,6.633892400000001
3568,46.5306849,6.624224099999999
3569,46.5237441,6.6333328
3570,46.5469443,6.6253201
3571,46.5090372,6.6362898
3572,46.51659798971262,6.652307490766058
3573,46.5221662,6.6367955
3574,46.5207156,6.6349206
3575,46.523240166666675,6.6382769816666665
3576,46.5205149,6.6365496
3577,46.52559079445497,6.622836654376973
3578,46.512259900000004,6.643549266666668
3579,46.51905035,6.637007775000001
3580,46.524512255726094,6.623612931362325
3581,46.5147427,6.65025785
3582,46.5270625,6.6198842
3583,46.511286,6.6373825
3584,46.5150592,6.6475684
3585,46.51507,6.6472797
3586,46.52286965,6.63549675
3587,46.5297511,6.62722525
3588,46.5121701,6.6298797
3589,46.5133792,6.6325647
3590,46.5225804,6.6348987
3591,46.526856949999996,6.62237235
3592,46.5292575,6.6068947
3593,46.5013347,6.6519638
3594,46.52392559999999,6.617339099999999
3595,46.5281694,6.6326914
3596,46.5280212,6.633009
3597,46.531765,6.63041598
3598,46.527695550000004,6.6318497999999995
3599,46.5253871,6.6313856
3600,46.5311308,6.629438175000001
3601,46.5273124,6.6093829
3602,46.507426800000005,6.627052899999998
3603,46.52729039999999,6.597883300000002
3604,46.52731263333334,6.6091394333333335
3605,46.5283859,6.6325432
3606,46.520949025,6.64427515
3607,46.5294144,6.6484066
3608,46.5243644,6.6425352
3609,46.52285645,6.6075234499999995
3610,46.5219096,6.6064371
3611,46.51779405238095,6.638989270476191
3612,46.51857105,6.6284763
3613,46.5189496,6.6271649
3614,46.5380809,6.6318377
3615,46.5169084,6.6163036
3616,46.51709735,6.64025675
3617,46.5187526,6.6324902
3618,46.52458493333334,6.605170766666667
3619,46.5197697,6.6295496
3620,46.5216673,6.626853499999999
3621,45.69814769999999,2.3658046
3622,46.532337350000006,6.631810424999999
3623,46.5320999,6.6320833
3624,46.532867800000005,6.633688899999998
3625,46.5381835,6.63381085
3626,46.5287073,6.6112695
3627,46.5244109,6.6525636
3628,46.520469866666666,6.630481466666667
3629,46.522596025,6.626603191666668
3630,46.5207219,6.6406418
3631,46.519779,6.63940855
3632,46.5173017,6.6441364
3633,46.51961665,6.638291949999999
3634,46.5194853,6.638423
3635,46.5193936,6.634329
3636,46.53114300000001,6.6116764
3637,46.5308235,6.6126248
3638,46.53072275,6.61451295
3639,46.5295936,6.61398065
3640,46.5196633,6.6329361
3641,46.5202188,6.6553845
3642,46.5204586,6.655593
3643,46.5256531,6.6568802
3644,46.5188472,6.6398744
3645,46.52035755,6.6385223
3646,46.5202352,6.6401873
3647,46.5203236075,6.638041788333333
3648,46.5404213,6.6449479
3649,46.52327696,6.618853140000001
3650,46.5205331,6.6214201
3651,46.5183424,6.6268669
3652,46.5185506,6.6265099
3653,46.5228187,6.6275753
3654,46.52365658563492,6.6237216610317455
3655,46.52701215,6.61567185
3656,46.521909937777785,6.624610915555556
3657,46.52414186666667,6.5878516000000005
3658,46.513223636111114,6.6125886722222225
3659,46.515109125,6.60992935
3660,46.5376389,6.6497974
3661,46.517996,6.6274056
3662,46.5213422,6.628449
3663,46.52139819590983,6.627810688565892
3664,46.52605125,6.61937275
3665,46.5228414,6.6192746
3666,46.52301077,6.61558493
3667,46.5337794,6.623017075
3668,46.5212975,6.6360911
3669,46.51207565,6.6244245
3670,46.5175569,6.6330455
3671,46.53032696666667,6.630873
3672,46.5330883,6.62810594
3673,46.539242412499995,6.624473775
3674,46.5395721,6.6242747
3675,46.5404293,6.6204271
3676,46.891141100000006,6.830481699999999
3677,46.651838100000006,6.392600899999999
3678,46.6491243,7.223090600000002
3679,46.53520979999999,6.648411699999999
3680,46.5361322,6.592969200000001
3681,46.56104530000001,6.566359599999999
3682,46.5109923,6.6269639
3683,46.5108415,6.6268327
3684,46.5105894,6.62682755
3685,46.5158089,6.638701566666668
3686,46.516792,6.6402084
3687,46.53753221111111,6.664919844444444
3688,46.538230166666665,6.6674727
3689,46.5242472,6.6291933
3690,46.52399703638889,6.6329564649999995
3691,46.52325275,6.62722015
3692,46.5278332,6.6071248
3693,46.537602,6.6197011
3694,46.5124798,6.624875749999999
3695,46.5129984,6.6213514
3696,46.5128817,6.6257043
3697,46.51609523333334,6.6270763666666666
3698,46.535438775,6.655906125
3699,46.5440211,6.6446772
3700,46.525719,6.6295556
3701,46.52484255,6.6276374
3702,46.52439855,6.6291805
3703,46.52318710833334,6.631097291666666
3704,46.5272276,6.6059079
3705,46.5272379,6.6075727
3706,46.5243221,6.6250882
3707,46.5266061,6.6270403
3708,46.5075758,6.6256003
3709,46.5441049,6.6463842
3710,46.5091758,6.6264048
3711,46.5077954,6.6275693
3712,46.507800474999996,6.6253032
3713,46.5166326,6.6238973
3714,46.5121719,6.6251162
3715,46.50873158261051,6.629657691375872
3716,46.5087324,6.6275545
3717,46.5379717,6.65860775
3718,46.5420814,6.6568724
3719,46.54433895,6.6447728
3720,46.5435353,6.6466358
3721,46.52359405,6.628571
3722,46.53275693333334,6.622502233333333
3723,46.5307133,6.6187042
3724,46.51560554795429,6.631151235391582
3725,46.5124317,6.6430155
3726,46.5149689,6.6501432
3727,46.51998935,6.63660135
3728,46.5204116,6.6334914
3729,46.5205794,6.6335861
3730,46.532230799999994,6.628794775
3731,46.52552721538461,6.624151361538461
3732,46.52817895,6.621022916666667
3733,46.511384,6.6293228
3734,46.5102251,6.6350404
3735,46.5135382875,6.64945715
3736,46.5206171,6.6358332
3737,46.52074795,6.6372684500000005
3738,46.5205411,6.63384895
3739,46.5254528,6.6246603
3740,46.5290011,6.6210951
3741,46.5235799,6.648839
3742,46.5153733,6.6529892
3743,46.521941837499995,6.634276375000001
3744,46.5249539,6.6236911
3745,46.5259534,6.6027424
3746,46.3961321,6.612292
3747,46.3922221,6.6173539
3748,46.5257266,6.6128278
3749,46.525611,6.6193822
3750,46.5258528,6.6191453
3751,46.5048977,6.6389176
3752,46.48986770000001,6.630257099999999
3753,46.5241333,6.618688
3754,46.52445058333333,6.617542783333334
3755,46.6074857,6.4372884
3756,46.6077351,6.4332902
3757,46.5255842,6.6337672
3758,46.5411329,6.4831869
3759,46.579187,6.3894036
3760,46.5384066,6.4813711
3761,46.7138556,6.4690251
3762,46.7278402,6.4676125
3763,46.6184767,6.3954207
3764,46.5156496,6.4134778
3765,46.577691,6.3660664
3766,46.6241632,6.4067271
3767,46.7813869,6.5189297
3768,46.5628474,6.6422734
3769,46.5233602,6.6446795
3770,46.5165858,6.618253
3771,46.521104525,6.611016925
3772,46.5187116,6.6238626
3773,46.52017035,6.63210455
3774,46.5185314,6.6275398
3775,46.5377439,6.6326337125000006
3776,46.525899,6.6172704
3777,46.5270894,6.615514
3778,46.5290394,6.6478266
3779,46.5231272,6.6013526
3780,46.5226178,6.6005246
3781,46.5178464,6.6377019
3782,46.4510267,6.658452400000001
3783,46.5282672,6.596802600000001
3784,46.5246936,6.6465618
3785,46.52519505,6.64675005
3786,46.52517915,6.64548145
3787,46.5274219,6.64155985
3788,46.5304581,6.6461291
3789,46.52950113333333,6.6458270125
3790,46.52838,6.6452675
3791,46.52795683333333,6.645237300000001
3792,46.5330702,6.6470552
3793,46.5330269,6.6473005
3794,46.5325487,6.6477777
3795,46.5319316,6.6480306
3796,46.5189087,6.6424138
3797,46.5197511,6.6113351
3798,46.5340902,6.6382835
3799,46.5235405,6.6077895
3800,46.5236538,6.6075
3801,46.5235069,6.6070694
3802,46.5237934,6.6060658
3803,46.5235753,6.6057958
3804,46.523794,6.6064619
3805,46.5251066,6.6061744
3806,46.5252952,6.6056212
3807,46.5243208,6.6046421
3808,46.5244928,6.6046331
3809,46.5249316,6.6047495
3810,46.5251986,6.6051223
3811,46.5245057,6.6054251
3812,46.5249792,6.6039858
3813,46.5257572,6.6042133
3814,46.519421,6.6121449
3815,46.53066338666667,6.646187053333334
3816,46.524068750000005,6.607551225
3817,46.525566299999994,6.657780900000001
3818,46.5266476,6.6488811
3819,46.5253965,6.649561
3820,46.52146925,6.6315741
3821,46.518364225,6.614794075000001
3822,46.51957185,6.61725715
3823,46.53182593333333,6.616374366666666
3824,46.5198633,6.6359409
3825,46.520595875,6.6388725
3826,46.5371898,6.614376
3827,46.5277365,6.6196985
3828,46.5189413,6.6448404
3829,46.5188052,6.6448586
3830,46.523829925,6.6567743
3831,46.5178494,6.62159
3832,46.5211679,6.640170499999999
3833,46.5195515,6.6579343
3834,46.52668806666667,6.6157763
3835,46.5231151,6.6167604
3836,46.5120456,6.609689566666667
3837,46.5210899,6.6186652
3838,46.526140925,6.633999074999999
3839,46.5293458875,6.6319557875
3840,46.524537,6.6141112500000006
3841,46.5219425,6.6286438
3842,46.5233408,6.6244216
3843,46.5221872,6.6186452
3844,46.520053399999995,6.5978627
3845,46.5218164,6.6295377
3846,46.5227661,6.6195306
3847,46.5929361,6.6559597
3848,46.5928792,6.6565033
3849,46.5928248,6.6572263
3850,46.5929192,6.6585783
3851,46.5975986,6.6585575
3852,46.5979656,6.6582938
3853,46.57649763333333,6.670998633333333
3854,46.5754777,6.666879383333334
3855,46.56577504499999,6.676890541666666
3856,46.5644705,6.682863533333333
3857,46.5629234,6.6822209
3858,46.5626744375,6.682800262500001
3859,46.56165949166667,6.682228641666666
3860,46.56061715,6.681459524999999
3861,46.559746733333334,6.680989316666666
3862,46.55932356666667,6.680759566666667
3863,46.55901025,6.680548399999999
3864,46.55909574444445,6.681769155555556
3865,46.55914456666667,6.681344216666666
3866,46.55887536666666,6.680387200000001
3867,46.55833871666667,6.680011416666666
3868,46.55803371666667,6.679895683333332
3869,46.557701400000006,6.6797864
3870,46.557088033333336,6.679527833333334
3871,46.5587957,6.6802375
3872,46.55787139186507,6.6816385347222225
3873,46.55730360222222,6.682295319999999
3874,46.5572465,6.6825675166666665
3875,46.55695905,6.68277165
3876,46.556556935555555,6.683119184444444
3877,46.55665398222222,6.683643936666666
3878,46.5560366,6.6833106
3879,46.55756021666667,6.681962550000001
3880,46.558189116666675,6.681178891666668
3881,46.5646254,6.6892366
3882,46.5609219125,6.6971988625000005
3883,46.5608206,6.6975235
3884,46.561426366666666,6.695702574999999
3885,46.56020015,6.69626835
3886,46.559712825,6.696272325
3887,46.5585095,6.6976041
3888,46.5587373625,6.69795135
3889,46.55920208333333,6.698259641666667
3890,46.5593396,6.6985742
3891,46.5594725,6.6988177875
3892,46.559621468518515,6.699153301851851
3893,46.5586396,6.6972945
3894,46.5585801,6.6970811
3895,46.558113475,6.6971246
3896,46.557598049999996,6.696883
3897,46.55744625,6.69748535
3898,46.55764825,6.69780715
3899,46.557148025000004,6.6974399
3900,46.5561161,6.6998445
3901,46.556273250000004,6.700735
3902,46.55640845833333,6.70137025
3903,46.5565252,6.7018717
3904,46.5562988,6.7042205
3905,46.556390225,6.702316425
3906,46.555659925,6.701308525
3907,46.55566005,6.69916125
3908,46.555329575,6.698926350000001
3909,46.55422815,6.6987847
3910,46.5543632,6.6984045
3911,46.5545439,6.6981922
3912,46.554240375,6.696436275
3913,46.554309425,6.69573585
3914,46.554297175,6.695537849999999
3915,46.554401,6.6948453
3916,46.554934700000004,6.69500455
3917,46.554391175,6.6946415875
3918,46.55401323333333,6.696948308333333
3919,46.553395800000004,6.696925775
3920,46.552826,6.6977138
3921,46.5526357,6.6980871
3922,46.552536974999995,6.698252975
3923,46.5523773,6.69859775
3924,46.552248649999996,6.698854949999999
3925,46.551924424999996,6.6987083
3926,46.55187315,6.6982166
3927,46.5517387,6.6975805
3928,46.551582425,6.697237675
3929,46.5511197,6.6973350499999995
3930,46.551532,6.6965104
3931,46.55263175,6.696729175
3932,46.5522776,6.6963878999999995
3933,46.55203375,6.69618605
3934,46.5514698,6.6960716
3935,46.550793925,6.6960154
3936,46.55012892222222,6.6960151
3937,46.549798275,6.6959722
3938,46.54950208333334,6.695912291666668
3939,46.549344000000005,6.69595815
3940,46.54603675,6.698315924999999
3941,46.5491045,6.692443150000001
3942,46.5496312,6.6951295
3943,46.55042469999999,6.6948673
3944,46.551185700000005,6.69499315
3945,46.5522088,6.69519285
3946,46.5536412,6.69484135
3947,46.55252155,6.693289174999999
3948,46.552219825,6.693197250000001
3949,46.5518558,6.6927897
3950,46.55276275,6.691098224999999
3951,46.553103775,6.690608725
3952,46.555678775000004,6.688060575
3953,46.5564118,6.686558
3954,46.5567771,6.6849622
3955,46.55544245,6.6867531499999995
3956,46.55519903333334,6.6871323
3957,46.554878200000005,6.68758825
3958,46.5547471625,6.687880625
3959,46.55347186666667,6.6893566
3960,46.550621675,6.69114785
3961,46.550354549999994,6.69094765
3962,46.548983074999995,6.689128225
3963,46.54491908,6.6852303299999996
3964,46.54472285,6.684760575
3965,46.54570045,6.6835525
3966,46.5449306,6.6841617
3967,46.5446471,6.684364425
3968,46.544442133333334,6.684238875
3969,46.54430685,6.683968050000001
3970,46.54421,6.68374385
3971,46.54410835,6.683548325
3972,46.543844625000006,6.68309085
3973,46.54351565,6.682642075
3974,46.54318490833333,6.682117191666666
3975,46.54292745,6.6818044
3976,46.542421399999995,6.679480325
3977,46.542122625,6.679114
3978,46.54170295,6.6789133
3979,46.5414482,6.6787176
3980,46.5412178,6.6785617
3981,46.5409822875,6.678407812500001
3982,46.5714782,6.60352315
3983,46.56432266666667,6.595701933333333
3984,46.56492169999999,6.5953040666666665
3985,46.56521885,6.59510375
3986,46.565453616666666,6.594997683333332
3987,46.565093233333336,6.59270415
3988,46.56435713333333,6.593433566666667
3989,46.56370915833334,6.593287458333333
3990,46.56308138238096,6.593051490000001
3991,46.558364233333336,6.588795975
3992,46.52584275,6.58878235
3993,46.5424994,6.638751566666667
3994,46.522754025,6.63172265
3995,46.53838344136904,6.62237983452381
3996,46.5348514,6.6488001
3997,46.5107838,6.623355
3998,46.5081182,6.6263253
3999,46.5146015,6.6368665
4000,46.5371965,6.6247684
4001,46.5391792,6.6239395
4002,46.5400651,6.6242781
4003,46.5332656,6.6085829
4004,46.5344307,6.6483131
4005,46.5166072,6.63540545
4006,46.51686891428573,6.634519614285713
4007,46.5324564,6.6276447
4008,46.540885,6.6186766
4009,46.5347584,6.6478226
4010,46.536499250000006,6.64814345
4011,46.5353452,6.6486573
4012,46.5237901,6.671783
4013,46.4722485,6.6208324
4014,46.5345283,6.6541047
4015,46.5136256,6.628397
4016,46.513062,6.6288359
4017,46.514357037500005,6.628306575
4018,46.5097742,6.6236536
4019,46.51580335,6.63629595
4020,46.5159107,6.64371935
4021,46.5282432,6.6311535
4022,46.5154411,6.6394366
4023,46.513725,6.63759
4024,46.514917725000004,6.65417655
4025,46.5144808,6.6366849
4026,46.5305058,6.6608025
4027,46.5300626,6.6612386
4028,46.6542628,6.8457321
4029,46.63875719999999,6.797015699999999
4030,46.5344505,6.6554549
4031,46.53452865,6.65175135
4032,46.5353133,6.6465192
4033,46.5633587,6.636929199999999
4034,46.51502649999999,6.624406600000001
4035,46.529178899999984,6.5971592
4036,46.5409628,6.6171006
4037,46.5421229,6.6179064
4038,46.5426252,6.6166345
4039,46.5427857,6.6169566
4040,46.5362437,6.6231412
4041,46.5310126,6.616964
4042,46.5311439,6.6174859
4043,46.5316829,6.6162175
4044,46.5159349,6.6246588
4045,46.5159912,6.6251146
4046,46.5391659,6.6567202
4047,46.5371922,6.664909124999999
4048,46.52439193333333,6.629775566666667
4049,46.54021135,6.65060605
4050,46.534671349999996,6.66258285
4051,46.5142576,6.611813120000001
4052,46.5120016,6.6041355
4053,46.5299123,6.5952926000000005
4054,46.5696536,6.6022583
4055,46.5697342,6.6014039
4056,46.5699793,6.600608
4057,46.5699465,6.6009911
4058,46.5697069,6.60499085
4059,46.5710104,6.605957500000001
4060,46.5710348,6.6077484
4061,46.5720473,6.6053365
4062,46.5719807,6.6064294
4063,46.577623415,6.604024170000001
4064,46.5678865,6.6125911
4065,46.5278954,6.6268918
4066,46.524054199999995,6.6271919
4067,46.5123503,6.62603255
4068,46.5113729,6.6359464
4069,46.5299821,6.6204459
4070,46.5261213,6.6238259
4071,46.5084424,6.6395129
4072,46.518861924999996,6.6371875
4073,46.5213635,6.6370711
4074,46.5255592,6.6209893
4075,46.5201992,6.6440355
4076,46.5198797,6.64434835
4077,46.5201976,6.6456809
4078,46.5197908,6.6467916
4079,46.5188597,6.64749
4080,46.5186138,6.6463352
4081,46.5176746,6.6467448
4082,46.5195041,6.6466046
4083,46.5184788,6.6459092
4084,46.517377,6.6464596
4085,46.516746,6.6472291
4086,46.5169752,6.6476494
4087,46.5173702,6.6475908
4088,46.5174779,6.6485586
4089,46.5175863,6.649025
4090,46.5187315,6.6495558
4091,46.5191536,6.6486227
4092,46.5207539,6.6500352
4093,46.52150865,6.647864350000001
4094,46.5214627,6.647458
4095,46.5242151,6.6491906
4096,46.5252135,6.6513729
4097,46.5254908,6.6507593
4098,46.5263855,6.65077
4099,46.5257393,6.6499593
4100,46.5245364,6.6504021
4101,46.5217794,6.6468905
4102,46.52132225,6.6486473
4103,46.5208223,6.6489013
4104,46.5202843,6.6500787
4105,46.5199461,6.6513271
4106,46.5191717,6.6514883
4107,46.51935465,6.65390425
4108,46.5195689,6.6539463
4109,46.5193873,6.6560672
4110,46.5265154,6.6508847
4111,46.5272324,6.6514261
4112,46.5256118,6.6498161
4113,46.5148036,6.6498269
4114,46.5174627,6.6451119
4115,46.5176574,6.6447348
4116,46.5198926,6.63443155
4117,46.5103844,6.6386504
4118,46.5105784,6.6378602
4119,46.5106241,6.6376012499999995
4120,46.5204607,6.6257282
4121,45.7020683,8.1522154
4122,45.6335899,8.1826275
4123,45.6286202,8.1910153
4124,45.6284088,8.2068929
4125,45.6957932,8.1397663
4126,45.6855779,8.1882222
4127,46.5135163,6.6320386
4128,45.6296932,8.2134118
4129,46.51278825,6.63742295
4130,46.5152736,6.6502012
4131,46.5146151,6.6520869
4132,46.5218101,6.6470919
4133,46.5217207,6.6472367
4134,46.51510795,6.6535242
4135,46.5149869,6.6497257
4136,46.5130433,6.6507805
4137,46.5171614,6.6454322
4138,46.5268033,6.6229101
4139,46.530073,6.6208184
4140,46.5284097,6.597709050000001
4141,46.5225828,6.6463981
4142,46.5237129,6.6493181
4143,46.5207549,6.6330394
4144,46.5238188,6.6381899
4145,46.5115453,6.6330918
4146,46.5205219,6.6377796
4147,46.5240986,6.637071633333334
4148,46.5261569,6.6207321
4149,46.5226517,6.6331112
4150,46.524620275000004,6.623967175000001
4151,46.5210945625,6.6466268875
4152,46.52708151666666,6.603342100000001
4153,46.5260569,6.5954925
4154,46.5277688,6.5968314
4155,46.5273347,6.5981936
4156,46.5275003,6.597861699999999
4157,46.5248408,6.6154615
4158,46.5284781,6.5974951
4159,46.5251009,6.6349478
4160,46.5328451,6.6292188
4161,46.5275044,6.6302178
4162,46.5245348,6.6162267
4163,46.5274885,6.6057707
4164,46.5169632,6.6117116
4165,46.52076928691588,6.611273261682244
4166,46.520047885555556,6.632224791507936
4167,46.5271583,6.615705675
4168,46.517939,6.6295319
4169,46.517694250000005,6.6293881
4170,46.5244989,6.6168192
4171,46.53594785,6.6324805
4172,46.5214661,6.6463572
4173,46.5217382,6.6039276
4174,46.524106,6.652085
4175,46.529737950000005,6.617531071428571
4176,46.52712331666667,6.621037200000001
4177,46.5229057,6.6551219
4178,46.5173511,6.6424805
4179,46.52408625,6.65552675
4180,46.52543138125,6.63822715
4181,46.5271438,6.6392186
4182,46.5258708,6.6373995
4183,46.526586,6.6372023
4184,46.53604725,6.63385595
4185,46.5339017,6.6338608
4186,46.5335353,6.6338309
4187,46.5332819,6.6338524
4188,46.5330759,6.633855
4189,46.5323179,6.6368176
4190,46.53250195,6.6385087
4191,46.5419939,6.6552649
4192,46.5404213,6.6468096
4193,46.5312035,6.6337018
4194,46.578450466666666,6.610695166666668
4195,46.579156999999995,6.60973875
4196,46.5798291,6.6090042
4197,46.5804463,6.60671735
4198,46.5770791,6.608704
4199,46.5773183,6.6087326
4200,46.5774436,6.6040495
4201,46.5693715,6.6048435
4202,46.5636663,6.5963524
4203,46.563827,6.5961885
4204,46.56405855,6.5960376
4205,46.5648616,6.5931238
4206,46.5641133,6.5931707
4207,46.56336855,6.593170983333334
4208,46.5206242,6.6139288
4209,46.528095,6.6191908
4210,46.5303817,6.6184412
4211,46.52980595,6.61730165
4212,46.518109975,6.600055375
4213,46.5277959,6.6349511
4214,46.530961800000014,6.638196499999999
4215,46.5353444,6.6351364
4216,46.5358501,6.634143
4217,46.5344612,6.6343104
4218,46.534149,6.6343747
4219,46.5336584,6.6343757
4220,46.5331562,6.6350433
4221,45.9627022,6.2793694
4222,46.53978925,6.64573535
4223,46.5386357,6.6511089
4224,46.54007163333333,6.6539563
4225,46.528211639285715,6.632912650000001
4226,46.5228169,6.6177638
4227,46.5216979,6.6276889
4228,46.46344929999998,6.634908699999997
4229,46.54118285,6.641510275
4230,46.54097456666666,6.643443850000001
4231,46.53719135,6.647486600000001
4232,46.53132985,6.64640115
4233,46.5300062,6.6460711
4234,46.52881875,6.645250900000001
4235,46.6020971,6.5603079
4236,46.5209703,6.6223777
4237,46.5199174,6.6202345
4238,46.5198786,6.619479999999999
4239,46.5216449,6.6295726
4240,46.520912,6.6316062
4241,46.52030393333333,6.6311805
4242,46.5205239,6.6313206
4243,46.52742750000001,6.5976672
4244,46.5270872,6.618491466666666
4245,46.5276146,6.61801625
4246,46.5277779,6.6165989
4247,46.5240207,6.6168788
4248,46.5236003,6.6178791
4249,46.5214109,6.6232598
4250,46.5225189,6.6206086
4251,46.5228608,6.620849
4252,46.5216611,6.6214711
4253,46.5233207,6.623319
4254,46.5233091,6.6224001
4255,46.5240703,6.618846
4256,46.5241665,6.6182019
4257,46.5268721,6.6171074
4258,46.5265954,6.617554
4259,46.526224,6.6205142
4260,46.5258262,6.6203332
4261,46.5248361,6.6203427
4262,46.52463685,6.62113235
4263,46.52155085,6.6196438
4264,46.526984211111106,6.6030548
4265,46.5220317,6.6263098
4266,46.521752475,6.62619475
4267,46.521533,6.6258599
4268,46.515250345,6.609757228333333
4269,46.540286699999996,6.6412344
4270,46.521789174999995,6.628627574999999
4271,46.5225081,6.6302613
4272,46.5326445,6.628686399999999
4273,46.522928533333335,6.617280133333334
4274,46.5228364,6.6314758
4275,46.5225499,6.6194203
4276,46.5249743,6.6379543000000005
4277,46.5327253,6.6367391
4278,46.53288,6.6377585
4279,46.5376639,6.6491397
4280,46.5208683,6.620412
4281,46.52641305,6.61902425
4282,46.5284517,6.6156527
4283,46.5269701,6.6163417
4284,46.52692145,6.6155589
4285,46.5270197,6.6143522
4286,46.5270424,6.6141625
4287,46.5270782,6.6139732
4288,46.5265748,6.6123433
4289,46.526565225,6.611151225
4290,46.5265883,6.6093012
4291,46.51527888333334,6.602175916666667
4292,46.5295739,6.6403178
4293,46.5341844,6.6366046
4294,46.517878425000006,6.6335842000000005
4295,46.5337462,6.6252141
4296,46.54284045000001,6.624269966666667
4297,46.5346233,6.6577859
4298,46.5250612,6.6319683000000005
4299,46.5332131,6.6512789
4300,46.5256536,6.6332236
4301,46.53809595,6.622700625
4302,46.5327354,6.6649542
4303,46.5143569,6.6365761
4304,46.5142149,6.6364623
4305,46.5156152,6.6354397
4306,46.5160002,6.6333037
4307,46.514799,6.6347769
4308,46.515822025,6.6394833
4309,46.5411468,6.622309550000001
4310,46.5349797,6.626941
4311,46.5329307,6.6282981
4312,46.53284349999999,6.628180766666667
4313,46.5434758,6.623249
4314,46.5433877,6.6231287
4315,46.5308817,6.6176218
4316,46.5414355,6.645148
4317,46.538234129629636,6.619509961772486
4318,46.5210493,6.6439774
4319,46.54140665,6.656491150000001
4320,46.5253501,6.6292026
4321,46.53505319999999,6.6679068
4322,46.5292693,6.6485554
4323,46.526015349999994,6.61001075
4324,46.5365282,6.6561008
4325,46.5362287,6.6558637
4326,46.5359033,6.655577733333334
4327,46.5395133,6.6490685
4328,46.53599896666666,6.619675333333333
4329,46.5301236,6.6341836
4330,46.5227748,6.6338925
4331,46.521313325925924,6.636702304938272
4332,46.5207333,6.6335209
4333,46.5293424,6.627979
4334,46.521203,6.6391267
4335,46.5203077,6.6446482
4336,46.5350419,6.5971094
4337,46.5324742,6.62895375
4338,46.529998,6.6269715
4339,46.52912305,6.6284969
4340,46.52985,6.6291114
4341,46.5296774,6.6292028
4342,46.528574,6.6282506
4343,46.5285959,6.6287018
4344,46.528591,6.6289018
4345,46.52842115,6.629167150000001
4346,46.528329,6.6294475
4347,46.5280747,6.6298671
4348,46.52742195,6.6300118
4349,46.524698,6.6236377
4350,46.5269336,6.6202025
4351,46.5257968,6.6229894
4352,46.5205849,6.6436908
4353,46.5257287,6.6280607
4354,46.5092309,6.6365769
4355,46.511119,6.6341026
4356,46.5248088,6.6373214
4357,46.5111574,6.639758
4358,46.5244115,6.6356561
4359,46.5302142,6.6314237
4360,46.530004,6.6315332
4361,46.5295883,6.6317417
4362,46.52803,6.597430900000001
4363,46.5200935,6.6249851
4364,46.5189845,6.6247723
4365,46.519233533333335,6.626148999999999
4366,46.51929135,6.62684425
4367,46.5190705,6.6271252
4368,46.5190553,6.6275328
4369,46.5155205,6.6431509
4370,46.515907825,6.642328225
4371,46.516398550000005,6.64032785
4372,46.5163165,6.6401069
4373,46.5180195,6.6393004
4374,46.517257,6.63852685
4375,46.5200568,6.632999
4376,46.5220774,6.6315449
4377,46.52774619999999,6.686857099999999
4378,46.528094,6.6098169
4379,46.527872133333325,6.6108874
4380,46.53223196666666,6.6323617666666665
4381,46.5326055,6.633653
4382,46.5340844,6.6336421
4383,46.5341901,6.6337194
4384,46.5349776,6.6336582
4385,46.5349215,6.632179750000001
4386,46.5339226,6.6328978
4387,46.533027,6.632884
4388,46.5336312,6.6321652
4389,46.5353323,6.6320765
4390,46.5353952,6.6326566
4391,46.5358469,6.6326553
4392,46.53614695,6.6327945
4393,46.536891,6.6334202
4394,46.5372599,6.633649
4395,46.5387622,6.6307621
4396,46.52367833333333,6.607043466666667
4397,46.52039072,6.625565079999999
4398,46.5182288,6.6342452
4399,46.520469375000005,6.624595625
4400,46.5221752,6.6312057
4401,46.5273167,6.640799250000001
4402,46.52392363333334,6.607112
4403,46.5131926,6.6181721
4404,46.5146144,6.6191197
4405,46.5189427,6.6353281
4406,46.5242026,6.6537668
4407,46.5156526,6.61892
4408,46.518480325,6.63656355
4409,46.5165696,6.6448507
4410,46.518448,6.6321104
4411,46.5407299,6.6316308
4412,46.5395705,6.633055
4413,46.5250567,6.6527091
4414,46.519368,6.6174462
4415,46.5213919,6.6381698
4416,46.51881026666666,6.6395442666666655
4417,46.5323795,6.6140939
4418,46.5322039,6.61407
4419,46.5277317,6.6170425
4420,46.524687025,6.6133148
4421,46.561844050000005,6.67862615
4422,46.559791,6.6788009
4423,46.557479400000005,6.67490935
4424,46.563167050000004,6.68162585
4425,46.5607777,6.6815861
4426,46.55948465,6.6808148
4427,46.558613324999996,6.68015005
4428,46.55679805,6.6793800999999995
4429,46.556335950000005,6.683130725
4430,46.56387955,6.6865627
4431,46.561693225,6.69607202
4432,46.562673625,6.697642
4433,46.56324155333334,6.69827246888889
4434,46.5635487,6.6987943125000005
4435,46.5270577,6.6037989
4436,46.5220714,6.6255983
4437,46.521938774999995,6.6257091
4438,46.522070275000004,6.625837875
4439,46.5221769,6.624082
4440,46.52243535,6.618987000000001
4441,46.52214225,6.625356
4442,46.521544,6.6251855
4443,46.52130098571429,6.625010357142856
4444,46.5354739,6.6479764
4445,46.5131455,6.629013
4446,46.5135439,6.6372522
4447,46.5422274,6.625193166666667
4448,46.5322333,6.6242149
4449,46.52815280000001,6.597564599999999
4450,46.5324699,6.6543536
4451,46.531305,6.6542584
4452,46.5254101,6.596982200000001
4453,46.5101539,6.6230432
4454,46.5173287,6.6286364
4455,46.5139934,6.6378508
4456,46.5142299,6.640632
4457,46.5142785,6.641565
4458,46.5150028,6.6402051
4459,46.5154527,6.6413503
4460,46.5165188,6.6372646500000005
4461,46.5157172,6.6442795
4462,46.5365809,6.6150166
4463,46.5357661,6.6173264
4464,46.5349842,6.6281905
4465,46.516348,6.626225
4466,46.5126616,6.6259437
4467,46.51164095,6.62651925
4468,46.5145879,6.6255341
4469,46.5149211,6.6247812
4470,46.5149637,6.6245645
4471,46.515002,6.6241394
4472,46.5151609,6.6240139
4473,46.5158205,6.62515
4474,46.5121678,6.6238844
4475,46.5119879,6.6226803
4476,46.5109843,6.6216492
4477,46.5125566,6.6219669
4478,46.5123764,6.6240743
4479,46.5136191,6.6207218
4480,46.5121723,6.6249485
4481,46.5092651,6.6257229
4482,46.5082485,6.6251254
4483,46.5120754,6.6248087
4484,46.51149185,6.6257388
4485,46.5112621,6.6255471
4486,46.5114379,6.6302283
4487,46.51126165,6.6305785
4488,46.5128721,6.6259323
4489,46.5097924,6.6297909
4490,46.50953663333333,6.629736
4491,46.5091002,6.6296537
4492,46.5102661,6.6275281
4493,46.5101506,6.6280603
4494,46.5114775,6.628978
4495,46.5156038,6.6318863
4496,46.5090707,6.6300985
4497,46.5087206,6.6293988
4498,46.5157832,6.6311968
4499,46.5159234,6.6299382
4500,46.515634166666665,6.6295145
4501,46.5158348,6.6296226
4502,46.515757,6.6293437
4503,46.516189,6.6274128
4504,46.5163483,6.6268414
4505,46.5162951,6.6226654
4506,46.5163082,6.6205824
4507,46.523691,6.6106299
4508,46.5237186,6.6109869
4509,46.5240983,6.608812
4510,46.5243476,6.6088968
4511,46.540408,6.6613682
4512,46.5398579,6.66142365
4513,46.5382648,6.6585044
4514,46.5382125,6.6579116
4515,46.5379883,6.6569741
4516,46.5380379,6.6562145
4517,46.53602655,6.6555883
4518,46.5340412,6.6614857
4519,46.5351298,6.6620532
4520,46.5354553,6.6621069
4521,46.535054,6.6613994000000005
4522,46.5357387,6.664222
4523,46.53532095,6.66806265
4524,46.5353878,6.6678429
4525,46.5352874,6.6677089
4526,46.5364501,6.6645038
4527,46.537529,6.6652465
4528,46.5380609,6.663685999999999
4529,46.5400701,6.6646997
4530,46.5401457,6.6645473
4531,46.53909405,6.6648397
4532,46.5394798,6.6649555
4533,46.5398137,6.6655231
4534,46.5390342,6.6660564
4535,46.5377789,6.6664637
4536,46.5398106,6.6673724
4537,46.5395341,6.6667521
4538,46.5392573,6.6664941
4539,46.53911590000001,6.667507100000003
4540,46.51134973333333,6.621919833333333
4541,46.5237661,6.6291383
4542,46.540568300000004,6.64708785
4543,46.5394817,6.6495016
4544,46.5361243,6.6624285
4545,46.524987,6.6276001
4546,46.523574,6.6267246
4547,46.5259655,6.6312902
4548,46.5143076,6.6494385
4549,46.52161868333333,6.6364472
4550,46.5149349,6.6427184
4551,46.5266559,6.6198787
4552,46.515609,6.6479414
4553,46.5254764,6.6206911
4554,46.5231681,6.633706
4555,46.5107209,6.637013
4556,46.5142768,6.6308224
4557,46.5198558,6.6351762
4558,46.5203383,6.6351598
4559,46.5239562,6.6357856
4560,46.5252285,6.638311
4561,46.5218897,6.6352086
4562,46.5294955,6.6240744
4563,46.5297124,6.6239691
4564,46.5291252,6.6251126
4565,46.530554,6.6215406
4566,46.5307799,6.6218879
4567,46.5342423,6.6308858
4568,46.5292188,6.628359
4569,46.2554343,6.0891681
4570,46.2218027,6.0318567
4571,46.2031603,6.0157313
4572,46.1954208,5.985331300000001
4573,46.529549785,6.6320054775
4574,46.5279208,6.63278725
4575,46.5263922,6.6333539
4576,46.5329773,6.449052
4577,46.5450376,6.4575967
4578,46.5338415,6.6267443
4579,46.5344362,6.633025800000001
4580,46.5454675,6.459792300000001
4581,46.5253586,6.6278602
4582,46.5276833,6.6105718
4583,46.52711225,6.612018300000001
4584,46.528039,6.6242944
4585,46.5362734,6.6098825
4586,46.54036860000001,6.607247200000001
4587,46.5254964,6.6341955
4588,46.5121419,6.604485
4589,46.4998182,6.5741493
4590,46.5248882,6.5925532
4591,46.5294434,6.6149022
4592,46.5344013,6.6350073
4593,46.5282896,6.6173981
4594,46.5830287,6.4377396
4595,46.4770401,6.5364834
4596,46.4530627,6.4807842
4597,46.4747024,6.5296368
4598,46.4970172,6.5376553
4599,46.5286772,6.5675518
4600,46.6197644,6.5337097
4601,46.6145439,6.5092269
4602,46.5244265,6.6335882
4603,46.5262755,6.6346591
4604,46.5220014,6.641002
4605,46.5182506,6.6319016
4606,46.5184559,6.6317623
4607,46.5242469,6.6060674
4608,46.51770955,6.6373745
4609,46.518098800000004,6.6294850499999995
4610,46.5159358,6.6435071
4611,46.5243271,6.6035941
4612,46.520595650000004,6.625284649999999
4613,46.5174348,6.6369937
4614,46.5169478,6.6434961
4615,46.5222659,6.6459156
4616,46.5276291,6.64738755
4617,46.5207692,6.6153522
4618,46.5249359,6.6052083
4619,46.51897,6.6330913
4620,46.5192671,6.6335285
4621,46.5194024,6.63357675
4622,46.5190948,6.6332756
4623,46.5185675,6.6269782
4624,46.5187609,6.6265867
4625,46.5178681,6.6386088
4626,46.5181713,6.6392515
4627,46.521663,6.6324293
4628,46.5369535,6.6329846
4629,46.5412052,6.6327396
4630,46.5330918,6.6311289
4631,46.5331551,6.6309575
4632,46.5196697,6.6121845
4633,46.52170835,6.6317125
4634,46.5201856,6.6071566
4635,46.5170735,6.6132345
4636,46.51924455,6.6394427
4637,46.5302399,6.6135207000000005
4638,46.51587055507246,6.625535310144927
4639,46.5166147,6.6119626
4640,46.5113033,6.6114597
4641,46.5265294,6.648958
4642,46.5343483,6.6112464
4643,46.5204795,6.6380247
4644,46.5337585,6.6187993
4645,46.5140124,6.6208324
4646,46.528464325,6.639129775000001
4647,46.52098256666667,6.630356366666667
4648,46.5221305,6.617791
4649,46.5268446,6.6384878
4650,46.5230036,6.6174547
4651,46.52279859880952,6.624384171428571
4652,46.5215563,6.5959691
4653,46.5310853,6.635421
4654,46.5207205,6.631345
4655,46.5238814,6.6265395
4656,46.5269928,6.6397342
4657,46.5355509,6.6344353
4658,46.5215517,6.6228993
4659,46.522283650000006,6.6204113
4660,46.53322035,6.63647235
4661,46.5250411,6.6214062
4662,46.5207285,6.6223246
4663,46.5233251,6.6259086
4664,46.52384,6.6259783
4665,46.5298888,6.6602375
4666,46.5406318,6.620390533333333
4667,46.5340538,6.6136644
4668,46.5329427,6.6136891
4669,46.5324693,6.6114024
4670,46.5318163,6.6121384
4671,46.529489,6.6528454
4672,46.5278986,6.6515086
4673,46.514831,6.6540254
4674,46.5145271,6.6268256
4675,46.5142553,6.6279436
4676,46.50934883333334,6.623663266666665
4677,46.5100639,6.6232558
4678,46.5397948,6.6228163
4679,46.5156379,6.643092
4680,46.5278095,6.6497278
4681,46.5328748,6.6485394
4682,46.5338934,6.6468414
4683,46.5136016,6.6265221
4684,46.5142039,6.6260648
4685,46.5125538,6.6264561
4686,46.51246005,6.62715345
4687,46.5100915,6.6264807
4688,46.5099868,6.6266037
4689,46.509098,6.6242505
4690,46.5091661,6.623907
4691,46.5374895,6.6569767
4692,46.52443684177215,6.62618655443038
4693,46.52324,6.6308466
4694,46.53288153333333,6.622585666666667
4695,46.5086034,6.6276933
4696,46.52334533333334,6.6265671
4697,46.5423714,6.6142475
4698,46.5377309,6.6646483
4699,46.53770993333333,6.664438166666667
4700,46.5398996,6.6600661500000005
4701,46.5175948,6.6262527
4702,46.5234797,6.6106871
4703,46.507473,6.6273914
4704,46.5146125,6.6482644
4705,46.52290451090908,6.637749956363636
4706,46.5257418,6.6206333
4707,46.5200324,6.6490498
4708,46.5246424,6.6368042
4709,46.5204857,6.6375168
4710,46.5266357,6.62230995
4711,46.510909,6.6359267
4712,46.5251541,6.6223576
4713,46.524434375,6.637132475
4714,46.51949658888888,6.637428383333333
4715,46.5112483,6.6369496
4716,46.5145276,6.6328301
4717,46.5218329,6.6360975
4718,46.727463299999975,6.896503800000001
4719,46.5151548,6.6113898
4720,46.5296148,6.630765
4721,46.5301168,6.6305572
4722,46.5290942,6.63232545
4723,46.5275677,6.6104385
4724,46.5248338,6.6134287
4725,46.5243408,6.628243
4726,46.5745948,6.6411655
4727,46.52726161666666,6.612495327777778
4728,46.5181569,6.602759
4729,46.5182388,6.6296292
4730,46.5405,6.6326179
4731,46.517694,6.6296005
4732,46.5187647,6.6243015
4733,46.52072745,6.6393819
4734,46.53442257142857,6.610264971428571
4735,46.5258925,6.6571078
4736,46.5302764,6.618175
4737,46.5207359,6.6306923
4738,46.5206359,6.62910354
4739,46.51715275,6.61599715
4740,46.5173058,6.6160816
4741,46.5164926,6.6126429
4742,46.5152134,6.6141055
4743,46.5196469,6.6333343
4744,46.5341774,6.6106422
4745,46.5139397,6.6133669
4746,46.5226971,6.602384
4747,46.5218599,6.6037913
4748,46.5342795,6.610530499999999
4749,46.5224012,6.6525293
4750,46.5196312,6.6320648
4751,46.5207114,6.63192415
4752,46.5246622,6.612596933333333
4753,46.5230035,6.6191163
4754,46.5131532,6.6055692
4755,46.51544825,6.60816215
4756,46.534479,6.6354881
4757,46.5260159,6.6384922
4758,46.53371856666666,6.644205200000001
4759,46.5203164,6.630669
4760,46.5226968,6.6252653
4761,46.5208439,6.6201987
4762,46.5231494,6.615706
4763,46.522146,6.62049435
4764,46.52268168333334,6.626903483333334
4765,46.5223955,6.6253808
4766,46.52215664375,6.626206625
4767,46.5221181,6.6266402
4768,46.526689000000005,6.609696850000001
4769,46.53491445,6.6345405
4770,46.5352058,6.6339812
4771,46.5407796,6.6414801
4772,46.5152145,6.6273723
4773,46.5355824,6.6237895
4774,46.5415376,6.6180278
4775,46.5264403,6.6524385
4776,46.51592758888889,6.6389532777777776
4777,46.5308033,6.6296883
4778,46.5334297,6.6279096
4779,46.54223606666667,6.6254262624999996
4780,46.5348044,6.6169178
4781,46.5332103,6.6610619
4782,46.5106749,6.6254717
4783,46.5143686,6.6266979
4784,46.5329308,6.627397166666667
4785,46.536046733333336,6.626017733333334
4786,46.54070026666667,6.620859733333333
4787,46.5288757,6.6049954
4788,46.5243587,6.6252973
4789,46.51027055,6.6284184
4790,46.5351205,6.6684743
4791,46.5233663,6.625005
4792,46.51340185,6.6257511
4793,46.506948,6.6269336
4794,46.5343025,6.6208314
4795,46.5236724,6.6303206
4796,46.5211914,6.6460119
4797,46.5373126,6.6646899
4798,46.53739156666666,6.665126233333333
4799,46.54376975,6.64670855
4800,46.5108012,6.62121665
4801,46.527429275,6.612263125
4802,46.5151489,6.62328
4803,46.5186103,6.6156645
4804,46.5249626,6.6202121
4805,46.5081554,6.6287905
4806,46.5441503,6.6459055
4807,46.525886,6.6295092
4808,46.52399690000001,6.633347933333333
4809,46.5293483,6.621406
4810,46.52098397777778,6.633737944444444
4811,46.5313762,6.621652699999999
4812,46.5118336,6.6388841
4813,46.5190291,6.6095791
4814,46.5232561,6.6354988
4815,46.528534,6.6219296
4816,46.5148821,6.6322833
4817,46.5111825,6.6366471
4818,46.51422033333333,6.6532414
4819,46.5245903,6.6361555
4820,46.5259682,6.6389386
4821,46.5136098,6.6501292
4822,46.48145079999999,6.634595099999999
4823,46.4942435,6.6658489
4824,47.675366800000006,5.253135499999999
4825,46.5262986,6.623333
4826,46.5181201,6.6452009
4827,46.519488,6.6492955
4828,46.5229301,6.6488236
4829,46.5258525,6.6507258
4830,46.5248936,6.6492163
4831,46.5245271,6.6491671
4832,46.5236929,6.6489769
4833,46.5203162,6.6480747
4834,46.5205375,6.6482476
4835,46.5204189,6.6484099
4836,46.519742,6.6508976
4837,46.5187085,6.651319
4838,46.5192167,6.6379314
4839,46.52815925,6.6160717
4840,46.52783225,6.6167876
4841,46.5289749,6.6200599
4842,46.5104432,6.6353519
4843,46.5143195,6.630631
4844,46.52558,6.6247973
4845,46.5312776,6.62851315
4846,46.51736813333334,6.642719100000001
4847,46.52382669090909,6.641332045454544
4848,46.52406347916667,6.606972249999999
4849,46.520158550000005,6.62861835
4850,46.5201017,6.6281983
4851,46.5183407,6.6321821
4852,46.5206358,6.6324846
4853,46.5171255,6.6397529
4854,46.5324815,6.6330832
4855,46.5323721,6.6471541
4856,46.5222198,6.6106029
4857,46.5174325,6.6381327
4858,46.5177668,6.6361726
4859,46.5180299,6.6333994
4860,46.5284923,6.6125087
4861,46.5240731,6.620726
4862,46.5325806,6.6313015
4863,46.540348,6.6334017
4864,46.52875350000001,6.5972684
4865,46.5318924,6.6475085
4866,46.5321555,6.6465113
4867,46.518583,6.6351153
4868,46.5218746,6.6411285
4869,46.5169896,6.6176391
4870,46.5169948,6.6174507
4871,46.5221258,6.6454916
4872,46.5170674,6.6158307
4873,46.5190692,6.6117959
4874,46.5192246,6.611826
4875,46.5195494,6.6082995
4876,46.5220588,6.6010238
4877,46.52218985,6.6016713
4878,46.5226532,6.600095
4879,46.5229438,6.6007288
4880,46.522812,6.60218765
4881,46.52923659999999,6.597656999999999
4882,46.5224358,6.6111569
4883,46.5222115,6.6111569
4884,46.521752,6.6111246
4885,46.5211958,6.6123299
4886,46.5209149,6.6416928
4887,46.5228915,6.647213
4888,46.5231963,6.6473677
4889,46.5248436,6.6486639
4890,46.5248729,6.6470534
4891,46.5249901,6.646471
4892,46.5298488,6.645759
4893,46.5246898,6.6475676
4894,46.5209332,6.6408029
4895,46.5238434,6.6409305
4896,46.5248023,6.6410364
4897,46.5244794,6.6415842
4898,46.5282895,6.6450718
4899,46.5210504,6.6425793
4900,46.5164262,6.6173824
4901,46.5166168,6.6135813
4902,46.5163876,6.6115327
4903,46.5197439,6.6097645
4904,46.5199734,6.606240100000001
4905,46.5182238,6.6316409
4906,46.5237649,6.6411131
4907,46.51686435,6.6158344
4908,46.5253052,6.6064211
4909,46.52122965,6.64134975
4910,46.5317795,6.646906
4911,46.517072,6.6400271
4912,46.521957400000005,6.63233405
4913,46.5333798,6.6299696
4914,46.5249303,6.6032523
4915,46.5206316,6.613146
4916,46.5372129,6.6148419
4917,46.5369587,6.6151563
4918,46.53438275,6.6169971
4919,46.5332969,6.6190655
4920,46.5266486,6.6215052
4921,46.5280353,6.6189577
4922,46.5209019,6.63778775
4923,46.5323268,6.6179744
4924,46.5185531,6.637502
4925,46.5189958,6.63381505
4926,46.5305622,6.6156061
4927,46.5313365,6.6138572
4928,46.5311903,6.6136772
4929,46.5168781,6.6219936
4930,46.5170377,6.6202178
4931,46.52520463548387,6.620562674193548
4932,46.52656496666666,6.608361666666667
4933,46.5374112,6.6347367
4934,46.51754992,6.63007978
4935,46.5210391,6.62863755
4936,46.521532,6.62870695
4937,46.52180734,6.628880799999999
4938,46.5214283,6.6265745
4939,46.52134863333333,6.6288867
4940,46.521656325,6.628234075
4941,46.52240615,6.627387049999999
4942,46.5563173,6.6790544
4943,46.56579245,6.69611715
4944,46.5660768,6.6960006
4945,46.56694725,6.698013700000001
4946,46.5677106,6.70045105
4947,46.5669457,6.702688
4948,46.5666317,6.7038361
4949,46.571221025,6.711963249999999
4950,46.562685183333336,6.686616999999999
4951,46.56313124545454,6.687084918181818
4952,46.5645817,6.692591500000001
4953,46.563598,6.69261592
4954,46.5606142,6.6964631
4955,46.559940016666665,6.696220816666667
4956,46.5587807,6.6975025666666665
4957,46.5557646,6.701550999999999
4958,46.5542442,6.6985424
4959,46.5543152,6.6972363
4960,46.5550727,6.6949646
4961,46.553617,6.6969096
4962,46.551345075,6.696096825000001
4963,46.5510326,6.69606305
4964,46.5504498,6.6959421
4965,46.5491985,6.6959879
4966,46.5492512625,6.692533025
4967,46.5516167,6.6950807
4968,46.5538951,6.69444215
4969,46.5567168,6.6874018
4970,46.55677195,6.68478875
4971,46.5450643,6.6854089
4972,46.54075345,6.6781859
4973,46.54049675,6.6779168
4974,46.5402183,6.6777717
4975,46.5398698,6.6774873
4976,46.53909865,6.6776812
4977,46.5387687,6.6803289
4978,46.54238455,6.6816902
4979,46.54065685,6.6835765
4980,46.54007828571428,6.682798485714286
4981,46.5403775,6.6828692
4982,46.54202685,6.6846217
4983,46.53677650000001,6.678027780000001
4984,46.53273605,6.667737000000001
4985,46.5735009,6.6159172
4986,46.57720555,6.60878875
4987,46.5789219,6.604601
4988,46.5805787,6.6047701
4989,46.572868150000005,6.6059649
4990,46.5727223,6.6067592
4991,46.56944875,6.6050993
4992,46.56452375,6.5935048
4993,46.5594859,6.588664033333333
4994,46.55939435,6.588459974999999
4995,46.5436363,6.63961855
4996,46.5178589,6.6266304
4997,46.5303413,6.6320211
4998,46.5263327,6.6096867
4999,46.5188665,6.5982986
5000,46.514144,6.5998956
5001,46.5196711,6.629119
5002,46.5573533,6.6796309
5003,46.5593169,6.6793548
5004,46.5641097,6.682213
5005,46.5609613,6.6816815
5006,46.56659245,6.6970908
5007,46.5673159,6.7015148
5008,46.5640376,6.6942121
5009,46.5540531,6.6991356500000006
5010,46.5530533,6.6936657
5011,46.5517624,6.6926068
5012,46.5543875,6.6882731
5013,46.5532889,6.6901914
5014,46.5495331,6.6899441
5015,46.5453706,6.6837538
5016,46.54279,6.6815242
5017,46.5397581,6.6773279
5018,46.5383695,6.6798697
5019,46.5381545,6.6805338
5020,46.540506,6.6833128
5021,46.5363929,6.6776151
5022,46.5802003,6.6045136
5023,46.5644893,6.5955533
5024,46.5267005,6.602967633333333
5025,46.5267909,6.6037252
5026,46.5210415,6.6178707
5027,46.5199833,6.6222421
5028,46.5218306,6.6266862
5029,46.5227105,6.5947598
5030,46.5257166,6.6375582
5031,46.5392182,6.6343204
5032,46.5259827,6.6003654
5033,46.5201442,6.6312502
5034,46.5216092,6.6230505
5035,46.5181719,6.6274763
5036,46.52075163333333,6.631581133333334
5037,46.5285063,6.5972285
5038,46.5171027,6.6348734
5039,46.516693,6.634287
5040,46.52347340000001,6.639844799999999
5041,46.51445245,6.64124765
5042,46.5160901,6.63959795
5043,46.5417155,6.6177342
5044,46.5418887,6.6180822
5045,46.5403963,6.62205475
5046,46.54067835,6.6245536000000005
5047,46.5330961,6.64866965
5048,46.5152652,6.625886
5049,46.5168773,6.6334137
5050,46.517003,6.6327055
5051,46.5144033,6.6357793
5052,46.5143545,6.6372949
5053,46.5158298,6.6397045
5054,46.51620995,6.639083100000001
5055,46.5331668,6.6255277
5056,46.5377007,6.6231531
5057,46.54070455,6.62258415
5058,46.5407192,6.6229436
5059,46.5406365,6.623435
5060,46.5408558,6.6251201
5061,46.5410142,6.6248738
5062,46.53946776666667,6.6226156
5063,46.5395206,6.623157150000001
5064,46.5395739,6.6238743
5065,46.53223705,6.627288
5066,46.53141337500001,6.630667225
5067,46.53355255,6.62805525
5068,46.53348365,6.6228374500000005
5069,46.5150698,6.6359518
5070,46.5169514,6.6318299
5071,46.5162546,6.6385232
5072,46.5412741,6.62153175
5073,46.5171321,6.6344279
5074,46.5173431,6.6320516
5075,46.5141527,6.6358111
5076,46.5142456,6.6281987
5077,46.52656932000001,6.631168499999999
5078,46.5069304,6.6246569
5079,46.5255587,6.6288335
5080,46.5236896,6.6265883
5081,46.52955583333334,6.6306082
5082,46.53170815,6.6288729
5083,46.5369891,6.621339
5084,46.537540250000006,6.6210386
5085,46.538193925,6.620578625
5086,46.53899565,6.619984049999999
5087,46.5392053,6.61961405
5088,46.5396227,6.6193033
5089,46.53953845,6.6183797250000005
5090,46.53961916666668,6.617979433333333
5091,46.53207325,6.6243601000000005
5092,46.5314909,6.6236741
5093,46.53061674999999,6.62444895
5094,46.5310009,6.625822
5095,46.5295311,6.6288281
5096,46.52299995,6.62844115
5097,46.52296775,6.6287581
5098,46.5229107,6.6289771
5099,46.5224708,6.6296592
5100,46.5227516,6.6300588
5101,46.5257078,6.6268577
5102,46.5253025,6.6258093
5103,46.5427259,6.6527907
5104,46.5238561,6.6267138
5105,46.52407730000001,6.6011851
5106,46.536540300000006,6.6196574
5107,46.5333621,6.618482500000001
5108,46.5061922,6.6366437
5109,46.50597059999999,6.6375287
5110,46.5087231,6.6280369
5111,46.5398587,6.6594149
5112,46.5399821,6.65976
5113,46.5491456,6.6584707
5114,46.57095650000001,6.6692783
5115,46.5280383,6.597598600000002
5116,46.5322716,6.6233982
5117,46.5324331,6.623326
5118,46.5325006,6.6226635
5119,46.5478609,6.62079
5120,46.5103071,6.6405483
5121,46.4999828,6.6614547
5122,46.44784789999999,6.722801599999999
5123,45.9737698,5.2310897
5124,46.0165191,5.2894094
5125,46.5232725,6.6322928
5126,46.5297525,6.6303047
5127,46.5255717,6.6253111
5128,46.527008,6.6230009
5129,46.50033099999999,6.245633800000002
5130,46.5234363,6.63232
5131,46.5235173,6.632619
5132,46.5234818,6.6329576
5133,46.5261953,6.6292809
5134,46.5244823,6.6308292
5135,46.5288257,6.630146
5136,46.5292873,6.6300479
5137,46.5357031,6.6190401
5138,46.5303101,6.6243763
5139,46.5310364,6.6263537
5140,46.5257361,6.6337909
5141,46.5214916,6.6392842
5142,46.5265392,6.626850400000002
5143,46.50939235,6.627704700000001
5144,46.5232028,6.609051766666667
5145,46.53564775,6.66316815
5146,46.52482469999999,6.6266995
5147,46.5125848,6.62464
5148,46.5380619,6.6582199
5149,46.4655318,6.530298700000001
5150,46.5211272,6.6338196
5151,46.5009262,6.6334846
5152,46.52452790000001,6.5952099
5153,46.5231103,6.6339551
5154,46.5212512,6.6350905
5155,46.5211913,6.6345041
5156,46.5229809,6.636054
5157,46.5247561,6.6360188
5158,46.5253511,6.636005150000001
5159,46.5205172,6.6352953
5160,46.5203512,6.6347597
5161,46.5291368,6.6245976
5162,46.5307502,6.6214495
5163,46.512235,6.6341304
5164,46.5108284,6.6320362
5165,46.5133546,6.6310553
5166,46.52892866666667,6.623977933333333
5167,46.5290051,6.6218161
5168,46.5289604,6.623681959999999
5169,46.5279664,6.6180368
5170,46.5171851,6.6480392
5171,46.52173354999999,6.6365557
5172,46.52173415,6.636328649999999
5173,46.521788,6.6368365
5174,46.5229956,6.6364576
5175,46.51327246666667,6.633280333333334
5176,46.5224314,6.6358585
5177,46.5369412,6.5484202
5178,46.5251577,6.618108
5179,46.49653,6.398587199999999
5180,46.5307671,6.6319896
5181,46.5275199,6.631744
5182,46.5247785,6.620102
5183,46.5254385,6.6188147
5184,46.5268093,6.6341719333333335
5185,46.58686,6.5964806
5186,46.5865501,6.596814899999999
5187,46.52767465,6.60853835
5188,46.5375883,6.599129400000002
5189,46.5272331,6.6137816
5190,46.3687329,6.6873346
5191,46.3754354,6.6664751
5192,46.358019,6.5801363
5193,46.3718558,6.5693136
5194,46.276486700000014,6.569455699999999
