cluster,centroid_lat,centroid_lon
0,46.52774678358135,6.653115197916667
1,46.52810561481481,6.654503336481481
2,46.52980959305555,6.656495555555555
3,46.52778996682508,6.597919596041035
4,46.53080985,6.65863105
5,46.531963091666675,6.659738741666666
6,46.53273767575758,6.660401168181818
7,46.53202263694445,6.65871152875
8,46.531554449999994,6.657209425
9,46.530858900000005,6.659773025
10,46.53063145729166,6.660118928125001
11,46.528595877777775,6.662320502777778
12,46.528450107142866,6.661414178571429
13,46.52842490227273,6.661108203030303
14,46.52841989,6.660071790000001
15,46.52795274861111,6.6585326125
16,46.52770864120001,6.6578048916
17,46.5263121,6.657615989999999
18,46.52538403055555,6.6566802874999995
19,46.52439167499999,6.658589326086957
20,46.52409565,6.657659483333333
21,46.523889518541665,6.656995317708333
22,46.52380922708333,6.656420483333333
23,46.523908739666666,6.655678629666666
24,46.52349219848485,6.655756526515151
25,46.52395215909091,6.654968481818182
26,46.52254316250001,6.657791945
27,46.52318395,6.6592472124999995
28,46.524092100000004,6.660945774999999
29,46.524164468611104,6.661519328194445
30,46.525505475,6.661230649999999
31,46.52551531666667,6.660913608333333
32,46.524866854545444,6.656794322727273
33,46.525849921428566,6.6562190785714295
34,46.5275373447619,6.655527011746032
35,46.52823037678571,6.655317440476191
36,46.52912281458333,6.656431966666666
37,46.52896444807691,6.65700374775641
38,46.5283594,6.6573848600000005
39,46.52660908749999,6.656315870833333
40,46.52622795166667,6.654222971666667
41,46.52625291942784,6.652952585551318
42,46.526058881527774,6.652333050694445
43,46.526123390833334,6.651821427499999
44,46.52869030033334,6.653064127333335
45,46.52971974807693,6.652556115384614
46,46.5306657610119,6.651329716815477
47,46.53293071,6.648752929999999
48,46.524952422569434,6.652519605902778
49,46.5248333792358,6.652915354744847
50,46.52426841605556,6.65238071738889
51,46.5241158060606,6.651795787878789
52,46.52431334629629,6.651210544444444
53,46.5227883076389,6.656493102083332
54,46.521943645,6.658566488333332
55,46.520586681944444,6.658002096296297
56,46.519135087500004,6.6561147187500005
57,46.51901659033333,6.6556813298333335
58,46.51912513333334,6.653783627777777
59,46.5177774524359,6.652978826923077
60,46.517335121666676,6.652683464166667
61,46.523012525,6.655674225
62,46.52246900954545,6.65561353909091
63,46.522918449166674,6.654606351666667
64,46.52328061583333,6.6539560133333335
65,46.52265315882352,6.65283701764706
66,46.52188604537037,6.652761688888888
67,46.5216895189394,6.652966849242426
68,46.52181056875,6.65350631875
69,46.52072988181818,6.655654536363636
70,46.52027220625,6.6551408875
71,46.52044396481481,6.654828342592593
72,46.520628025,6.6544873749999995
73,46.52082814999999,6.65422545
74,46.52533537320862,6.652089374875284
75,46.525185279411765,6.6497131000000005
76,46.524070568,6.649619205333334
77,46.52350220448719,6.6492072248717955
78,46.521937734259254,6.647065533333333
79,46.521425121296296,6.64590705462963
80,46.52137158584548,6.644801996144901
81,46.52046404026456,6.6444152153439155
82,46.5199483125,6.6453386624999995
83,46.51970252857143,6.645746700000001
84,46.51868603214285,6.647295996428572
85,46.518032931481486,6.64693535
86,46.51778025,6.646372435185186
87,46.51760565453704,6.645990862870371
88,46.51716100238095,6.645697441269841
89,46.516836375,6.646623131249999
90,46.516783435833325,6.647045309166667
91,46.51728669333333,6.6473904925
92,46.51702963333333,6.6479152500000005
93,46.51840704666667,6.649916866666667
94,46.51815985531136,6.649634993406594
95,46.51816371666666,6.649234861111111
96,46.51879026,6.648330679999999
97,46.519104690000006,6.649076438333333
98,46.5193494,6.6493972
99,46.52102396223085,6.647461837805385
100,46.52136628145503,6.646748890185185
101,46.521781858333334,6.6491019399999995
102,46.52161805714286,6.649735878571429
103,46.5217949125,6.648586653125
104,46.521270624242426,6.64823528560606
105,46.520629321499996,6.648560092833334
106,46.52004739966666,6.650181887555557
107,46.51978342166667,6.651281903333333
108,46.51945001666667,6.651428045833332
109,46.51896323515152,6.651606091515151
110,46.517974849999995,6.652231816666667
111,46.517022819696976,6.652011333333333
112,46.51678775208333,6.652231935416666
113,46.51642522369444,6.652412702166667
114,46.51583623789683,6.652941578240741
115,46.51528875185185,6.653141462037037
116,46.51441186346154,6.653571512179487
117,46.51452650984848,6.651740673484849
118,46.51479926153846,6.652008584615384
119,46.514786367499994,6.652708413333333
120,46.51535291277778,6.649520717575757
121,46.515281908214284,6.648313617939561
122,46.51520954266667,6.647581500333333
123,46.51471740916667,6.6450834174999995
124,46.51459067098039,6.644691342941177
125,46.513939049242424,6.644338054545454
126,46.51322666363637,6.64472310909091
127,46.51289190888889,6.645263986689816
128,46.51380771666666,6.644944916666667
129,46.513753595833336,6.645663362500001
130,46.51360336651515,6.646429275303031
131,46.513890403888894,6.6477277279629625
132,46.51332358634616,6.648918547500001
133,46.51670390247024,6.647795003154762
134,46.516609000694444,6.6489505229166666
135,46.5221763,6.6110552
136,46.52160301212121,6.6119849939393935
137,46.52145321875,6.612363052083334
138,46.52134787083333,6.612711147500001
139,46.52077198282051,6.611655615238094
140,46.52080344819444,6.610932722204861
141,46.5209692,6.6106502
142,46.52060442222222,6.610194461111111
143,46.520973,6.6103987
144,46.521386356250005,6.60976673125
145,46.5213267,6.6091525
146,46.52150809308488,6.609169763188405
147,46.52175023883333,6.6082833361111115
148,46.52185211254762,6.607911234357144
149,46.5225948,6.6074547
150,46.5240289525641,6.606733594230769
151,46.52421349,6.605543710000001
152,46.5251874,6.606701576666666
153,46.52467695059655,6.605366746192332
154,46.5245435,6.605027
155,46.524387708333336,6.604787458333334
156,46.52539196577778,6.604093520777777
157,46.5252636,6.6044974
158,46.523359140833335,6.604620299999999
159,46.521563519047625,6.603919757142856
160,46.52299848166667,6.605462645
161,46.52322330476189,6.6064949761904765
162,46.522841155,6.607275073333334
163,46.52204131111111,6.606654679166666
164,46.52142404074075,6.606261374074074
165,46.52075862142857,6.607110458730158
166,46.52041407348485,6.608011929166666
167,46.520144540000004,6.608771620000001
168,46.5195928,6.611086
169,46.52091604821429,6.6136875619047615
170,46.52095383755412,6.614116136839827
171,46.520941595833335,6.615183520833334
172,46.52093982685185,6.6156052314814815
173,46.51953965,6.6172189
174,46.52003344166667,6.61613947651515
175,46.51994860909091,6.61539823409091
176,46.52027,6.6143327
177,46.52039512269231,6.614003911923077
178,46.5205812,6.6138337
179,46.51870486222222,6.614945542222221
180,46.51971387666667,6.616864509999999
181,46.518957078571425,6.6280955
182,46.52158998000001,6.635224774444445
183,46.51685791168155,6.608057209337797
184,46.51697489027777,6.605577413888889
185,46.51670148210679,6.610184862049063
186,46.516466859722215,6.6111148972222225
187,46.516080859027774,6.610055123611111
188,46.51494342833333,6.612612369999999
189,46.515157411666664,6.6127577375
190,46.516015598655926,6.613391497043011
191,46.51598035000001,6.61396955
192,46.51572995384568,6.614910928833333
193,46.515509515285714,6.61628167457143
194,46.51488006875,6.618867671875
195,46.5138157425,6.61817401
196,46.51279808762346,6.616114003703704
197,46.51246830763887,6.6170498052777775
198,46.51411584827381,6.617736418452381
199,46.514545527681165,6.616421736376812
200,46.51496461363636,6.614735995454546
201,46.515086971875,6.6142851578125
202,46.51514185833333,6.613949097916667
203,46.51416586602564,6.6155313679487175
204,46.51381049761905,6.616118697619048
205,46.513434831249995,6.617377525
206,46.51469674999999,6.619343029166667
207,46.515526432692305,6.616795694230769
208,46.51554605636363,6.615957440303031
209,46.51634713077779,6.612977168333335
210,46.51665354,6.6116882875
211,46.517112156818186,6.6126130772727265
212,46.51678834880952,6.61682933720238
213,46.51617652037037,6.620117609259259
214,46.51598409166667,6.6204242833333335
215,46.51577071,6.621993400000001
216,46.51580823571429,6.6224709142857145
217,46.5164648537037,6.623848951851851
218,46.516451412500004,6.625466980555555
219,46.51636536458333,6.626015215972223
220,46.51608433854167,6.625873116666667
221,46.51577472119048,6.62567305952381
222,46.515500828125,6.6254480125
223,46.515537783333336,6.624048041666666
224,46.516542040000004,6.6229277625
225,46.51648080666668,6.621932925416667
226,46.51660872339744,6.620008918269232
227,46.516736089761906,6.61936189952381
228,46.51669473845833,6.617940898208333
229,46.518583084801584,6.616249251150794
230,46.5189342875,6.6165804875
231,46.518980802119046,6.617804087142858
232,46.51828376666667,6.619105941666667
233,46.518080125,6.617483773666667
234,46.517657057698415,6.616643742777778
235,46.51719594969697,6.6163126471212115
236,46.517099335185186,6.615039459259259
237,46.51536911300866,6.61981068409091
238,46.51553285833333,6.619176571969697
239,46.51612895757576,6.61835328030303
240,46.515417712738085,6.618034726468254
241,46.51652731281386,6.614288564166668
242,46.516750760119045,6.615435029761905
243,46.51628270578102,6.617016858820344
244,46.5264035624074,6.58994935537037
245,46.52450267673942,6.589020251160712
246,46.522453891666665,6.5952505
247,46.52105201333333,6.594568274166667
248,46.51999806515152,6.596004295454546
249,46.520081265625,6.597683884375
250,46.5207612125,6.597118655
251,46.52056256666666,6.597776491666667
252,46.51904151777777,6.599293167037037
253,46.519081709999995,6.597513066666667
254,46.51308848833333,6.6066133958333335
255,46.513195095833325,6.6054456791666665
256,46.51247763809524,6.60411700952381
257,46.5174276037037,6.594385294444445
258,46.518355144000004,6.592897138333333
259,46.52206641541311,6.601436370826211
260,46.522717571428565,6.6003623285714275
261,46.52313368104167,6.60091184703125
262,46.53235474666667,6.6228150800000005
263,46.531672935625004,6.624305202648809
264,46.53156713397436,6.623151949358974
265,46.530753168181825,6.625453563636364
266,46.530313383583966,6.625150419924813
267,46.52983515585951,6.627663580297943
268,46.52975970925926,6.628054955555556
269,46.52897620833334,6.629374269444445
270,46.528682745833336,6.62989122
271,46.52962923518518,6.629699738333334
272,46.52937388611112,6.629451197222222
273,46.52808345984849,6.62797608939394
274,46.52821859,6.6276339575000005
275,46.52838450694444,6.6274093388888895
276,46.52943942115385,6.627552516025643
277,46.52918424444445,6.6281031555555545
278,46.5288839725,6.628693029166667
279,46.52796721479498,6.6292101688359795
280,46.52731282857143,6.629434757142858
281,46.52707617948718,6.630035185064102
282,46.52683133333333,6.630429341666667
283,46.53055429858586,6.628964175353534
284,46.53020827222222,6.62858949074074
285,46.53062859166667,6.6275689416666665
286,46.53103059722222,6.627983115277778
287,46.535134851598634,6.627504417993197
288,46.533983356481485,6.625459101851852
289,46.53395301,6.62479759
290,46.53733932939394,6.624883050606061
291,46.537754675,6.624751399999999
292,46.538337475,6.625495975
293,46.538385966666674,6.625900666666666
294,46.53857321071429,6.627259807142857
295,46.53902267777778,6.627976377777777
296,46.5392134060606,6.628286066666667
297,46.538983916666666,6.625030566666666
298,46.53933587777777,6.6244248373015875
299,46.540192092535015,6.623989073865546
300,46.54050271500001,6.624612249166667
301,46.54027764761905,6.6251284761904765
302,46.536795233333336,6.621226821875
303,46.537775123809524,6.620029953571429
304,46.534923838888886,6.620644855555555
305,46.534653925,6.6206392874999995
306,46.534924546296295,6.616796009259259
307,46.535434727777776,6.616275027777778
308,46.53584050963541,6.616017527604167
309,46.5377377,6.6144228
310,46.537692012499996,6.614129616666666
311,46.5390583,6.6128712
312,46.53900875833333,6.612337521666667
313,46.53974305954546,6.612324017272727
314,46.54168868468924,6.612119459768862
315,46.539464444444434,6.612371280555556
316,46.53458470909091,6.616760095454544
317,46.53359178318841,6.61894713862319
318,46.53299150714285,6.619020192857143
319,46.53284672878788,6.617259719696969
320,46.53356259666666,6.61640414
321,46.534297953947366,6.615801460401004
322,46.53498841019608,6.615185769411766
323,46.53541332314815,6.614833634259259
324,46.53612868636364,6.6140978
325,46.53652571083333,6.613798355
326,46.53678191916666,6.613379065555556
327,46.532429871428576,6.617982935714285
328,46.529627994932426,6.6203764221975545
329,46.529257092424245,6.621046560606061
330,46.528535725,6.622466070833333
331,46.52797803333333,6.623793333333334
332,46.52741775902778,6.624002551388888
333,46.5267091125641,6.62337940397436
334,46.529368837884604,6.625148252179487
335,46.53053460674602,6.621833512698414
336,46.530253442857145,6.622230535714286
337,46.529960716666665,6.622098633333333
338,46.530156006666665,6.621148417777778
339,46.52938527037037,6.621845612962962
340,46.53013258095238,6.618918690476192
341,46.52983560757577,6.619105234848485
342,46.52950404289474,6.619301999999999
343,46.52872673421052,6.6202086382456145
344,46.52864936642857,6.620856377792207
345,46.52817859883333,6.620944954333334
346,46.52793041411765,6.621254860392157
347,46.52755545769231,6.621746001923077
348,46.52663877708333,6.622590633333334
349,46.52594143260034,6.62380863226132
350,46.52532261153846,6.6249551903846156
351,46.53259048402777,6.619194770138889
352,46.532984448484854,6.619950743181818
353,46.53341333703703,6.620482875925926
354,46.532990023461544,6.622342493846154
355,46.53446482333333,6.620635072222222
356,46.53279655486932,6.631240679602273
357,46.53228121805555,6.632099668055556
358,46.53351106666667,6.633435128787879
359,46.5370202075,6.633707257500001
360,46.53857192666666,6.633818528214286
361,46.53960574907408,6.6335971231481485
362,46.540763146451624,6.633313636344085
363,46.5412746625,6.6332448500000005
364,46.54170428833334,6.633000959464285
365,46.53799394145833,6.6338376483333334
366,46.53581653472222,6.633302641666667
367,46.53490256833333,6.633328981666667
368,46.53481228611111,6.632764438888889
369,46.53509044545455,6.63253586060606
370,46.5356093875,6.6322400975
371,46.53502388636364,6.631768463636363
372,46.533514495438595,6.632551622163743
373,46.532875849999996,6.632687
374,46.53414230238095,6.632541904761905
375,46.534476275,6.632546424166667
376,46.536649511060595,6.632506341363637
377,46.52212435,6.62573245
378,46.522488298111654,6.626148871247948
379,46.522163783504965,6.627028324676613
380,46.52117613606413,6.629299790249647
381,46.5213148,6.6289626
382,46.521361541173185,6.628146409655045
383,46.52143681016615,6.627722088981424
384,46.52051443331949,6.630551824801588
385,46.52052291239903,6.631709641856331
386,46.52078976,6.632663474999999
387,46.52091124182713,6.635011055194517
388,46.52176379761905,6.637071883333334
389,46.52313196843137,6.637611180098039
390,46.524249960000006,6.636907579999999
391,46.52238524986075,6.637118132281008
392,46.52105672594444,6.636431736222223
393,46.52122131992564,6.632323912944886
394,46.52103380975335,6.6331818237161535
395,46.52054891309525,6.62934231456044
396,46.520696277878784,6.628531507878788
397,46.52116696633683,6.626571278129508
398,46.521351985097404,6.625521382900433
399,46.52154025624237,6.624696086025086
400,46.52235691428571,6.6242193857142855
401,46.52126183433635,6.622418379924586
402,46.51980496666667,6.62291695
403,46.519564957142855,6.623456585714286
404,46.51861757351192,6.625725967559523
405,46.51876645357144,6.624106242857143
406,46.51862004666667,6.62457088
407,46.51842460461538,6.625085473333333
408,46.51838153807693,6.626347731239317
409,46.51809574428315,6.627092775161289
410,46.517761135606065,6.6279346931818175
411,46.51922488560606,6.62440934
412,46.52048197520285,6.6243277497681685
413,46.52168541935168,6.616487301265204
414,46.522272684722225,6.616114156249999
415,46.52227516212121,6.617134563636363
416,46.52231736666666,6.617750633333333
417,46.522628909999995,6.6182917
418,46.523021760714286,6.618909522222222
419,46.52256342726191,6.628185407172619
420,46.52158965,6.63307075
421,46.521833345575395,6.633635820972223
422,46.521988122962966,6.63294453962963
423,46.52280168468255,6.632506042857144
424,46.522314770115905,6.6329772739344195
425,46.522197618560604,6.632234121098484
426,46.51996319685829,6.636025983410577
427,46.52029008335858,6.634235278712121
428,46.52145287365646,6.631322208214285
429,46.520348194444445,6.625784327777779
430,46.51912728344763,6.631550564077173
431,46.51839761428572,6.632603507142858
432,46.5180016,6.6333166
433,46.517993450000006,6.63390665
434,46.517750421562496,6.635854348854167
435,46.51737586611998,6.636942291896688
436,46.51694990361111,6.635239165740741
437,46.51734661739131,6.63456087268116
438,46.51767449798753,6.633488121428572
439,46.517046695714285,6.632998430610119
440,46.51712513061728,6.631946829074074
441,46.517378258771934,6.631526854385965
442,46.5172944,6.6303965
443,46.5180191,6.6293752
444,46.51610770482456,6.636481950438596
445,46.5181965,6.634507
446,46.51805026845238,6.634288944761906
447,46.5186825,6.6334593
448,46.51860056258347,6.632433797767958
449,46.5182218,6.63150135
450,46.51815209583334,6.6304936325
451,46.51777818333333,6.6304617766666665
452,46.518391332820514,6.628427618846152
453,46.51856435,6.627855377777778
454,46.51875924348958,6.627255833072917
455,46.51893735694444,6.626654062499999
456,46.51902971111111,6.625944763888889
457,46.519389600000004,6.623246300000001
458,46.51927331388888,6.622971040277778
459,46.51911484930556,6.622459097916667
460,46.51899148458333,6.621569490833333
461,46.51980898269231,6.6214294910256415
462,46.51861854461538,6.636912784615384
463,46.51765608049383,6.638946368518519
464,46.517357331599996,6.6393745656
465,46.51804169846939,6.640552800680271
466,46.518136672849465,6.638354342204301
467,46.51741940601852,6.6378749462962965
468,46.515264987037035,6.635841735185185
469,46.515430174166674,6.6354067125
470,46.515525725,6.634488069444444
471,46.516327458854164,6.6342152899479165
472,46.51630460285714,6.635087462142857
473,46.514711420740745,6.634851232592593
474,46.514476,6.6351717
475,46.51444516666667,6.635529699999999
476,46.5140639,6.63582985
477,46.514285809903875,6.636303687768076
478,46.514315678125,6.637571217708333
479,46.5147191,6.6381227
480,46.51389225968254,6.638122830317459
481,46.514291125,6.638928225
482,46.51402182802468,6.639931829320989
483,46.51399255185186,6.6410052037037035
484,46.51430488021978,6.642328576373627
485,46.51428405166667,6.6413071016666665
486,46.514377004761904,6.640907463095238
487,46.51445406666667,6.640632833333334
488,46.5158545575,6.640784992083333
489,46.51696509624186,6.642214803780897
490,46.51742315642856,6.642791809358974
491,46.51488332420635,6.640632833333334
492,46.51493238095238,6.639617438095238
493,46.51513588095238,6.639252742857141
494,46.515517358000004,6.638685667499999
495,46.515941348404766,6.639260581658731
496,46.515845033333335,6.638809480729167
497,46.5152681,6.6377017
498,46.515067007604166,6.637273547447917
499,46.51601871478261,6.637281147173913
500,46.51672808257576,6.639158696212121
501,46.51685514781905,6.640553175152381
502,46.51587460642858,6.642920107095238
503,46.515647691828704,6.643758150178572
504,46.5157107,6.645533333333334
505,46.51605296333333,6.645560054761904
506,46.51619074074074,6.645150518518518
507,46.51644662085713,6.644714497142858
508,46.5185182,6.6420695
509,46.517606766111115,6.643428972222222
510,46.517179955,6.643920525
511,46.516691300000005,6.6445942
512,46.51658786296296,6.641374540740741
513,46.5196345837963,6.631422862037037
514,46.51973038888889,6.630240375
515,46.52340103532408,6.620099785
516,46.523812496874996,6.618483795833333
517,46.523949435,6.617940944999999
518,46.5284059,6.5966776
519,46.52819824846591,6.596424012873376
520,46.520732126666665,6.643877485
521,46.51931969166666,6.646355425
522,46.516912934848484,6.646299396969696
523,46.518535766666666,6.647721933333333
524,46.51830246875,6.64460419375
525,46.517605406250006,6.644071770833333
526,46.517464840401786,6.644559196800595
527,46.51728338750001,6.645126506249999
528,46.51979765714286,6.649499742857144
529,46.520150702083335,6.649182470833334
530,46.52039151666668,6.6489725844444445
531,46.520767146153844,6.6481129
532,46.52037609761904,6.649303059523809
533,46.51858348653846,6.652036406410256
534,46.515119024166665,6.650340976999999
535,46.515886078571434,6.647403721428572
536,46.516514498666666,6.649532980333333
537,46.51717575833334,6.651076775000001
538,46.517398831818184,6.6512921893939385
539,46.515115785714286,6.646354078571429
540,46.5138301,6.645418
541,46.513796858333336,6.647062125
542,46.513335812068966,6.650521826264368
543,46.51338992986112,6.646817183333333
544,46.51399476458333,6.648894297916667
545,46.514277270500536,6.648187496490199
546,46.51466419403509,6.6489974877192966
547,46.514201067045455,6.6497337780303045
548,46.51462445530303,6.650070046212122
549,46.5144991,6.6522314
550,46.53267658060606,6.633197969393939
551,46.53290172,6.633369585
552,46.535251252777776,6.6333602916666665
553,46.53652702037037,6.633494012962963
554,46.53737008750001,6.633781496166668
555,46.54011600151515,6.6334699318181825
556,46.53765791071429,6.633796207142857
557,46.53707729243698,6.6332093043417375
558,46.53971322222222,6.633061121111111
559,46.5401355,6.6326775
560,46.54050050833333,6.6324092396875
561,46.54099474768518,6.631322323611111
562,46.54472238,6.627713
563,46.54029668571429,6.631605371428571
564,46.539901525,6.631559576190477
565,46.539461227000004,6.631591775666666
566,46.53898027,6.631605688484848
567,46.53905022222222,6.630443717777778
568,46.538521642307686,6.631950439102564
569,46.53792391098413,6.632168427539682
570,46.536190956666665,6.632495428333333
571,46.53558521111111,6.632867966666668
572,46.53128899285714,6.623394314285713
573,46.536317249999996,6.619479699999999
574,46.536953928787874,6.618814491161616
575,46.536826972916664,6.61801305
576,46.53633402611111,6.618754655555555
577,46.53541020104167,6.62046305625
578,46.53729338559524,6.620845832023809
579,46.53838233923078,6.619162830000001
580,46.539173735000006,6.6181401016666666
581,46.5340108625,6.6202959625
582,46.53646562708333,6.616064075000001
583,46.535900194999996,6.616466585
584,46.537937874074075,6.61348274074074
585,46.538758323496246,6.612782165977443
586,46.540556349999996,6.61230825
587,46.532747996153844,6.618587511538461
588,46.507130595238095,6.624420671428571
589,46.50911307666668,6.618369103333333
590,46.50977736666667,6.6176653354166675
591,46.54017598796297,6.625926642592592
592,46.539655970512825,6.622991655128205
593,46.53966356595238,6.622366211071429
594,46.54048373636363,6.621900290909091
595,46.540768137117354,6.62129599417517
596,46.5411435825,6.621561961666666
597,46.54095111916668,6.62238092
598,46.54102964258242,6.623145037637362
599,46.541079675,6.623601286111111
600,46.54113304074073,6.62393565
601,46.541205245166665,6.624447461
602,46.5413136187037,6.624759506111111
603,46.53803271428571,6.623029557142857
604,46.53889946742424,6.621732410000001
605,46.539524001515154,6.62130253030303
606,46.5422821962963,6.621866342592593
607,46.542387382962964,6.622350714444445
608,46.54284416833333,6.6230418150000006
609,46.54276123170401,6.624432062586368
610,46.53445671875,6.631789599999999
611,46.54168044,6.618118165185184
612,46.535955533333336,6.614345572222223
613,46.53635898,6.613922306666666
614,46.530171636666665,6.619469579166666
615,46.52869336742424,6.622088886363636
616,46.53094746363637,6.62124958939394
617,46.53217674347223,6.618579266388888
618,46.525156202395834,6.6363825946874995
619,46.52459656666667,6.636562266666666
620,46.5216285,6.6229399
621,46.51729613194445,6.630134808333334
622,46.51779687833333,6.629211343055556
623,46.517644350000005,6.628256066666666
624,46.51901502619047,6.6207696714285715
625,46.51910169375,6.62040428125
626,46.521680654122804,6.634281963947369
627,46.52180935,6.631862750000001
628,46.520010571428564,6.627585240476189
629,46.518763519047624,6.631418504761904
630,46.51820109827694,6.633628950845864
631,46.51785708166666,6.63511216
632,46.518573823804346,6.633047236594204
633,46.51800188266667,6.631694324333334
634,46.51809051060606,6.631329720454545
635,46.51823786363636,6.628978013636364
636,46.5232559875,6.6215479875
637,46.523033275,6.6155047499999995
638,46.5222667,6.6158479
639,46.52140267380953,6.616539561904761
640,46.518261376666665,6.636778838333333
641,46.51851015,6.64071135
642,46.51845542604167,6.641846642708333
643,46.515543395,6.635135340000001
644,46.51392980707982,6.637378060945378
645,46.514487621875,6.6381016187499995
646,46.5143974225,6.638442172916667
647,46.513687913333335,6.6388771591666655
648,46.51425184333333,6.6417494
649,46.51468081410257,6.63998996923077
650,46.516231383333334,6.641106925000001
651,46.51556947500001,6.6410948083333325
652,46.51532279875,6.638975062083333
653,46.51558869158729,6.639280838968254
654,46.515463867083334,6.637839372395833
655,46.515472,6.6370316
656,46.515576805555554,6.6447730638888896
657,46.515634954166664,6.645133314583333
658,46.51592944285714,6.646361354761906
659,46.51596002142857,6.645900061904762
660,46.517422384374996,6.643685442708334
661,46.51675662057143,6.644285830039682
662,46.50766960289671,6.629147191633379
663,46.540063244230765,6.622108998076923
664,46.532874195,6.6483707954166675
665,46.532212216666665,6.650075316666666
666,46.531905939999994,6.650201419999999
667,46.53087388125,6.65093493125
668,46.53014477083334,6.652031485416667
669,46.52709214469697,6.6517910537878775
670,46.52787681111111,6.653968438888889
671,46.52961506666667,6.655769599999999
672,46.53029595,6.656770175
673,46.53120175625,6.6565483812499995
674,46.53058005625,6.658175143749999
675,46.53180729523809,6.657617342857144
676,46.530985188888884,6.657633896296296
677,46.53029508333333,6.660660916666667
678,46.53011335,6.660984485714286
679,46.52948935,6.6609979500000005
680,46.529466630555554,6.660216547222222
681,46.528865717361114,6.660272625694444
682,46.52418580267857,6.653174872172619
683,46.523892200000006,6.6517038500000005
684,46.52399438571429,6.65394472857143
685,46.52238683712122,6.658374391666668
686,46.522346199999994,6.6587665
687,46.52226375,6.65938674
688,46.52208093571428,6.6600315809523805
689,46.52153666807018,6.657537213157894
690,46.5190332,6.6564822999999995
691,46.518540050000006,6.653228425
692,46.518398344999994,6.653508309999999
693,46.52504391666667,6.66049615
694,46.52307240416667,6.655328149999999
695,46.522282508333326,6.655951625
696,46.52245008511904,6.654737476587301
697,46.52314464814815,6.6535178111111115
698,46.52220616666667,6.652026524999999
699,46.520534875,6.656235580555555
700,46.520450399999994,6.656905566666666
701,46.523543855,6.654691410000001
702,46.52446525,6.6496590125
703,46.52314032105264,6.648731639122808
704,46.5182934,6.64838234
705,46.52184734,6.647810340000001
706,46.51449224916667,6.652477304166668
707,46.51579903333333,6.6481746500000005
708,46.51522224285714,6.646973142857143
709,46.51490192,6.64570386
710,46.51350855625,6.64437829375
711,46.51465850625,6.650772275
712,46.51520649801588,6.642541864285715
713,46.51473847222222,6.643458316666666
714,46.52201699718254,6.610733894821428
715,46.52119049666667,6.613126410000001
716,46.52044633183333,6.610462876
717,46.521230485,6.610482555606061
718,46.52252975555555,6.607923580555556
719,46.5227646,6.607779949999999
720,46.520096338650795,6.614125645873016
721,46.51831515,6.61474415
722,46.51904897857143,6.615130299999999
723,46.52223671666667,6.6342369605158735
724,46.52036789900001,6.6129770735
725,46.519418179545454,6.610347629545456
726,46.51928725490197,6.609581742156863
727,46.519573909259265,6.608830335185186
728,46.520103428333336,6.60780235
729,46.51945091666667,6.60811981875
730,46.51930323571428,6.6085242214285715
731,46.51751510555555,6.606291042592592
732,46.5177199,6.606594338888889
733,46.51787175833333,6.606820145833333
734,46.51841698,6.60764015
735,46.518947875,6.60869705
736,46.51910266333333,6.609137188333333
737,46.51924180714286,6.6124401428571415
738,46.517889080555555,6.613384040277777
739,46.518137846354165,6.612577422395833
740,46.5180496,6.6101613875
741,46.51771445083334,6.611072013333333
742,46.51759147306398,6.611450475925927
743,46.516889416759255,6.609503687777778
744,46.51684103166666,6.607160645
745,46.51664,6.6108147375
746,46.516181110714285,6.6096233571428575
747,46.513351927083335,6.617723866666667
748,46.51627760416667,6.605579780833334
749,46.514863880555545,6.609659672222222
750,46.51200770625,6.609495103125
751,46.51412041388889,6.599969416666667
752,46.52839098644095,6.598300144325911
753,46.516107366666674,6.624666921111111
754,46.51572318833333,6.624390311666668
755,46.515292433333336,6.623459466666667
756,46.51674257727273,6.617364872727271
757,46.51898390833333,6.617117779166667
758,46.51839270277777,6.618265828174603
759,46.5170129,6.6152602
760,46.515668675757574,6.620646163636363
761,46.51572491785714,6.618677008333334
762,46.51499108571429,6.616707464682541
763,46.51373497916667,6.61423935
764,46.51378146111111,6.613520522222222
765,46.51908367556207,6.636790554313296
766,46.53078339444445,6.623692538888889
767,46.529320936853004,6.628809942080746
768,46.528406145000005,6.628519681666665
769,46.52962035740741,6.627100035185184
770,46.5306531,6.6291994
771,46.5289509,6.6275977
772,46.533037590000006,6.627572175555555
773,46.53356519166667,6.6276167625
774,46.53466585316667,6.6266597056666665
775,46.535810345,6.6255397425
776,46.538690800000005,6.6257722
777,46.540093133333336,6.625514141666666
778,46.540467725000006,6.623779783333333
779,46.541591598958334,6.621378547916667
780,46.54097887142858,6.62273329047619
781,46.53981842115384,6.623747548076922
782,46.538249401388896,6.623417831944444
783,46.53829591574074,6.622719780555556
784,46.54315875952381,6.623655807142858
785,46.54395887121212,6.623846390909091
786,46.54478629166667,6.620450424999999
787,46.5420906,6.6196089
788,46.5360364875,6.621349022916667
789,46.53901906428572,6.618364916666667
790,46.53939901145833,6.617691426041667
791,46.5372828,6.6179142
792,46.53726188571428,6.614577392857142
793,46.53460258333334,6.6154893
794,46.535760573333334,6.614452699999999
795,46.52828529090909,6.623147245454546
796,46.53104598380952,6.621885464761904
797,46.52973603165002,6.621879732306028
798,46.5328655,6.6304868
799,46.5327833,6.6306376
800,46.54127643640351,6.63243173245614
801,46.54096656875,6.63264298125
802,46.508444233333336,6.6175168666666675
803,46.52054742222222,6.622467583333334
804,46.516879299479164,6.635945906770834
805,46.521637375000005,6.630099757471265
806,46.5202363,6.6304814
807,46.5202837,6.631576
808,46.52129035,6.63395935
809,46.52169828888889,6.633286461111111
810,46.5213687,6.6307693
811,46.51849694125001,6.63074662875
812,46.51816993333333,6.630937666666667
813,46.5222031,6.6180826999999995
814,46.52219931333333,6.618843953333334
815,46.52217735916666,6.620125069166667
816,46.51427803125,6.635669131249999
817,46.515133631249995,6.64003156875
818,46.5152889875,6.640183950000001
819,46.51648003983333,6.638271706333333
820,46.5170521,6.6402529
821,46.5178335,6.6433748
822,46.51582114848485,6.644639578030304
823,46.53136500000001,6.650461920000001
824,46.526649218749995,6.65115643125
825,46.53133329583333,6.657391011666666
826,46.531222721875,6.65921605625
827,46.5310069,6.6596833
828,46.5288786,6.6626657
829,46.52470215,6.657374557142858
830,46.5250272425,6.659089865
831,46.52600996,6.6573281699999995
832,46.52673125555557,6.657727334722222
833,46.52854549,6.6572916399999995
834,46.52646912833333,6.65163685
835,46.52562577071428,6.651942385833333
836,46.519014157142855,6.654095107142858
837,46.52354205,6.659700816666668
838,46.52383113,6.660265750000001
839,46.52537184285713,6.661615292857142
840,46.52247149285714,6.647847572023809
841,46.517370142857146,6.649124571428571
842,46.513368434374996,6.649405189687499
843,46.51564387142857,6.641964014285715
844,46.51488594,6.6430388449999995
845,46.52359200833334,6.602090620833334
846,46.52283285277778,6.609334712037036
847,46.52079871111112,6.612135072916668
848,46.524132343055555,6.607773616666667
849,46.52386288181818,6.607326034848486
850,46.52484732166667,6.6032316783333345
851,46.523848120000004,6.603619360000001
852,46.521012271428575,6.6033603
853,46.519741498484855,6.610615418181817
854,46.519986115,6.61480373
855,46.517241390909085,6.609932831818182
856,46.516278711666665,6.610901060000001
857,46.516376564999995,6.609216055
858,46.5141642,6.6180392999999995
859,46.5149882875,6.6153946999999995
860,46.51391851666667,6.615606883333332
861,46.512470799999996,6.609971533333333
862,46.5119903,6.6040773999999995
863,46.5130525,6.601829
864,46.51903065333333,6.591002438333334
865,46.5208006025,6.587028617500001
866,46.52443196666666,6.589724476190476
867,46.52442382857142,6.587346735714285
868,46.524654424130446,6.5877296286956515
869,46.523261853125,6.59338280625
870,46.51971416888889,6.598830398333333
871,46.52082153333333,6.5964475
872,46.520630000000004,6.5975132875
873,46.520472391666665,6.597998245833334
874,46.51882929285715,6.599083378571428
875,46.51890120416667,6.598301426666666
876,46.51857228863636,6.598796996969697
877,46.51769649657738,6.598560824896978
878,46.518587291565936,6.600650756483517
879,46.51796747777777,6.601753272222222
880,46.51700915444444,6.613725784444444
881,46.51687321231884,6.616197498550724
882,46.515927366666666,6.623005433333334
883,46.51651476428571,6.624350064285714
884,46.5153937234375,6.6245493734375
885,46.51650909999999,6.621365268750001
886,46.51849476458334,6.618612335416667
887,46.51769582083333,6.617372027083333
888,46.51604356363636,6.6074921936363635
889,46.52441616444444,6.6021853747222226
890,46.52617252500001,6.603302387499999
891,46.5291086,6.5979409
892,46.519472716168636,6.637884573126232
893,46.51294415648149,6.636134769444444
894,46.512777774,6.636426792666666
895,46.51269542816239,6.636924738504274
896,46.51228784471726,6.637014820014881
897,46.5113272252381,6.637074084166666
898,46.511416708641974,6.636204696481482
899,46.51224552136364,6.634783965909091
900,46.5128326555303,6.633936805194806
901,46.513197189965986,6.633580573129252
902,46.5135515720635,6.63324659932179
903,46.51216789285714,6.6320669
904,46.512354258260864,6.631627893478262
905,46.513164856862744,6.630850762745098
906,46.51354696347223,6.631293788750001
907,46.51321351428571,6.632030585714285
908,46.51300917142857,6.6324796428571435
909,46.51364768600877,6.6321963136403514
910,46.51456350833334,6.630900476538462
911,46.514175653,6.630568729999999
912,46.51435514991228,6.632798208947368
913,46.514055277272725,6.633179206818181
914,46.5146084839394,6.633112364848485
915,46.514969234375,6.632965590625
916,46.51547748848485,6.631961235614035
917,46.515509656568184,6.631169429939395
918,46.51519037482709,6.630884217308231
919,46.51536117302829,6.629505018645552
920,46.515418967575755,6.6291287983333325
921,46.51559419064935,6.628622038653199
922,46.515744579487176,6.628094623076923
923,46.51596789628995,6.627264412731384
924,46.51679430027778,6.624588525833334
925,46.517070920384626,6.624062415769232
926,46.517262805641025,6.623402769102563
927,46.51693544274691,6.62304866
928,46.51765778138889,6.622124102333332
929,46.517511948750006,6.621343665833333
930,46.517010161944434,6.6213129625
931,46.517113121916665,6.620623916333334
932,46.51724598818182,6.619885580606061
933,46.51782407310606,6.619762226515152
934,46.518243892,6.619913913888889
935,46.517692817361116,6.620173963888888
936,46.518012563888895,6.620902809722222
937,46.5175732529972,6.622555556043417
938,46.51725836472222,6.622465442777777
939,46.517442297500004,6.618739756666668
940,46.514800031481485,6.625283678518518
941,46.514230789615375,6.625397541538462
942,46.51314271726189,6.62557187297619
943,46.512817980406744,6.625436503373016
944,46.512341577265474,6.624512536834758
945,46.51298698928572,6.621878294166668
946,46.512096191091274,6.6267336840542335
947,46.512630965325386,6.637791928904762
948,46.512452572499996,6.6387127475
949,46.51232417222223,6.639519540277779
950,46.51220511397435,6.641146802179486
951,46.512214444624995,6.641745421541667
952,46.51223288323413,6.642440682519841
953,46.51227188580159,6.64314538734127
954,46.51166282753968,6.640643362134922
955,46.511289925269146,6.639498648850931
956,46.51130305333333,6.6385465522222225
957,46.511571402308334,6.638159662901131
958,46.51169533265874,6.639239233531746
959,46.51178749030303,6.639800698181818
960,46.512036074375004,6.6386280004166665
961,46.511725675,6.634008999791667
962,46.51190102787879,6.63254145719697
963,46.511549699507924,6.633375580619048
964,46.510676292769695,6.634670645558008
965,46.51036883697811,6.635068532613637
966,46.51095558791667,6.632176533194445
967,46.51136572692308,6.631352169358973
968,46.51228704008403,6.633321584173669
969,46.51186912317567,6.635340071418918
970,46.51080044288889,6.6359385151111105
971,46.510541145833336,6.6356099791666665
972,46.51488160719154,6.628534662129779
973,46.51548036530613,6.62673795755102
974,46.515422429712295,6.626255200644841
975,46.515086707246375,6.6264721449275354
976,46.51462648995465,6.627163874642858
977,46.51423338214285,6.627203752380952
978,46.513543645750005,6.626950599083334
979,46.51267139756945,6.626746806875
980,46.512868435306544,6.627632258693453
981,46.513366132023805,6.626337590357143
982,46.51379548816708,6.626182381771347
983,46.51445378750001,6.626398710714286
984,46.51494201294872,6.626049630128204
985,46.51443244166667,6.627727850925926
986,46.514208409702384,6.628469933452381
987,46.514011416956954,6.629382903090673
988,46.5137698345679,6.630465016975307
989,46.51133512777778,6.62587770557644
990,46.51051069277265,6.62605527983871
991,46.51010509722223,6.6254291895833335
992,46.50972733666667,6.625131085333334
993,46.509383908333334,6.625128288888889
994,46.50885196111111,6.6253636006944445
995,46.509184938472224,6.624699995694445
996,46.509379173030304,6.624299728863636
997,46.50950221666667,6.62381375
998,46.51021110137363,6.623359702838828
999,46.51074011111111,6.6237741111111115
1000,46.51063456779107,6.623139492011776
1001,46.51022297668651,6.623772193955026
1002,46.510007489166675,6.624106057499999
1003,46.5097891,6.624667048484849
1004,46.51083263930556,6.6251896612499985
1005,46.51152757469697,6.624186639848485
1006,46.5118463647619,6.624339858809525
1007,46.512116375000005,6.624459874999999
1008,46.512278702812495,6.625180010208334
1009,46.51099117569398,6.62711997559204
1010,46.509171116666664,6.6264261499999995
1011,46.50929669229167,6.626819449999999
1012,46.50962359833333,6.627546675694444
1013,46.50790775464286,6.626188781785714
1014,46.507524878333335,6.626077002333334
1015,46.506976992976185,6.627005079523809
1016,46.50741518611907,6.627529207655764
1017,46.50897469279571,6.627760049354837
1018,46.5093616017647,6.629985613627451
1019,46.508832194924324,6.629827649986604
1020,46.50837107051281,6.629394996153847
1021,46.50637127,6.636487382666667
1022,46.507376863541666,6.6217125125
1023,46.507927286527774,6.622659987916667
1024,46.50599743125,6.6262038375
1025,46.5050340112381,6.627903966761904
1026,46.524981355,6.6135731345833335
1027,46.52439146384616,6.61500127025641
1028,46.52450600987654,6.6139197409876544
1029,46.52484320677083,6.6126063869791665
1030,46.524502587516785,6.612273301260684
1031,46.5237374952381,6.620323135119048
1032,46.52375904222222,6.6214011333333325
1033,46.5236653376936,6.622075692469135
1034,46.52363215763889,6.623111810416666
1035,46.52393828499999,6.624444335000001
1036,46.52439063196334,6.624133194931974
1037,46.524551585,6.62358592974359
1038,46.52515453611112,6.623984503333333
1039,46.52483491666666,6.62461811025641
1040,46.52490189722223,6.623111158333334
1041,46.52514351555556,6.622675552222223
1042,46.52561736303572,6.62185567297619
1043,46.52601106,6.62221068
1044,46.52636384015625,6.622594115937499
1045,46.52636757112749,6.6207352613752395
1046,46.52709398415304,6.61961555835538
1047,46.5272341,6.619297680000001
1048,46.52690840365079,6.618915209682539
1049,46.52564818148148,6.620778360185185
1050,46.52750696666667,6.618970177083334
1051,46.52782159175439,6.618495968333332
1052,46.528547271647085,6.617443452547314
1053,46.529282237791364,6.6170628603840305
1054,46.53020235576966,6.616418925249171
1055,46.53073125833333,6.61597550530303
1056,46.53141621308333,6.615514166708333
1057,46.532197395897434,6.614954197435898
1058,46.53294456909091,6.6144952307575755
1059,46.53385647083333,6.613899652380953
1060,46.540046465909086,6.610888456818182
1061,46.53987867575758,6.610159171212121
1062,46.53299001635801,6.6137976493827155
1063,46.53202033489583,6.61400213125
1064,46.53147490189816,6.6137830806944455
1065,46.53083071183712,6.613038079924243
1066,46.53106514212121,6.61268558878788
1067,46.531317444230766,6.612461023076923
1068,46.53154396611111,6.612274391111111
1069,46.53195673214286,6.611969877857143
1070,46.532240933333334,6.611744777777777
1071,46.53244875625,6.6116581
1072,46.532657660333335,6.611409247333333
1073,46.533164426923086,6.611003911538461
1074,46.534149834393936,6.6114661062987015
1075,46.53352646822857,6.611878435342858
1076,46.533088416805555,6.61217722611111
1077,46.53267154724638,6.612567308405798
1078,46.53298872916667,6.6129602104166665
1079,46.53337505301588,6.612702196587301
1080,46.5337287339394,6.6124302596969695
1081,46.53397060690476,6.6122811809523805
1082,46.534412198750005,6.61290593625
1083,46.53183396190476,6.616377789285715
1084,46.531563819999995,6.6168524699999995
1085,46.53099568403361,6.617905245308123
1086,46.53062309333333,6.618464931666667
1087,46.53021246,6.6184619754166665
1088,46.52955519487179,6.616163050641026
1089,46.529775999444446,6.6157318911111105
1090,46.53031643834541,6.615472306690821
1091,46.53056546527778,6.614282688888888
1092,46.5304240537037,6.617112294444444
1093,46.52700759083333,6.621308145833334
1094,46.52724876988095,6.620881138214287
1095,46.52761396155914,6.6203410906989255
1096,46.52787278358975,6.619862464102566
1097,46.528137789545454,6.618735808484849
1098,46.52850277486589,6.618379307346743
1099,46.527548382618235,6.615013910788087
1100,46.52708229583333,6.615976642291666
1101,46.52630163330274,6.6175953891310275
1102,46.526061113095246,6.618583113690477
1103,46.52555492492063,6.61964209579365
1104,46.525247620065365,6.620427041753811
1105,46.52105272622619,6.620519345310515
1106,46.52097512555556,6.619731505000002
1107,46.5216663675,6.619797149999999
1108,46.52170575455556,6.619054490555556
1109,46.521022734,6.6185809455000015
1110,46.5210033378125,6.6173981472916665
1111,46.52103467222222,6.616940543888888
1112,46.52117941038462,6.621974129935897
1113,46.52090528223958,6.6213413645833334
1114,46.5203431875,6.6205185625
1115,46.524614381666666,6.615383718333334
1116,46.52476447371795,6.6145828134615385
1117,46.52563552380952,6.610854551587303
1118,46.527128091050066,6.606614653202074
1119,46.52730098333334,6.606147699999999
1120,46.52831639888888,6.603735916666667
1121,46.5283881613889,6.604571203611111
1122,46.52794460694444,6.605241021805555
1123,46.52788067625,6.605635153194445
1124,46.52773010641026,6.606314712820512
1125,46.52766986192308,6.606872189294872
1126,46.527590483333334,6.607194060416667
1127,46.52713722833334,6.6076643314285715
1128,46.52835791551282,6.607597303974359
1129,46.52917308666667,6.607590752380951
1130,46.531747333333335,6.609796107638889
1131,46.53136931253246,6.6093750352272735
1132,46.53110164109524,6.608468234428571
1133,46.53089172665674,6.607677339454365
1134,46.5274450968836,6.608433402542329
1135,46.527542559,6.609205199
1136,46.52730136,6.610741081666665
1137,46.52770640485119,6.610323135089287
1138,46.52727869712121,6.611536151060606
1139,46.52725548888889,6.612220533333333
1140,46.52724523653846,6.61272674871795
1141,46.5270765,6.613058820000001
1142,46.52630047521008,6.612238691554622
1143,46.526366908697916,6.611324782552083
1144,46.52643243462964,6.6101949427777775
1145,46.52637294,6.6096472166666675
1146,46.52591834703704,6.6130161802777785
1147,46.52556345737395,6.612977709302053
1148,46.52366211136905,6.623911552242063
1149,46.525899831768704,6.6195962355442175
1150,46.5261006,6.6193864
1151,46.528722752075325,6.614852763088942
1152,46.53093084038463,6.611970278846154
1153,46.53124187067901,6.611435939814815
1154,46.531576254166666,6.611008975833333
1155,46.531812143055554,6.610618268055554
1156,46.53261412738095,6.610605773809524
1157,46.532260408333336,6.6107344645833335
1158,46.531963869696966,6.610891850000001
1159,46.52799324409557,6.614003295897817
1160,46.52827246785714,6.613073629880953
1161,46.52877398333333,6.611836856666666
1162,46.528859653666665,6.611133463291667
1163,46.529056715151505,6.610223486363637
1164,46.5287149219697,6.609689574999999
1165,46.528509697222226,6.609740939583333
1166,46.52835335,6.6104959196969695
1167,46.528151548833335,6.610922398833333
1168,46.527976418181815,6.611342220454546
1169,46.527722211111104,6.611720688194443
1170,46.525802411931814,6.614637355622295
1171,46.52540249869859,6.614911157529762
1172,46.52566930383022,6.617663752070392
1173,46.52525271060606,6.617963383333333
1174,46.52477972652778,6.617513574166668
1175,46.52448547777778,6.617286542592592
1176,46.52615416041667,6.615966341666667
1177,46.52601633333334,6.617048432142857
1178,46.525158311851854,6.618714083703704
1179,46.52497354329711,6.619133748731883
1180,46.524630754285724,6.619755063214285
1181,46.52435101686768,6.620417524527243
1182,46.52420167179487,6.621024779487178
1183,46.525360669464284,6.618306978214285
1184,46.5267866675,6.6156236125
1185,46.526824682666664,6.615184580999999
1186,46.527125957222225,6.613556203888888
1187,46.527878246875005,6.612774075
1188,46.52836129824561,6.612005902192983
1189,46.52861156363636,6.611641025454546
1190,46.5210734,6.63007625
1191,46.5239508125,6.6380300125
1192,46.52446278440782,6.637553140488399
1193,46.5237795,6.6382382
1194,46.52342412916666,6.63823241780303
1195,46.52257425887096,6.638045570430107
1196,46.52123273105903,6.638389307309028
1197,46.52028736666667,6.637277433333334
1198,46.51984048142106,6.639114276837796
1199,46.5200442530303,6.641313610606061
1200,46.52125055467261,6.63967381172619
1201,46.52120262008772,6.640409282807018
1202,46.520309499999996,6.63919495
1203,46.524806749999996,6.63363235
1204,46.5248833890676,6.634098812142579
1205,46.52527619130435,6.634876958695653
1206,46.52586059916666,6.634860577146464
1207,46.52630340298131,6.634200250904041
1208,46.525671116666665,6.634333678205128
1209,46.525247125,6.633808902380953
1210,46.52473318071293,6.63302548400042
1211,46.52408364235466,6.6327415576538105
1212,46.52322267188941,6.631696310698777
1213,46.52415369366922,6.631622004770408
1214,46.52509603761905,6.630927780039682
1215,46.52552654162208,6.630596450981049
1216,46.525581421266125,6.631076592135473
1217,46.527808218333334,6.630984955
1218,46.52812892958334,6.630761085277778
1219,46.527436077051284,6.631509595754985
1220,46.52668189481092,6.6320666799145656
1221,46.52618101583332,6.632650288333333
1222,46.52579941405655,6.633041207273808
1223,46.52551930659378,6.631747397728376
1224,46.523361320238095,6.636734407539684
1225,46.52301183333333,6.636655340972222
1226,46.522739282936506,6.636082619146826
1227,46.52325727414682,6.635163721997355
1228,46.523592832706925,6.636051231189059
1229,46.52491800294118,6.635900715196079
1230,46.52577455438312,6.636065715422078
1231,46.525437207692306,6.635927343589742
1232,46.52498899339827,6.635265331060606
1233,46.52493605000001,6.634955724999999
1234,46.524721317291664,6.634739276979166
1235,46.52253883266666,6.634100633666668
1236,46.51953440056123,6.633983179444445
1237,46.5197062011258,6.632690708866728
1238,46.522112196410255,6.629696086666668
1239,46.52227051799509,6.630419071827286
1240,46.52251322916667,6.631026187499999
1241,46.52271144583334,6.6313609457142855
1242,46.52334064600174,6.629498937552495
1243,46.52339670822917,6.6284222096875
1244,46.52374765592204,6.627390249744788
1245,46.52529849006803,6.626649998877549
1246,46.52478238035088,6.627644180263157
1247,46.52424405153207,6.627584349020128
1248,46.52293195,6.6293661
1249,46.522718291153836,6.627734372673993
1250,46.526178611273124,6.626575895921553
1251,46.52676595773809,6.6269440301190485
1252,46.52682775779761,6.6276898795238095
1253,46.52629259402886,6.62888519083153
1254,46.52557859502566,6.629527157372335
1255,46.525033235144925,6.630440955797099
1256,46.523502837121214,6.630587443939393
1257,46.52374571482059,6.6300573823775855
1258,46.52426625351852,6.630612492962963
1259,46.526222278715984,6.628058947232034
1260,46.52573571200078,6.627832044906749
1261,46.52543323165442,6.627385447095588
1262,46.52457392126984,6.6265166693650785
1263,46.52416032424242,6.6267430696969685
1264,46.52455879132111,6.625923622527506
1265,46.524449822273,6.62846438455711
1266,46.5243751415862,6.629458881518088
1267,46.52502459318722,6.629386440226502
1268,46.526927238888895,6.628720577222223
1269,46.52750190194444,6.6277076975
1270,46.527179709196425,6.6266846783928575
1271,46.53240344513889,6.62859357486111
1272,46.532835503846144,6.6287413967948705
1273,46.53328675183334,6.629104195333333
1274,46.53311370263889,6.629641178333333
1275,46.53187928294871,6.630120177692307
1276,46.52965987351266,6.632048163545404
1277,46.528522150892854,6.632661846026786
1278,46.527597904945054,6.633044593315019
1279,46.52690194560217,6.633570352451437
1280,46.53134562259842,6.6304109005969964
1281,46.5326236953563,6.630115768898894
1282,46.53226355766667,6.630758034708333
1283,46.529237458930126,6.63114052629056
1284,46.53059334375,6.63065071875
1285,46.53088666375,6.630303457500001
1286,46.52869955125,6.630535608541667
1287,46.529105972586585,6.630394138365801
1288,46.529989874717636,6.630257714814179
1289,46.53042197222222,6.630102511111112
1290,46.530560474151315,6.629773074266513
1291,46.53131300418831,6.628907866973633
1292,46.53199874805556,6.628842009285715
1293,46.5314350317361,6.629472183541668
1294,46.532039075668926,6.629326086496599
1295,46.526226609353735,6.626015107908162
1296,46.52575539467593,6.625928068114328
1297,46.52403616351351,6.625143856576576
1298,46.5401706119697,6.653726739545454
1299,46.54224375625,6.6567582875
1300,46.54189293666666,6.655563752500001
1301,46.542183290694446,6.654972340972222
1302,46.542676272424245,6.653908242272727
1303,46.54270573611112,6.65351260462963
1304,46.54280109333333,6.651701096666667
1305,46.54281244066666,6.650809147555557
1306,46.54212627727273,6.6515242500000005
1307,46.54238044666666,6.6524789744444455
1308,46.54354472878788,6.650647213636362
1309,46.543555377333334,6.650133951333333
1310,46.54353443541666,6.648923413541667
1311,46.54486298591951,6.648594728277449
1312,46.54436984285714,6.647752585714286
1313,46.545042233333334,6.646599344444445
1314,46.54479907916667,6.646910465833332
1315,46.54459111250001,6.647215825
1316,46.54351708300865,6.647704802900432
1317,46.5438564579861,6.64634611201389
1318,46.54491705989584,6.6456515666666665
1319,46.544237904545454,6.645594081818181
1320,46.544188253205135,6.645150328846155
1321,46.544201810000004,6.644723076249999
1322,46.543493750757584,6.645848015454546
1323,46.54331496576923,6.644020262435897
1324,46.54333698939394,6.643676797727272
1325,46.54173447727273,6.649060440909091
1326,46.54135270727272,6.648365602727273
1327,46.539902505555546,6.647256061111111
1328,46.53949465,6.646897999999999
1329,46.54052363393939,6.644384005454546
1330,46.54081706294872,6.643344585384616
1331,46.54136230118387,6.642124145767195
1332,46.540449000757576,6.641416913636363
1333,46.540291543888884,6.643130052222221
1334,46.539342079621214,6.643613109886363
1335,46.54026065690525,6.64482623974026
1336,46.54147832878788,6.649679699999999
1337,46.54037873230769,6.650797572722833
1338,46.5253864979495,6.638133010686869
1339,46.52666999760453,6.639085140644598
1340,46.52713215154321,6.639315316975309
1341,46.52608127631579,6.638174631052632
1342,46.525822533823536,6.637623944117648
1343,46.52657326666667,6.6376925999999985
1344,46.52810644425001,6.638698535583333
1345,46.52656679285714,6.6353386285714295
1346,46.52749600151515,6.633974946969698
1347,46.5280005203125,6.633950753124999
1348,46.52830975370371,6.634067005555555
1349,46.527672934444446,6.634255236666665
1350,46.52765884,6.635451260000001
1351,46.529039149999996,6.636063388888889
1352,46.53159878938271,6.6368162471604935
1353,46.53214834999999,6.636932225
1354,46.53257619833333,6.636630895000001
1355,46.53278987121212,6.636528540909091
1356,46.533861133670634,6.636927203551586
1357,46.53175925119048,6.639528497619048
1358,46.533136400000004,6.6397718875
1359,46.53285125416666,6.640758745833334
1360,46.51259210370371,6.632642896296296
1361,46.51386258583334,6.631673019166667
1362,46.51503746777778,6.631528114444445
1363,46.51675123666667,6.625302359166666
1364,46.518085225,6.6206120437500005
1365,46.51735500633334,6.619138611666666
1366,46.517058790166665,6.619192634833334
1367,46.51259007619048,6.62257401904762
1368,46.50789739198413,6.627360402876984
1369,46.50712661111111,6.627472144444444
1370,46.50796961964285,6.625340468452381
1371,46.50824432624543,6.6256315943223445
1372,46.509221761166664,6.626088098816666
1373,46.509810276397054,6.626793394656863
1374,46.51027109090909,6.626861013636364
1375,46.51189797089418,6.625789594391534
1376,46.508952573544974,6.634100401058202
1377,46.50761488333333,6.637470401851853
1378,46.508049299999996,6.637624378571429
1379,46.50914403083334,6.639082398333334
1380,46.508773096296295,6.639129116666667
1381,46.50777804285714,6.639622071428571
1382,46.50917578809525,6.636118032142856
1383,46.51077585,6.638083733695652
1384,46.51060437875001,6.636390165000001
1385,46.51025623989583,6.635999119583333
1386,46.509864844444444,6.635887266666667
1387,46.50991403333334,6.636734988333333
1388,46.50995013000001,6.637008605
1389,46.509395504333334,6.637042427666667
1390,46.510888630662386,6.636977022489316
1391,46.51227787777777,6.6392873111111115
1392,46.5113354425,6.637708537500001
1393,46.51102445439394,6.6342435019696975
1394,46.50996641875,6.63517578125
1395,46.50992430454546,6.634323892424242
1396,46.51169243299999,6.632025667833332
1397,46.512432429166665,6.633645604166667
1398,46.51154671242425,6.629622215151515
1399,46.51191983165509,6.629502376793982
1400,46.512764568369974,6.629989744267399
1401,46.512471885000004,6.629764751500001
1402,46.5122336,6.6296969
1403,46.512177944269844,6.626138346142857
1404,46.512851667857134,6.6245346285714275
1405,46.51266702272728,6.624133528787879
1406,46.512291932692314,6.623487492948718
1407,46.512027290000006,6.62307508
1408,46.51161156318681,6.622482630219779
1409,46.51197483055555,6.618290279166668
1410,46.509013271481486,6.625015612407407
1411,46.51011952307692,6.624930655128205
1412,46.51105016166667,6.624588225277777
1413,46.51120397916667,6.624042418055557
1414,46.51225295454546,6.628714288409092
1415,46.51308884509803,6.629242982843138
1416,46.513401278571436,6.628733332142858
1417,46.509744819062504,6.62802159
1418,46.508270072422974,6.62679503872549
1419,46.51018895833333,6.630344380000001
1420,46.50978544272727,6.630151136363636
1421,46.50849405925926,6.62382467962963
1422,46.513524175,6.612602024999999
1423,46.525629154545456,6.610122384848484
1424,46.52551105,6.6228263104166665
1425,46.535164725,6.6131202125
1426,46.53255739,6.613483461666666
1427,46.533561427083335,6.6107028375
1428,46.53050253333333,6.617409654166667
1429,46.528062485750915,6.614600030018314
1430,46.52677288583333,6.616354540000001
1431,46.52480566231884,6.621329492028986
1432,46.5210381111111,6.618179788888889
1433,46.52621023939394,6.60909243030303
1434,46.52757488893939,6.605457326969698
1435,46.531482034666666,6.609792823666666
1436,46.52632680303031,6.613394813636364
1437,46.526489950000006,6.609175400000001
1438,46.52462371923077,6.616519401282052
1439,46.52613914375,6.6151732125
1440,46.52477099238096,6.619413105595238
1441,46.5201336991519,6.637058588034661
1442,46.519772179437396,6.637900683404272
1443,46.52032901736111,6.6400914567129625
1444,46.520516012499996,6.637335098611111
1445,46.52033693035714,6.638014817857142
1446,46.519729100000006,6.6373199
1447,46.5239116,6.6354912
1448,46.52339188809524,6.627002142857143
1449,46.52390706956709,6.628151625849568
1450,46.5240417,6.6262598
1451,46.52776175027778,6.626758810462963
1452,46.5296863,6.632142299999999
1453,46.5315499,6.6303086
1454,46.52178971339586,6.640810728805916
1455,46.522400740476186,6.640804160119048
1456,46.52244965013889,6.6415203725
1457,46.521702053531875,6.641857372065668
1458,46.52291775,6.639821725
1459,46.52350231488096,6.6408813882499995
1460,46.52824663566666,6.642239455333334
1461,46.52949449916667,6.644048893333333
1462,46.53090835567844,6.646183042283665
1463,46.53179658380669,6.646590342191044
1464,46.532610453827154,6.6469174737654315
1465,46.53325294939394,6.647035647424241
1466,46.53232117046219,6.646736775084033
1467,46.530046260897436,6.646088935641027
1468,46.5295989439394,6.645828617500001
1469,46.528804617592584,6.645321511111111
1470,46.52797463886906,6.641775181785714
1471,46.527188466249996,6.641411595520833
1472,46.52669129986111,6.641268188888888
1473,46.523910503484856,6.641113122424243
1474,46.52351470552326,6.6422370551744185
1475,46.523689950000005,6.641433383333333
1476,46.52405510583334,6.642156000833334
1477,46.524104384444435,6.642484882222222
1478,46.52411898907937,6.6429556840317465
1479,46.523790864362134,6.644064535606997
1480,46.523182195,6.64459774409091
1481,46.522476276157406,6.644834559953704
1482,46.52220917023809,6.644211637892416
1483,46.521068979545454,6.643681658787878
1484,46.52214987527778,6.646709004583333
1485,46.522457511111114,6.6468601000000005
1486,46.52316501666667,6.6471754472222235
1487,46.5233742167517,6.64551023197279
1488,46.52356483787879,6.646657315151515
1489,46.523926818111114,6.647528885111112
1490,46.52443395885417,6.647764188541667
1491,46.52475547051282,6.647942809615385
1492,46.52525389263605,6.648222306178328
1493,46.52579774583334,6.648402641666666
1494,46.52758473645658,6.648487347170869
1495,46.52783661591479,6.6478554469298246
1496,46.52731139714285,6.646927818809525
1497,46.52674474655174,6.646333165804598
1498,46.52621593731482,6.647843198703703
1499,46.525802414285714,6.647561189285715
1500,46.525658075,6.6473036875
1501,46.52548186875,6.646841487500001
1502,46.52532835875541,6.646304167272728
1503,46.52527841,6.64575028
1504,46.52552003148148,6.645107218518519
1505,46.52609904444445,6.645680391666666
1506,46.52442989166667,6.6467157877976195
1507,46.52449134166667,6.646108551041667
1508,46.524543137500004,6.645725879166667
1509,46.52497345185185,6.645347801851852
1510,46.526515737500006,6.64500465625
1511,46.52692852777778,6.645058994444444
1512,46.52744999,6.645105290000001
1513,46.52937117222222,6.646535223148148
1514,46.52923467833333,6.646965044444445
1515,46.52901831794872,6.647439108974359
1516,46.52884123818182,6.648098539545455
1517,46.52933966,6.64833788
1518,46.529613355833334,6.648483876439394
1519,46.53182199701149,6.648408276896551
1520,46.539964434090905,6.652783190909091
1521,46.5421382,6.6524065
1522,46.54322584901961,6.653116475490196
1523,46.545319413636356,6.646356871212121
1524,46.54110915555555,6.647983505555555
1525,46.54033901666667,6.6470333055555555
1526,46.5400881625,6.6471651750000005
1527,46.53966963333334,6.647359166666667
1528,46.54084517272727,6.643767013636364
1529,46.5406482375,6.641522929166666
1530,46.540220299999994,6.641048433333334
1531,46.539787266666664,6.645719394444445
1532,46.54104988461539,6.649493326923078
1533,46.54034687000001,6.648954226666667
1534,46.54058649318183,6.6511369681818175
1535,46.54017465,6.65066405
1536,46.5398024,6.6502172
1537,46.53954452307691,6.650028485897436
1538,46.53810788333334,6.646773342424242
1539,46.5380871952381,6.647554980952383
1540,46.5392455474359,6.64785807948718
1541,46.539034042857146,6.646280499999999
1542,46.5379781851282,6.646473961282051
1543,46.53706114500001,6.6477355583333315
1544,46.53276763636364,6.6477061318181825
1545,46.532532080303035,6.648108432575757
1546,46.53004072866666,6.648442965333333
1547,46.528337648148145,6.648392720370371
1548,46.526532348148145,6.648387525925926
1549,46.52744385625,6.64996939375
1550,46.52729150208334,6.6502178
1551,46.52706768,6.650662533333334
1552,46.52657310884615,6.6502473056410265
1553,46.5263609125,6.6499673249999995
1554,46.52611996203703,6.649203215740741
1555,46.5258838655797,6.649548922826086
1556,46.51460411363636,6.631981222727274
1557,46.515282997101444,6.630048382608695
1558,46.50741879999999,6.625425284090909
1559,46.51542958888889,6.627213994444444
1560,46.52805277142857,6.596887759523809
1561,46.512589883333334,6.628905261111111
1562,46.508425554545454,6.626182980303031
1563,46.50800982472222,6.628940546944445
1564,46.507534731250004,6.623738481249999
1565,46.5063895,6.6258273
1566,46.512262269999994,6.6099644600000005
1567,46.53415017142857,6.613615271428571
1568,46.53428840833334,6.612615710151515
1569,46.53185258999999,6.61585139
1570,46.53169075370371,6.616638055555556
1571,46.53214346428571,6.610156214285714
1572,46.52857709,6.612342835
1573,46.528965066666665,6.610545699999999
1574,46.52548222083334,6.6169602208333345
1575,46.52100186130952,6.637612890476191
1576,46.5201997566164,6.637523229137566
1577,46.51917659583333,6.639656015277779
1578,46.519101662936514,6.639991263492064
1579,46.51869050681819,6.639870987878786
1580,46.5182649488889,6.639687192222222
1581,46.51867202001763,6.639283946737214
1582,46.51905311428572,6.638213489285716
1583,46.521653364652785,6.635721505820105
1584,46.52425229621212,6.633913184848485
1585,46.524526800000004,6.6336347
1586,46.5250732,6.6345652
1587,46.52414277179487,6.635656513846156
1588,46.52275086388889,6.629256235555556
1589,46.532222205000004,6.62972334
1590,46.53090077023809,6.631504253571428
1591,46.531143525,6.631040391666667
1592,46.521211605812326,6.641012237815126
1593,46.528841965000005,6.643547891666667
1594,46.52708186666666,6.640867642424243
1595,46.523966436363644,6.6416690272727275
1596,46.522939764583334,6.644665072916666
1597,46.52155825208333,6.643821477777776
1598,46.522834576388895,6.647016729166666
1599,46.52323157121212,6.647647356060606
1600,46.522798911231895,6.6481086471014486
1601,46.522343219999996,6.645658275
1602,46.523630645454546,6.646261054545454
1603,46.52640283333334,6.64651335
1604,46.52629509,6.6473445983333335
1605,46.52432082142858,6.645356878571428
1606,46.52823587708333,6.645203183333333
1607,46.52927922,6.64623438
1608,46.541973355555555,6.655905161111111
1609,46.5426894,6.6509484
1610,46.542494950000005,6.6510067
1611,46.53948959318182,6.646478508333334
1612,46.54102468888888,6.641612994444445
1613,46.539251586111114,6.649530844444444
1614,46.538525035,6.646318625000001
1615,46.53729624545454,6.647241890909092
1616,46.53682106358974,6.648047981538462
1617,46.52693912222222,6.648431905555556
1618,46.5333044,6.636538156249999
1619,46.53239913333334,6.637440333333333
1620,46.53720986111111,6.6391990777777785
1621,46.51249868,6.63125642
1622,46.51259973333333,6.631076033333333
1623,46.51118969833334,6.63398737
1624,46.513244669393934,6.6304177418181816
1625,46.511019783333346,6.623865080555556
1626,46.50848835,6.62672706
1627,46.5170131,6.6305271
1628,46.52374432348484,6.61967506969697
1629,46.52582469074074,6.620986875925926
1630,46.52986676969697,6.613672457575759
1631,46.53077241758813,6.614615199654453
1632,46.530937176410255,6.6148841041491835
1633,46.53144737713564,6.614609860598846
1634,46.52843657690477,6.615338902341269
1635,46.5275910201346,6.6172862149440945
1636,46.526998838003855,6.617970447226708
1637,46.52627376767857,6.619020312738095
1638,46.52655162133334,6.6186708093333335
1639,46.52689143095238,6.618293461904762
1640,46.52791156064286,6.616444384642857
1641,46.52838672853175,6.6163727028571415
1642,46.52931828571429,6.617736985714287
1643,46.528994321449275,6.619526488478259
1644,46.527021790000006,6.62154491
1645,46.527950849999996,6.619299
1646,46.5283061,6.618094
1647,46.5289764,6.6175438
1648,46.520056070833334,6.619747654166666
1649,46.532319619999996,6.60994388
1650,46.531043350000004,6.6115806500000005
1651,46.52547480151515,6.615788528787878
1652,46.525368373333336,6.616387171666668
1653,46.526073425,6.616615885714286
1654,46.523467600000004,6.6412382
1655,46.54153555,6.6553201
1656,46.5375407,6.646966814285714
1657,46.527193566666675,6.649601533333333
1658,46.51690865,6.622287545454546
1659,46.517828242307694,6.621777008974359
1660,46.51205830833334,6.634173516666666
1661,46.51011436893939,6.619617705303031
1662,46.510380049999995,6.62519625
1663,46.5084499,6.6269467
1664,46.50998636153846,6.6283016923076925
1665,46.52472148757576,6.649799731969696
1666,46.526074134552665,6.650674834383117
1667,46.527783373333335,6.65036868
1668,46.52807692305556,6.6490127361805555
1669,46.533988868749994,6.648028481250001
1670,46.53422135,6.648344677777778
1671,46.534537263714284,6.649249219095239
1672,46.53402507040043,6.6502409158982685
1673,46.53480554242424,6.649644553030302
1674,46.53508247820513,6.655137643589743
1675,46.53745248409091,6.656549675
1676,46.537864473484845,6.658443600757576
1677,46.53746662430556,6.656123050694444
1678,46.5356834475,6.655756949444445
1679,46.53393693988095,6.65727183392857
1680,46.53380934166666,6.656280201388889
1681,46.5334248,6.6544547875
1682,46.53205250909091,6.656176472727273
1683,46.53285752529629,6.654445591757836
1684,46.5326169,6.654377072222222
1685,46.53213431089743,6.654159922756411
1686,46.53117332151515,6.653311672424243
1687,46.53105446712963,6.65281559962963
1688,46.52927070227182,6.650751140575397
1689,46.5317746625,6.65061778125
1690,46.53208224666667,6.650982061666667
1691,46.53243040454545,6.6512842090909094
1692,46.533163633333324,6.651721033333334
1693,46.5334055925,6.652803835833334
1694,46.534366633333335,6.654237483333334
1695,46.53455546969697,6.6525031424242425
1696,46.53090993246599,6.6357234986394555
1697,46.53187359934524,6.635352886369047
1698,46.532507030666665,6.635374784000001
1699,46.5329411871795,6.63467473525641
1700,46.53256182527056,6.634008525822511
1701,46.532230584090904,6.633008096212122
1702,46.531867617295916,6.633230224115647
1703,46.530017701666665,6.634272854999999
1704,46.52880045833333,6.634925379166666
1705,46.52922795873017,6.634796635714285
1706,46.53439468362274,6.633981520811332
1707,46.533165953181815,6.635458038939394
1708,46.53364136263889,6.635499257268518
1709,46.535223124999995,6.6354301
1710,46.53582913786848,6.6353582861678015
1711,46.53745416125,6.634866933333332
1712,46.5381208475,6.6346137770833336
1713,46.5427025658658,6.638589070995672
1714,46.543578828030306,6.6399823836363625
1715,46.543627341666664,6.6407591250000015
1716,46.54159018833333,6.636701843333334
1717,46.54154031666666,6.634277344444445
1718,46.540095228571424,6.634018519047619
1719,46.53852580535714,6.634440273214286
1720,46.5352797547619,6.634150739285714
1721,46.5350463547619,6.634792773809524
1722,46.53489860208333,6.635143987499999
1723,46.5067025,6.6257257
1724,46.5140148,6.6078872
1725,46.5353800682266,6.64772771358785
1726,46.53611531875001,6.648465620833333
1727,46.53559753025642,6.651380907307693
1728,46.53703367575758,6.649509077272728
1729,46.53797994703703,6.650346892962963
1730,46.5381066,6.649424127500001
1731,46.53698442541666,6.6483775275
1732,46.535836582142856,6.647912789285715
1733,46.53482041203703,6.647350787962962
1734,46.53449999555556,6.647309114444444
1735,46.53403156593138,6.6470850379901965
1736,46.53172395,6.6330507
1737,46.53339771739131,6.6339849858695645
1738,46.531295102402595,6.63549594099567
1739,46.52973916107142,6.635902841904761
1740,46.54303587272728,6.638968231818183
1741,46.543498135,6.63941126
1742,46.54128685833334,6.634082388333333
1743,46.53635562115385,6.63424969102564
1744,46.535705074999996,6.6338420283333335
1745,46.5216003,6.6397221
1746,46.5258237537037,6.650305581481481
1747,46.526782914322915,6.652315784895833
1748,46.52799419555138,6.649875963847118
1749,46.5282182875,6.64947873
1750,46.528955789111116,6.649043406644445
1751,46.53470751469697,6.651564747272727
1752,46.539572715,6.660854125
1753,46.53425742857143,6.658133321428572
1754,46.5338523625,6.65673015625
1755,46.53361446481481,6.654663868518518
1756,46.531459877083336,6.65418183
1757,46.531302414393934,6.653598524242423
1758,46.53085920185185,6.652358862037037
1759,46.53067386428571,6.652047481547619
1760,46.53305563888889,6.650810016666667
1761,46.53347734375,6.6530897625000005
1762,46.53353151666667,6.653378891666667
1763,46.53367553333333,6.653857744444445
1764,46.534447605555556,6.653429833333333
1765,46.533964496428574,6.662539092857143
1766,46.53742173333333,6.649842933333333
1767,46.54058929285714,6.652675599999999
1768,46.53908418125,6.6509684687499995
1769,46.53061208125,6.634537643750001
1770,46.5311007,6.6340211
1771,46.54160254444444,6.636140656481482
1772,46.54099094000001,6.633972835
1773,46.52163361818182,6.639997827272728
1774,46.525474599999995,6.650008312499999
1775,46.52734761428571,6.651052735714286
1776,46.53491195,6.6571007
1777,46.5326314,6.6556726
1778,46.529587588888894,6.651052988888889
1779,46.53322155714286,6.651044414285715
1780,46.53280720740741,6.650853272222223
1781,46.53340763571428,6.652115928571428
1782,46.533393928571435,6.652447528571429
1783,46.533640877380954,6.6615158476190475
1784,46.53529770138889,6.663508519444445
1785,46.53627377575758,6.661064901515152
1786,46.53554126944445,6.663835916666667
1787,46.53600006944445,6.6646453291666665
1788,46.53514765166667,6.669764035
1789,46.5330922,6.6339814
1790,46.5425832,6.63878613
1791,46.543658566666664,6.639676866666666
1792,46.539743409375,6.634086653124999
1793,46.53054851428572,6.624092707142856
1794,46.528894990625,6.627389221875
1795,46.53491910333334,6.628361853333334
1796,46.534090240000005,6.62444539
1797,46.5387211125,6.627682618750001
1798,46.53620819407408,6.619893592407408
1799,46.538657328125,6.6187792312500004
1800,46.53628883333334,6.615682816666667
1801,46.53519044722222,6.616976946527777
1802,46.5346697,6.617137466666667
1803,46.53750165,6.614335850000001
1804,46.53597335,6.615535976190477
1805,46.52994126333333,6.619793966666667
1806,46.5287405,6.621115250000001
1807,46.50902792642857,6.615790063214286
1808,46.50992735,6.617633483333333
1809,46.534459516666665,6.633378446666667
1810,46.51969913571428,6.6207932369047615
1811,46.51549941875,6.633914835416666
1812,46.51619303125,6.633369858333333
1813,46.518936,6.6264012
1814,46.522543049999996,6.6184750999999995
1815,46.522652496875,6.6190246890625
1816,46.51609834,6.64242483
1817,46.51468744047619,6.637462035714285
1818,46.513646800000004,6.6371199333333335
1819,46.51420402222222,6.638209722222222
1820,46.513932732142855,6.640683396428572
1821,46.515694233333335,6.638298766666668
1822,46.5312121,6.6507426
1823,46.53210155,6.6590698
1824,46.52986207857143,6.6627428928571435
1825,46.52956555,6.660656266666666
1826,46.5283399375,6.6596799375
1827,46.52516235,6.656480999999999
1828,46.52560875,6.65769275
1829,46.52629257380953,6.654825904761905
1830,46.526292475000005,6.6536911750000005
1831,46.5193749375,6.6577612875000005
1832,46.52293474541667,6.656008184583333
1833,46.523381779999994,6.654950820000001
1834,46.5237605875,6.6543609375
1835,46.5219665,6.648703144444444
1836,46.5158048,6.6478311
1837,46.5278564,6.597398
1838,46.520809449999994,6.612899841666667
1839,46.521604249999996,6.6086810499999995
1840,46.52154775,6.6081529
1841,46.52337095,6.6172414
1842,46.5233272,6.611288175
1843,46.51814151916666,6.6088405324999995
1844,46.51548528749999,6.617265316666668
1845,46.516884968750006,6.614790564583332
1846,46.51662448541667,6.618810225000001
1847,46.51738056666667,6.6178453333333325
1848,46.51716162,6.6181913733333335
1849,46.523998180303025,6.587896698484848
1850,46.52564777222223,6.588823172222223
1851,46.52305523333333,6.5938778000000005
1852,46.52268006666666,6.594742133333334
1853,46.51299649999999,6.612349133333335
1854,46.51279128125,6.610356021875
1855,46.52410846,6.60197073
1856,46.53392951770834,6.621895248958333
1857,46.5353986,6.6244584
1858,46.5346561375,6.633394574999999
1859,46.53924423055556,6.633455016666667
1860,46.54072917999999,6.6320803
1861,46.540487856944445,6.631589504166667
1862,46.537055988333336,6.6324431625
1863,46.52805,6.5974672000000005
1864,46.52181505,6.628660935714286
1865,46.51681164090909,6.636576046969697
1866,46.5165383,6.636739
1867,46.51707477083334,6.633833556944445
1868,46.51749675000001,6.62908295
1869,46.5225131,6.6329047
1870,46.5202019,6.625380375000001
1871,46.51983465,6.62861518
1872,46.519074,6.63189281875
1873,46.51946776428572,6.621614764285715
1874,46.515587338888885,6.64050479074074
1875,46.524146751388884,6.617329880555555
1876,46.5294123,6.655730033333334
1877,46.53038008,6.65774617
1878,46.52956275,6.662878474999999
1879,46.52927664999999,6.662719691666666
1880,46.526368978571426,6.656034035714286
1881,46.52532888,6.6582814400000006
1882,46.5254912875,6.6579369625
1883,46.521408775,6.658158161111111
1884,46.51929013125,6.657172858333333
1885,46.523697049999996,6.659984175
1886,46.52113525000001,6.653914616666667
1887,46.521008,6.6544229
1888,46.52104687999999,6.6547251
1889,46.5189351,6.6487278
1890,46.5209772,6.6480903
1891,46.5179702,6.64429475
1892,46.514632864000006,6.6511059239999994
1893,46.51444411666666,6.652048483333334
1894,46.51602765,6.641574319999999
1895,46.524161290625,6.6058915166666665
1896,46.52007804285715,6.612860612857141
1897,46.51979174351852,6.6127495759259265
1898,46.519544887500004,6.612022161666667
1899,46.519502475,6.611425
1900,46.5202426952381,6.606952169047618
1901,46.5181778,6.607804977777778
1902,46.51835368125,6.613273054166667
1903,46.51698991666666,6.610468533333333
1904,46.517832766666665,6.6106806250000005
1905,46.517918900000005,6.609225599999999
1906,46.51854339166667,6.608174860416666
1907,46.516849162499994,6.60679293125
1908,46.51603602,6.61065136
1909,46.515031050000005,6.618590416666667
1910,46.515768300000005,6.6210376
1911,46.5158192,6.6228067
1912,46.51650266666667,6.622512583333333
1913,46.51758092083333,6.617606295833333
1914,46.524010587499994,6.5906776250000005
1915,46.5237719,6.588502500000001
1916,46.5118537,6.616615
1917,46.512921625,6.601577025
1918,46.5288333,6.5979681
1919,46.5307935,6.62754215
1920,46.53201683333333,6.6278917
1921,46.533190850000004,6.628117925000001
1922,46.5333138,6.6276463625
1923,46.53843053999999,6.626201620000001
1924,46.539997979999995,6.621020660000001
1925,46.54290186666666,6.6240616333333335
1926,46.54162860000001,6.619090849999999
1927,46.5339074,6.6252586
1928,46.5375020475,6.617766842500001
1929,46.530926792857144,6.624562678571429
1930,46.5314972,6.6252695
1931,46.52938476666666,6.624282766666667
1932,46.5284213,6.620558307142857
1933,46.52681393666667,6.62274584
1934,46.5250691452381,6.625394070238095
1935,46.53406087857143,6.631826492857143
1936,46.539283,6.6316198
1937,46.54069013333333,6.6316536
1938,46.5340046,6.6177113
1939,46.531134675000004,6.621343700000001
1940,46.522796742857146,6.621383197619047
1941,46.52276356,6.637205140000001
1942,46.5202718,6.6348341
1943,46.51896776666666,6.631249366666666
1944,46.51774105,6.6348614999999995
1945,46.5194486,6.6229495
1946,46.5181599,6.6293254
1947,46.524347033333335,6.653629033333335
1948,46.52102526,6.655005279999999
1949,46.52987495,6.6617185
1950,46.52523810833333,6.658565641666667
1951,46.524477675,6.6625855125
1952,46.5246643,6.661934
1953,46.5247083,6.6616606
1954,46.52481826666667,6.661224849999999
1955,46.5140499,6.6494072
1956,46.51656586666667,6.623262066666666
1957,46.5173881625,6.6052509
1958,46.5180683,6.6081009
1959,46.517502925,6.609568100000001
1960,46.5250789625,6.5877226125
1961,46.5202948,6.597016175
1962,46.5212013,6.5975717
1963,46.51817213333334,6.601322083333334
1964,46.51807217777778,6.613585111111111
1965,46.51873212222222,6.612793033333333
1966,46.521466373928575,6.608412040238095
1967,46.520017016666664,6.609270666666666
1968,46.514707,6.6048843
1969,46.52329255,6.609385625
1970,46.52355575,6.60852255
1971,46.5211943,6.6035271
1972,46.5231196,6.606227533333333
1973,46.5230186,6.6051241
1974,46.5235267,6.6045016
1975,46.52414455,6.60729875
1976,46.52482865,6.60205045
1977,46.5317357375,6.6175523125
1978,46.530283,6.6208511
1979,46.53351843125,6.62024156875
1980,46.53924943333334,6.617571766666667
1981,46.5423686,6.6141791
1982,46.538755223809524,6.617254595238095
1983,46.5404509,6.6176671
1984,46.53981245,6.620777025
1985,46.5354616,6.6242063
1986,46.53848155000001,6.626705783333334
1987,46.541221,6.6203736
1988,46.5324146,6.632253
1989,46.537004966666665,6.63279675
1990,46.5408551,6.6317196
1991,46.5236715,6.6165177
1992,46.51796287380953,6.634750857142857
1993,46.5189198,6.62382515
1994,46.516644150000005,6.64005145
1995,46.5153516,6.6409474
1996,46.516923,6.64371
1997,46.52258515,6.6573085928571425
1998,46.528908916666666,6.655515925
1999,46.530353999999996,6.651652000000001
2000,46.5326241,6.6600481
2001,46.5302666625,6.66018405
2002,46.5268723,6.6564943
2003,46.523882425,6.654715325
2004,46.5264355,6.6511559
2005,46.4545071,6.6515285
2006,46.5143368,6.6525937
2007,46.51698693333333,6.648367299999999
2008,46.5180041,6.6497336
2009,46.519467,6.6461196
2010,46.5152499,6.6254229
2011,46.5166278,6.6239024
2012,46.5157906,6.6217760000000006
2013,46.51721411666667,6.6147932
2014,46.51718111666667,6.613455633333333
2015,46.5195971,6.6123651
2016,46.5188167,6.6126042
2017,46.51681094285714,6.609067885714285
2018,46.5165534,6.6083566
2019,46.513717,6.6114872
2020,46.5167158,6.6075588
2021,46.5157283,6.6107168
2022,46.5166717,6.6113204
2023,46.5161864,6.6104729
2024,46.5154933,6.6123696
2025,46.5156894,6.6144356
2026,46.5163698,6.6102935
2027,46.5152974,6.6151454
2028,46.5160925,6.6151366
2029,46.51507722,6.61367391
2030,46.5141875,6.617365
2031,46.5138261,6.6166303
2032,46.513606,6.6174355
2033,46.5230502,6.6015599
2034,46.5229373,6.6017504
2035,46.522478480000004,6.602539525
2036,46.5211782,6.6152084
2037,46.5227534,6.6109051
2038,46.5265927,6.6047098166666665
2039,46.523965225,6.588788237499999
2040,46.520647749999995,6.5963428
2041,46.517450963888884,6.597901394444445
2042,46.5249728,6.6064372
2043,46.51321638,6.6060729899999995
2044,46.51526222,6.60214302
2045,46.52777686666666,6.5970777
2046,46.5296743,6.6295015
2047,46.5336347,6.6273907
2048,46.5353931,6.6169066
2049,46.528402,6.6226924
2050,46.508846250000005,6.61809835
2051,46.53082701875,6.6215580375
2052,46.53317692,6.630386
2053,46.522176349999995,6.62193315
2054,46.520727,6.631088500000001
2055,46.52261145,6.6331055800000005
2056,46.5207284,6.6362568
2057,46.5201007,6.624218275
2058,46.51988552,6.628016740000001
2059,46.51858635,6.631211283333333
2060,46.51593765,6.64671725
2061,46.5275688375,6.5975234375000005
2062,46.5240954,6.6242427
2063,46.52795793,6.616716029999999
2064,46.53489757395833,6.613145995833333
2065,46.530229194871794,6.613738482051281
2066,46.53456479140212,6.61236607281746
2067,46.530305733333336,6.619096925000001
2068,46.53070983333333,6.617759499999999
2069,46.527998976025636,6.616120643717949
2070,46.52863321433333,6.616603991833332
2071,46.529141798055555,6.6183312
2072,46.526937855505956,6.61418807671131
2073,46.52418654416667,6.633572908750001
2074,46.52383391666667,6.636900441666667
2075,46.523361099999995,6.6340607857142855
2076,46.52946944083333,6.630155618333333
2077,46.5283589,6.5972099
2078,46.521971407440475,6.64621468204365
2079,46.52713125,6.6485520125
2080,46.52631630277778,6.646970711111112
2081,46.52531713229167,6.645388554166667
2082,46.52400898333334,6.645341016666666
2083,46.53947233333334,6.647575566666666
2084,46.51340235,6.6336935
2085,46.5153508,6.6317548
2086,46.512519160000004,6.624913171538462
2087,46.5126743,6.6228117
2088,46.51178245555556,6.637152613888889
2089,46.5133848,6.6303883
2090,46.5144023,6.6256874
2091,46.51122915909091,6.6216661772727266
2092,46.5075101,6.6215429
2093,46.5323999,6.613607300000001
2094,46.53182387856643,6.612972735606061
2095,46.526075325,6.609515975
2096,46.5278982,6.6065946
2097,46.51961831,6.6369831
2098,46.51907310666667,6.63775734
2099,46.5276623,6.6308338
2100,46.522132266,6.6359247733333335
2101,46.52307053333334,6.630704574999999
2102,46.53274697916667,6.629388278125
2103,46.530130566666664,6.629810283333334
2104,46.52260732380952,6.64589526904762
2105,46.527708133333334,6.6451561
2106,46.54074819545454,6.647365104545455
2107,46.539496799999995,6.647836133333333
2108,46.52624270059523,6.638975673809524
2109,46.5274165,6.639373
2110,46.52680635,6.63907595
2111,46.525884535185185,6.636714566666666
2112,46.52631672857142,6.636888228571428
2113,46.52736087272727,6.638639295454545
2114,46.529431719047615,6.640078080952381
2115,46.5241768,6.6246745
2116,46.529987085416664,6.61471134375
2117,46.525049375,6.617812825
2118,46.52811911285715,6.612412314285715
2119,46.5188252,6.6378385
2120,46.5226417,6.6293426
2121,46.52905446,6.64542898
2122,46.538828,6.6518278
2123,46.543003975,6.653619575
2124,46.526935693750005,6.6347091447916675
2125,46.527438000000004,6.635010599999999
2126,46.530906208333334,6.636605989583333
2127,46.53272766785715,6.637583851190477
2128,46.532525295,6.638014
2129,46.517529775,6.618282675
2130,46.5131904,6.6216624
2131,46.51100220000001,6.625873116666667
2132,46.5112547625,6.630317760416666
2133,46.50819048518519,6.639506717592592
2134,46.5108047,6.6384207
2135,46.52555596875,6.624488306250001
2136,46.5211873,6.6192819
2137,46.52672354999999,6.613086783333333
2138,46.52625892291667,6.6142699625
2139,46.5317265,6.6488293
2140,46.542755194444446,6.652568161111111
2141,46.544598,6.649487033333333
2142,46.512319633333334,6.624842600000001
2143,46.50896705,6.63666455
2144,46.51053356296297,6.638889285185185
2145,46.5121451,6.63305805
2146,46.512694,6.6256295
2147,46.511812668750004,6.6228838125000005
2148,46.50657093888889,6.625912505555557
2149,46.5249846,6.6121409
2150,46.5239476,6.6215358
2151,46.5253213,6.6232587
2152,46.5254643,6.6233216
2153,46.5253659,6.6229901
2154,46.52616915,6.6224512
2155,46.5260756,6.6216409
2156,46.5263757,6.6212273
2157,46.5264561,6.6210119
2158,46.52670875,6.62086055
2159,46.5264762,6.6200377
2160,46.526864,6.6195468
2161,46.5313274,6.6158747
2162,46.5315039,6.6157529
2163,46.5332801,6.6147038
2164,46.5400351,6.6105728
2165,46.5332604,6.6139944
2166,46.5310625,6.6143227
2167,46.530148,6.614679
2168,46.5306632,6.6127658
2169,46.5326378,6.6119315
2170,46.53126455,6.61779325
2171,46.5306302,6.617969
2172,46.53051753333333,6.617787633333333
2173,46.5299996,6.6169606
2174,46.529758199999996,6.616498433333334
2175,46.5289871,6.6163672
2176,46.5289618,6.6165715
2177,46.52832,6.6147701
2178,46.5281327,6.6157487
2179,46.5276578,6.6164516
2180,46.5271709,6.6171218
2181,46.527286450000005,6.617208700000001
2182,46.5259895,6.619192699999999
2183,46.52814865,6.61650785
2184,46.5285147,6.6168481
2185,46.5291469,6.6177199
2186,46.52719225,6.62140065
2187,46.5277317,6.6208249
2188,46.52795025,6.618926849999999
2189,46.5276977,6.6198338
2190,46.5288635,6.6185551
2191,46.5275262,6.6157183
2192,46.5250536,6.6213629
2193,46.5207739,6.6210344
2194,46.5208248,6.6192509
2195,46.527354700000004,6.6064712
2196,46.52146160000001,6.638904766666666
2197,46.51987935,6.64124285
2198,46.520921249999994,6.64045265
2199,46.5211799,6.6372951
2200,46.5214698,6.6382349
2201,46.5214617,6.6399825
2202,46.5214963,6.6402053
2203,46.51936245,6.639905799999999
2204,46.51922,6.6382427
2205,46.5191654,6.63414
2206,46.51986121111111,6.633180177777778
2207,46.5252159,6.6344306
2208,46.52447405,6.6325151
2209,46.5246399,6.6323502
2210,46.52418575,6.631429649999999
2211,46.5266385,6.6310107
2212,46.5263761,6.6311608
2213,46.5276233,6.6320133
2214,46.5272034,6.6313044
2215,46.52638685,6.632751150000001
2216,46.5255359,6.6327117
2217,46.523751675,6.6320911250000005
2218,46.52337115,6.6302471999999995
2219,46.5226623,6.6317353
2220,46.523124,6.636453
2221,46.5228645,6.6355641
2222,46.5226366,6.6350436
2223,46.5232542,6.6354527999999995
2224,46.523337,6.636261149999999
2225,46.52426045,6.63525095
2226,46.5229912,6.6343204
2227,46.5220833,6.6342619
2228,46.5195802,6.6364897
2229,46.5208483,6.629832
2230,46.5216798,6.6295323
2231,46.52287845,6.63023065
2232,46.52329555,6.62814
2233,46.5232745,6.6276429
2234,46.5228333,6.6271818
2235,46.52514625,6.62693435
2236,46.5247327,6.6278946
2237,46.52587615,6.62684735
2238,46.5264444,6.627724
2239,46.5266191,6.6280974
2240,46.526011925000006,6.628906775000001
2241,46.5245939,6.6306155
2242,46.5236054,6.6266478
2243,46.5243898,6.6298462
2244,46.5269325,6.6283379
2245,46.5273284,6.6276282
2246,46.5279827,6.6270752
2247,46.533534,6.6291395
2248,46.5293957,6.6317482
2249,46.529110149999994,6.63268995
2250,46.5311531,6.6312747
2251,46.5320133,6.6303921
2252,46.5322287,6.631309
2253,46.528091,6.6315622
2254,46.5287217,6.6318317
2255,46.5288054,6.631682
2256,46.528365687500006,6.630896891666667
2257,46.5260231,6.6251867
2258,46.525887,6.62521735
2259,46.522272,6.6197668
2260,46.52181985000001,6.600113875000001
2261,46.522128249999994,6.59989765
2262,46.509132300000005,6.619098
2263,46.52372830000001,6.6061085
2264,46.5198975,6.635427
2265,46.5197826,6.6351156
2266,46.519248399999995,6.61948495
2267,46.5198767,6.6216414
2268,46.5160312,6.6448649
2269,46.52546935,6.6516559
2270,46.525194,6.6518849
2271,46.5247499,6.652278
2272,46.52449285,6.65322255
2273,46.5243812,6.6530826
2274,46.52367,6.6528237
2275,46.52270874,6.6581158799999995
2276,46.5225027,6.6594548
2277,46.52227871538461,6.660038334615387
2278,46.5222876,6.65508125
2279,46.52299845,6.653983350000001
2280,46.5221239,6.6525015
2281,46.521502,6.6533435
2282,46.5204894,6.6558468
2283,46.5202881,6.656420450000001
2284,46.5225453,6.6564577
2285,46.5236506,6.655029
2286,46.5234822,6.6488495
2287,46.5217467,6.6466029
2288,46.51912265,6.6464947500000005
2289,46.5178881,6.6470401
2290,46.522166975000005,6.647471854999999
2291,46.5216841,6.645641
2292,46.52182870000001,6.6457431
2293,46.5145629,6.652774
2294,46.5150037875,6.645941649999999
2295,46.5139503,6.6491846
2296,46.527113499999984,6.597566799999999
2297,46.5187198,6.6153517
2298,46.519397100000006,6.6330708000000005
2299,46.516414,6.6107816
2300,46.518593287499996,6.6129119
2301,46.5185562,6.61894406
2302,46.52802626666667,6.5977676999999995
2303,46.536908800000006,6.61361385
2304,46.5279506,6.625748099999999
2305,46.52071418888889,6.633090500000001
2306,46.51750517777778,6.611800425
2307,46.5333237,6.6254665500000005
2308,46.5342119,6.621754
2309,46.52247118333334,6.626670333333333
2310,46.5183381,6.607412350000001
2311,46.5173463,6.6060817
2312,46.52047879999999,6.609678225
2313,46.525244,6.6038324
2314,46.526422999999994,6.6048497
2315,46.527009275,6.6038903
2316,46.5201006,6.6317052
2317,46.519137300000004,6.615319199999999
2318,46.5130702,6.605634
2319,46.520394,6.600252
2320,46.520491,6.5999357
2321,46.5203651,6.5997424
2322,46.5164046,6.5978468
2323,46.51648738,6.61938286
2324,46.5165334,6.62516895
2325,46.521643100000006,6.6270045
2326,46.5284914,6.6302827
2327,46.5386049,6.62466905
2328,46.508876,6.618808966666666
2329,46.5226086,6.624299
2330,46.51988755,6.621881087499999
2331,46.531179,6.6096792
2332,46.53072455,6.6080378500000005
2333,46.527333475,6.6093664
2334,46.51496929534188,6.632044406068376
2335,46.5117825,6.60245186
2336,46.53013443928571,6.613326117380952
2337,46.52771829285715,6.616869583333334
2338,46.5217063,6.6186126
2339,46.5209754,6.6177882
2340,46.5266135,6.6335902
2341,46.5240841,6.6410848
2342,46.523536070000006,6.64694875
2343,46.527601589999996,6.647225879999999
2344,46.54347533333333,6.6497237
2345,46.539103139999995,6.650482579999999
2346,46.52674269166667,6.649108166666667
2347,46.5255114,6.638743
2348,46.5150076,6.63259955
2349,46.524932449999994,6.61402815
2350,46.53017871666666,6.614962325
2351,46.52963331666667,6.614132033333334
2352,46.525540875000004,6.6257771
2353,46.511758224999994,6.6027122
2354,46.526053483333335,6.636461916666666
2355,46.527704125,6.63396225
2356,46.527491749999996,6.63454945
2357,46.516929,6.62377719
2358,46.512243,6.640348225
2359,46.5122869375,6.643547874999999
2360,46.5107641,6.6213109
2361,46.52795823333334,6.6178273533333325
2362,46.527059,6.6495178
2363,46.53062326666667,6.636602366666666
2364,46.52357056666667,6.623361733333333
2365,46.52771055,6.6214393000000005
2366,46.52618345,6.615632099999999
2367,46.51928480000001,6.6447443250000005
2368,46.523802775,6.635365436111112
2369,46.5240971,6.6362248
2370,46.5231251,6.6310698
2371,46.5220173,6.6407977
2372,46.5414801,6.6424258
2373,46.532486827777774,6.638686605555556
2374,46.511402499999996,6.640175939999999
2375,46.508213075,6.62901745
2376,46.53758911410255,6.657472666666668
2377,46.532436114814814,6.655763
2378,46.53608930277778,6.662849568518519
2379,46.53680027142857,6.661396071428571
2380,46.53655976666667,6.66105765
2381,46.53769305625,6.665081889583334
2382,46.538058942222214,6.664352572222223
2383,46.539836578030304,6.664705146818181
2384,46.539187444444444,6.664553997222224
2385,46.53813111903572,6.666130270436507
2386,46.5383677969697,6.667179907575758
2387,46.53806456565656,6.667311126587301
2388,46.534583375000004,6.662055625
2389,46.5341681702381,6.660954877380953
2390,46.534326585416665,6.6593705312500004
2391,46.53525644583334,6.6566806708333335
2392,46.53498432916666,6.653915464583333
2393,46.534871213333325,6.653332471666667
2394,46.5353904,6.6354799
2395,46.54003205,6.660041775
2396,46.53374607166667,6.65574817
2397,46.528483022530864,6.651053274691359
2398,46.527411695238094,6.65179950952381
2399,46.53551319583333,6.66234041875
2400,46.53528943333333,6.661676905392158
2401,46.5352999,6.66522085
2402,46.534276945,6.649787785000001
2403,46.53476345,6.657458075
2404,46.53367536,6.654980589999999
2405,46.53590173333333,6.663080699999999
2406,46.536766,6.662039725
2407,46.53728834333334,6.664707960000001
2408,46.53893020454546,6.66693995
2409,46.53918196875,6.667868374999999
2410,46.53459832,6.661653660000001
2411,46.5344506,6.660516488888889
2412,46.53819386666667,6.6497617333333325
2413,46.53757095,6.64893974
2414,46.537290090000006,6.64870753
2415,46.53389924166667,6.634014083333334
2416,46.527603337037036,6.650601657407408
2417,46.5277501,6.6514765
2418,46.5339525,6.6205366
2419,46.523405274999995,6.620989825
2420,46.52619345,6.65275125
2421,46.520651566666665,6.595933166666666
2422,46.51843053333334,6.624481433333334
2423,46.526715707142856,6.6567893428571425
2424,46.52004162142857,6.658895578571429
2425,46.5209319,6.6553102
2426,46.5219925,6.607824875
2427,46.5433642,6.623726
2428,46.53515,6.6161496
2429,46.5207464,6.6294222
2430,46.52199406666667,6.6050751666666665
2431,46.52421485,6.60508265
2432,46.5170292,6.6084059
2433,46.5184378,6.61910925
2434,46.517045,6.6366149
2435,46.5221837,6.6376354
2436,46.524915,6.6369808
2437,46.52084495,6.6377696
2438,46.520484,6.63827815
2439,46.51875795,6.6376062000000005
2440,46.5307774,6.6296927
2441,46.54210783333334,6.6521891
2442,46.539798149999996,6.6484605
2443,46.53878913333333,6.646312966666667
2444,46.51343688333333,6.632690066666667
2445,46.5287112,6.6030828
2446,46.5280864,6.6044937
2447,46.5279368,6.6049991
2448,46.528002400000005,6.605821649999999
2449,46.5279734,6.6063606
2450,46.5295122,6.6076125
2451,46.5320101,6.6093167
2452,46.5315653,6.6101475
2453,46.5315593,6.6090885
2454,46.5315592,6.6078328
2455,46.53140695,6.6077544
2456,46.52765780000001,6.6084316
2457,46.5282099,6.6063922
2458,46.52882,6.6092735
2459,46.5331195,6.6080491
2460,46.5317975,6.6087029
2461,46.5277452,6.6095469
2462,46.5280932,6.607128099999997
2463,46.5275032,6.6102303
2464,46.5283768,6.609513625
2465,46.521807450000004,6.6389833000000005
2466,46.5223405,6.6394866
2467,46.5223451,6.6387905
2468,46.5226413,6.6403492
2469,46.5189215,6.636718
2470,46.51923955,6.637775599999999
2471,46.51893185,6.63878925
2472,46.5199291,6.639931
2473,46.5199496,6.64159
2474,46.5200706,6.6403986
2475,46.5197858,6.6402587
2476,46.519976400000004,6.638620250000001
2477,46.5206926,6.6377357
2478,46.52017113333333,6.636631066666666
2479,46.5194942,6.6394156
2480,46.51830975,6.6390686500000005
2481,46.52064325,6.63823985
2482,46.5194444,6.6364518
2483,46.52440921666667,6.633495416666666
2484,46.5250774,6.6340074
2485,46.526474449999995,6.6344895
2486,46.5236159,6.6340352
2487,46.52729590000002,6.635118499999999
2488,46.5247492,6.62566135
2489,46.5216782,6.6421032
2490,46.5223351,6.6460158
2491,46.5415299,6.6419681
2492,46.538450833333336,6.646940600000001
2493,46.526325650000004,6.63928605
2494,46.5264857,6.6374133
2495,46.5070898,6.6342367
2496,46.530012936666665,6.618192443333333
2497,46.529892149999995,6.617960725
2498,46.52273305,6.63407995
2499,46.5195792,6.634526
2500,46.52904290000001,6.62855075
2501,46.5288955,6.6515187
2502,46.5291186,6.6515889
2503,46.5300716,6.6510944
2504,46.5285342,6.6494098
2505,46.5269543,6.6078725
2506,46.52623196666667,6.633832333333333
2507,46.542853,6.6535086
2508,46.5103211,6.6250366
2509,46.508896625,6.617873274999999
2510,46.508592633333336,6.617238316666666
2511,46.5247672,6.6374889
2512,46.5189265,6.6379312
2513,46.52364440769231,6.632932615384616
2514,46.5241682,6.6508758
2515,46.5226186,6.660821600000001
2516,46.5172763,6.6517355
2517,46.5149593,6.6505052
2518,46.5150345,6.6480987
2519,46.5148001,6.64544265
2520,46.5139352,6.6447912
2521,46.5321389,6.6560073
2522,46.53006849166667,6.651435358333333
2523,46.52868593333333,6.650776166666667
2524,46.53373317083333,6.660204684375
2525,46.534975009259256,6.650423083333333
2526,46.53468642037037,6.648996446296297
2527,46.53467940833334,6.648563533333333
2528,46.536088045654765,6.6498565704761905
2529,46.535410416666664,6.65083516875
2530,46.53382096666667,6.6477771444444445
2531,46.5376528,6.6499538
2532,46.54150405,6.656765350000001
2533,46.5343492,6.635432416666667
2534,46.53334716,6.65170773
2535,46.53494580833333,6.66077865
2536,46.53426851428572,6.659002257142857
2537,46.535141357142855,6.6490360214285715
2538,46.53552685666667,6.649545541666667
2539,46.5355415,6.6501324833333335
2540,46.5378534,6.649151574999999
2541,46.530477937499995,6.6518139375
2542,46.534931375,6.650814424999999
2543,46.53494776666667,6.6501148
2544,46.534981675,6.6489083749999995
2545,46.533593662499996,6.647604375
2546,46.5336463,6.6590341
2547,46.5333259,6.660952
2548,46.534862600000004,6.658815785714286
2549,46.53270515,6.66517305
2550,46.53684716666667,6.661798700000001
2551,46.5376202,6.6648521
2552,46.5347202375,6.660717937499999
2553,46.535182133333336,6.6608347
2554,46.529056,6.6347457
2555,46.5330192,6.6551126499999995
2556,46.5355244,6.6625808
2557,46.539403619999995,6.66758992
2558,46.53465517666667,6.662522656666667
2559,46.53589963333334,6.660017533333334
2560,46.541619049999994,6.657550349999999
2561,46.538745420000005,6.62208285
2562,46.53187979999999,6.625981066666667
2563,46.521438,6.6365298500000005
2564,46.5215679,6.6368983
2565,46.5185517,6.62494365
2566,46.52299718333334,6.616954766666666
2567,46.5300283,6.6596712
2568,46.5299205,6.6614202
2569,46.5284312,6.6604579
2570,46.525900766666666,6.657129966666666
2571,46.52871251249999,6.657170925000001
2572,46.5263362,6.6552486
2573,46.520995775,6.6145759875
2574,46.5203455,6.6099
2575,46.524858050000006,6.60659285
2576,46.5174315,6.6058836
2577,46.5192142,6.599469
2578,46.5218423,6.5998186
2579,46.52200793333333,6.600239075
2580,46.52628025,6.60311865
2581,46.52469426666667,6.573905033333333
2582,46.5165402,6.620727366666667
2583,46.5152117,6.613767
2584,46.515513,6.616519
2585,46.51547955,6.61560005
2586,46.513192,6.6052267
2587,46.51151236666667,6.6113398
2588,46.522791500000004,6.6016965
2589,46.522633,6.6020889
2590,46.5144445,6.5994803
2591,46.532549700000004,6.6096103
2592,46.5181313,6.6393918
2593,46.5388774,6.6519891
2594,46.5393821,6.6521415
2595,46.5390765,6.6518225
2596,46.54226573333333,6.651129466666667
2597,46.5268302,6.6348765
2598,46.51664398333334,6.624735616666667
2599,46.508943650000006,6.633731
2600,46.5083493,6.6236456
2601,46.521006650000004,6.6416187
2602,46.53296328333334,6.652024258333334
2603,46.5333263,6.6514002
2604,46.5389576,6.668136
2605,46.5357304,6.6511517
2606,46.5339146,6.6355075
2607,46.5292642,6.6193562
2608,46.5265242,6.62234
2609,46.524034,6.6183665
2610,46.5242056,6.6177585
2611,46.523818649999996,6.616402600000001
2612,46.52431,6.6514851
2613,46.5307002375,6.657818275
2614,46.512968900000004,6.6456808333333335
2615,46.5136517,6.6480756
2616,46.513586,6.6502727
2617,46.5183618,6.6315873
2618,46.51894412777778,6.608424805555555
2619,46.5172152,6.60516865
2620,46.53180920833333,6.6240826083333335
2621,46.5211204,6.6353649
2622,46.5199674,6.635642
2623,46.5175877,6.629236
2624,46.4925338,6.6596867
2625,46.5299587,6.6525751
2626,46.5298369,6.6521498
2627,46.5274447,6.6531772
2628,46.5244168,6.6522416
2629,46.5239541,6.650928
2630,46.5241866,6.6546583
2631,46.52194875,6.65831985
2632,46.52235705,6.659143974999999
2633,46.5248033,6.6618131
2634,46.524036,6.656989
2635,46.52312,6.6538216
2636,46.5226092,6.6525275
2637,46.5216438,6.6535454
2638,46.5201038,6.6547865
2639,46.5204181,6.6544733
2640,46.5227345,6.6560057
2641,46.52492445,6.65321485
2642,46.5294603,6.6627374
2643,46.5292027,6.6623627
2644,46.5264617,6.6529358
2645,46.5263647,6.6524164
2646,46.5217349,6.6474339
2647,46.5202009,6.6449715
2648,46.5229136,6.6492442
2649,46.5170855,6.6460921
2650,46.5171225,6.6467553
2651,46.5170567,6.646969
2652,46.5181896,6.649961
2653,46.51999095,6.60957
2654,46.518390499999995,6.6083917
2655,46.5250921,6.5654906
2656,46.53127655,6.62827095
2657,46.5185008,6.6281043
2658,46.54198725,6.6252139
2659,46.51752855,6.6301474
2660,46.5232774,6.6198811
2661,46.5249438,6.6499237
2662,46.513860025,6.612858775
2663,46.522253,6.6008182
2664,46.5176417,6.5979728
2665,46.5131669,6.6105064
2666,46.5265821,6.6489214
2667,46.5122652,6.6264731999999995
2668,46.5094818,6.6271545
2669,46.509306699999996,6.6355549
2670,46.52822614444445,6.604037011111111
2671,46.52696203333333,6.607170324999999
2672,46.5181733,6.6400503
2673,46.52812000000001,6.632872988461538
2674,46.53030045,6.6309568500000005
2675,46.5227927,6.645931533333333
2676,46.5115513,6.6222261
2677,46.5129258,6.632710825
2678,46.52699215,6.6193328000000005
2679,46.52740905,6.61920275
2680,46.5876466,6.773677399999999
2681,46.5263572,6.6201825
2682,46.52797,6.6181716
2683,46.5292872,6.6155511
2684,46.5293572,6.6148852
2685,46.5291434,6.6145481
2686,46.5288294,6.61440075
2687,46.5288166,6.6138739
2688,46.527667,6.6181176
2689,46.5289261,6.6135381
2690,46.5293939,6.6127693
2691,46.5293626,6.6065354
2692,46.5297452,6.6063772
2693,46.5298089,6.6059781
2694,46.5300339,6.6049764
2695,46.52247585,6.6382515
2696,46.5267432,6.6254345
2697,46.5269591,6.6265262
2698,46.5276511,6.6281053
2699,46.5263505,6.6284426
2700,46.526509950000005,6.62888585
2701,46.52600160000001,6.629458500000003
2702,46.53882305,6.647334750000001
2703,46.5170992,6.622978
2704,46.5129783,6.6202083
2705,46.513352,6.6318825
2706,46.5211688,6.6187062
2707,46.5141115,6.6308065
2708,46.50803495,6.62755145
2709,46.508591233333334,6.637322233333333
2710,46.5286074,6.5975667
2711,46.51917243333333,6.634336333333334
2712,46.527155,6.639872
2713,46.5338407,6.6442422
2714,46.5181726,6.6203625
2715,46.5129553,6.630182
2716,46.53093517222222,6.653177494444445
2717,46.532627433333325,6.652045166666667
2718,46.53344135,6.661690050000001
2719,46.53576073333334,6.663074133333333
2720,46.5361513,6.6612246
2721,46.5325111,6.6519981
2722,46.5365028,6.6344959
2723,46.5168235,6.6145346
2724,46.5167723,6.6139948
2725,46.5164864,6.6157294
2726,46.5161474,6.6174929
2727,46.5162896,6.6174885
2728,46.5174886,6.6173043
2729,46.5162303,6.6143546
2730,46.5175136,6.6180413
2731,46.5135725,6.6143013
2732,46.5163962,6.6077537
2733,46.5163605,6.6075188
2734,46.532388133333335,6.624674200000001
2735,46.533196366666665,6.625423333333333
2736,46.5397505,6.6242873
2737,46.541287249999996,6.62016745
2738,46.54384285,6.623279800000001
2739,46.550860300000004,6.618678666666667
2740,46.5415539,6.6188923
2741,46.53613546666667,6.619059833333334
2742,46.528070766666666,6.6253264666666665
2743,46.5292881,6.6216095
2744,46.5298594,6.6295656
2745,46.5295572,6.6293148
2746,46.5288325,6.6299552
2747,46.5341656,6.6333968
2748,46.52218145,6.6259593
2749,46.5218669,6.6253242
2750,46.5209803,6.6290664
2751,46.5214878,6.6274701
2752,46.520755,6.6319155
2753,46.5209569,6.6359936
2754,46.5219804,6.6372902
2755,46.521214224999994,6.636792625
2756,46.5203697,6.6313733
2757,46.5207815,6.6291527
2758,46.520837900000004,6.6283460000000005
2759,46.5212114,6.6253129
2760,46.521466,6.6243831
2761,46.52170638,6.624913619999999
2762,46.5224074,6.6244507
2763,46.519613,6.6213876
2764,46.5200424,6.621378
2765,46.5216773,6.6337488
2766,46.52247991666667,6.632679916666667
2767,46.5181866,6.6317192
2768,46.5174009,6.6307266
2769,46.51417216666667,6.639233300000001
2770,46.5152926,6.6370755
2771,46.5178222,6.6436275
2772,46.5189144,6.6317626
2773,46.522525474999995,6.61934545
2774,46.5232866,6.6185872
2775,46.5229084,6.6166739
2776,46.5330407,6.6484345
2777,46.5292245,6.6556428
2778,46.5297559,6.6566771
2779,46.5300691,6.6603804
2780,46.5239535,6.6572015
2781,46.5163213,6.6526206
2782,46.52393143333333,6.608856500000001
2783,46.5232063,6.6090754
2784,46.523492,6.6112326
2785,46.5209863,6.6131085
2786,46.5217499,6.6091254
2787,46.5218541,6.608709
2788,46.52203345,6.6080442
2789,46.529027,6.601132
2790,45.9471863,5.941383
2791,46.0106541,5.893844199999999
2792,46.52041,6.6226308
2793,46.517834050000005,6.63285145
2794,46.5182007,6.6262947
2795,46.5211433,6.6343198
2796,46.5218034,6.6327766
2797,46.5221468,6.6331509
2798,46.5214341,6.6326636
2799,46.5199065,6.634739
2800,46.5205031,6.6341888
2801,46.5191512,6.6312032
2802,46.51885661666667,6.632195583333333
2803,46.5179117,6.631507
2804,46.532646,6.6486717
2805,46.5299894,6.6523971
2806,46.5250493,6.6522688
2807,46.5187833,6.6534488
2808,46.5152143,6.6535782
2809,46.5153403,6.6485814
2810,46.5202213,6.6499671
2811,46.5198881,6.6510977
2812,46.5206957,6.6312572
2813,46.5207177,6.6132122
2814,46.5258883,6.6041766
2815,46.5133039,6.6159031
2816,46.5083058,6.6127878
2817,46.5162273,6.6186825
2818,46.5181004,6.6110085
2819,46.51510133333333,6.6099062
2820,46.5280553,6.601730800000001
2821,46.5138134,6.6185647
2822,46.5178137,6.6171835
2823,46.517097,6.64318355
2824,46.5166799,6.63818295
2825,46.5162141,6.645375
2826,46.52217136666667,6.659781866666666
2827,46.52039153333333,6.655491933333333
2828,46.52008686666667,6.645041866666666
2829,46.5169608,6.6063155
2830,46.5229438,6.6077144
2831,46.5249499,6.6034
2832,46.5255977,6.6041439
2833,46.5216816,6.6041786
2834,46.5157882,6.6246327
2835,46.5168332,6.6199483
2836,46.5168439,6.6196464
2837,46.5186108,6.6179379
2838,46.5183834,6.6179032
2839,46.5168952,6.6175962
2840,46.5169023,6.6157133
2841,46.528243775,6.597732125
2842,46.5150221,6.6128882
2843,46.5156543,6.6164437
2844,46.5147565,6.6152319
2845,46.5355533,6.6675861
2846,46.5263646,6.5953227
2847,46.523583,6.6192883
2848,46.5273686,6.617446
2849,46.5215613,6.6206175
2850,46.524391,6.6162778
2851,46.5251667,6.602663800000001
2852,46.5246545,6.6217629
2853,46.5273713,6.6185597000000005
2854,46.5353072,6.6083798
2855,46.5288173,6.61069305
2856,46.5264557,6.6130698
2857,46.52092280000001,6.6253825
2858,46.5206672,6.637982
2859,46.5199844,6.6375102
2860,46.519313100000005,6.637253683333333
2861,46.52423045,6.6359626
2862,46.5268921,6.6281162
2863,46.5258612,6.6095386
2864,46.5262,6.6094763
2865,46.5240728,6.6149582
2866,46.5258188,6.6229288
2867,46.5247374,6.622138
2868,46.5261099,6.6204507
2869,46.5265071,6.6211625
2870,46.5248936,6.6219324
2871,46.5339832,6.6117049
2872,46.5300605,6.6171932
2873,46.5293719,6.6198901
2874,46.5283813,6.6157934
2875,46.5276794,6.6166282
2876,46.5257183,6.6193358
2877,46.5240696,6.6382714
2878,46.5310074,6.6295952
2879,46.521156500000004,6.6407633
2880,46.5234079,6.6405154
2881,46.5261381,6.6473273
2882,46.54331246666666,6.652440066666666
2883,46.5415501,6.6484289
2884,46.540954,6.6471664
2885,46.5410114,6.6432352
2886,46.5401173,6.6413114
2887,46.5382789,6.6473134
2888,46.5366524,6.6484588
2889,46.5328057,6.6474945
2890,46.5326517,6.6478811
2891,46.5264034,6.6487027
2892,46.521178,6.614368399999998
2893,46.5106244,6.6326643
2894,46.5103457,6.6332191
2895,46.5085865,6.63440135
2896,46.5098275,6.6362074
2897,46.5123107,6.6400511
2898,46.5148829,6.626894
2899,46.511196,6.629080699999999
2900,46.5051947,6.627733216666667
2901,46.5080363,6.6222019
2902,46.5071035,6.6209324
2903,46.5270136,6.5973694
2904,46.5235753,6.6147224
2905,46.52367253333333,6.6370431000000005
2906,46.5240007,6.6336156
2907,46.52557025,6.63499385
2908,46.521729,6.634894433333334
2909,46.5205582,6.6389953
2910,46.522052200000005,6.6412119999999994
2911,46.52435535,6.6471806
2912,46.5240204,6.6456824
2913,46.5301236,6.6467697
2914,46.5283829,6.6386247
2915,46.5285197,6.6385478
2916,46.5269873,6.638539
2917,46.5324283,6.6391159
2918,46.5223913,6.610880599999999
2919,46.5125747,6.6229636
2920,46.509640983333334,6.634510133333333
2921,46.5107113,6.6211566
2922,46.5099164,6.6243425
2923,46.51118405,6.62930885
2924,46.5096754,6.6299031
2925,46.5104642,6.6301135
2926,46.52118795,6.6377254
2927,46.5178278,6.6398417
2928,46.5311738,6.6305833
2929,46.5323135,6.6290179
2930,46.52746905,6.59793975
2931,46.5241694,6.62406955
2932,46.5244282,6.6246871
2933,46.5336149,6.6140572
2934,46.5273849,6.6176123
2935,46.5081787,6.6265275
2936,46.53386535,6.65053115
2937,46.53537359999999,6.656309266666667
2938,46.5355234,6.6503843499999995
2939,46.5395416,6.66747285
2940,46.5371559,6.6351224
2941,46.5293554,6.6555323
2942,46.5292261,6.6560935
2943,46.521751,6.658489925
2944,46.52541195,6.6605553749999995
2945,46.51903883333333,6.6467486
2946,46.51759585,6.609393300000001
2947,46.5157278,6.6213974
2948,46.5146178,6.6052159
2949,46.5310722,6.62344805
2950,46.5314131,6.6281854
2951,46.5315407,6.6281396
2952,46.52830453999999,6.597443659999999
2953,46.52338195,6.6177541
2954,46.5168744,6.6349639
2955,46.521561375,6.623140475
2956,46.5145532,6.6353262
2957,46.5315867,6.6593959
2958,46.517633,6.6496583
2959,46.5200105,6.6505964
2960,46.5286543,6.5983109
2961,46.5388153,6.6246746
2962,46.53867376666667,6.621870333333334
2963,46.5095732,6.6159148
2964,46.50973696666667,6.616058466666668
2965,46.5158656,6.636576
2966,46.5211793,6.6287689
2967,46.521367,6.632926933333333
2968,46.516515850000005,6.6342501
2969,46.5165801,6.6343962
2970,46.5187694,6.6349482
2971,46.5195083,6.6305013
2972,46.523436950000004,6.616887425
2973,46.5248299,6.6608452
2974,46.5208557,6.5969148
2975,46.5222349,6.6029275
2976,46.5304607,6.6273916
2977,46.538458500000004,6.6246370500000005
2978,46.5400102,6.62078505
2979,46.5379398,6.6201249
2980,46.5391545,6.6126642
2981,46.5291479,6.6216133
2982,46.5325695,6.6325396
2983,46.52084296666667,6.626638466666667
2984,46.4767792,6.6620138
2985,46.47567,6.666219
2986,46.5201903,6.635259
2987,46.522118899999995,6.6213836
2988,46.5229607,6.6176338
2989,46.5156594,6.6374008
2990,46.5154401,6.6347167
2991,46.5153172,6.639976
2992,46.5153367,6.6392073
2993,46.5167118,6.6384888
2994,46.51673565,6.64395625
2995,46.5155,6.6444527
2996,46.5155012,6.6434186
2997,46.5193018,6.6315496
2998,46.5300171,6.6522036
2999,46.525361450000005,6.65643505
3000,46.5263256,6.6518916
3001,46.5239471,6.6532552
3002,46.5245257,6.6511147
3003,46.5240098,6.6561692
3004,46.5222188,6.6585839
3005,46.516973,6.6118387
3006,46.528426499999995,6.597818699999999
3007,46.514666,6.6050401
3008,46.5193179,6.6033467
3009,46.5217759,6.6022546
3010,46.5393455,6.6212512
3011,46.5404161,6.6318161
3012,46.5179255,6.6334657
3013,46.5223478,6.6199213
3014,46.5221678,6.6336115
3015,46.51933255,6.631849949999999
3016,46.522466816666665,6.63470505
3017,46.5216573,6.6325726
3018,46.5227171,6.6337166
3019,46.517757,6.6407202
3020,46.5181368,6.6387926
3021,46.5171587,6.6380268
3022,46.5156931,6.6347264
3023,46.5161799,6.6352874
3024,46.5142628,6.6352432
3025,46.5141094,6.6385064
3026,46.51361243333333,6.6381042
3027,46.5139844,6.6394096
3028,46.5137221,6.6405061
3029,46.5163069,6.6395165
3030,46.516365,6.6373158
3031,46.5323812,6.6555242
3032,46.5272742,6.652085
3033,46.5334435,6.6514132
3034,46.5316829,6.6595058
3035,46.5227526,6.6415796
3036,46.5281605,6.6417707
3037,46.5334286,6.6470908
3038,46.5286584,6.6433911
3039,46.5215897,6.6453882
3040,46.5212134,6.6438086
3041,46.5400689,6.6540035
3042,46.5453175,6.6487252
3043,46.5450315,6.648697
3044,46.5437779,6.6478492
3045,46.5438914,6.6477194
3046,46.5440555,6.6446589
3047,46.5436765,6.64614175
3048,46.5413971,6.6485802
3049,46.540764,6.6476544
3050,46.5401137,6.6473836
3051,46.5399356,6.6475265
3052,46.5395004,6.6471992
3053,46.5407535,6.6440754
3054,46.5406908,6.6436546
3055,46.5404765,6.6416282
3056,46.5404193,6.6449411
3057,46.5411882,6.6497477
3058,46.5395234,6.6483298
3059,46.5407318,6.6513619
3060,46.5374551,6.6475544
3061,46.5327641,6.6479217
3062,46.5325712,6.648334
3063,46.5319984,6.648632
3064,46.5303169,6.6485923
3065,46.5249449,6.6384235
3066,46.5274477,6.6402865
3067,46.52645285,6.63960465
3068,46.52661105,6.6380203
3069,46.5283764,6.6381592
3070,46.5286554,6.63805
3071,46.5265502,6.6384127
3072,46.5258523,6.63798975
3073,46.5255608,6.6372031
3074,46.5257786,6.6363595
3075,46.5265633,6.634831
3076,46.5271014,6.6346944
3077,46.528132,6.6346172
3078,46.5307995,6.6362488
3079,46.5318243,6.6366377
3080,46.5328612,6.6368088
3081,46.5322327,6.6370887
3082,46.5331236,6.6374248
3083,46.5320643,6.6393953
3084,46.5130409,6.6341782
3085,46.5135522,6.6336069
3086,46.5138787,6.6335405
3087,46.5137339,6.6314303
3088,46.514018,6.6318542
3089,46.515710999999996,6.631693
3090,46.5151563,6.629506749999999
3091,46.5169168,6.6203174
3092,46.5178893,6.6207548
3093,46.5146891,6.6255322
3094,46.512554225,6.6254711
3095,46.5116016,6.6270133
3096,46.5085416,6.6278442
3097,46.5119363,6.6249043
3098,46.5080586,6.6259002
3099,46.5086246,6.6262272
3100,46.511393025000004,6.6262159
3101,46.5116449,6.6257333
3102,46.5090882,6.6394174
3103,46.5096775,6.6359725
3104,46.5110052,6.6376247
3105,46.5097493,6.6369756
3106,46.5117949,6.6368351
3107,46.5122943,6.6397875
3108,46.5110637,6.6395329
3109,46.5114627,6.6387045
3110,46.51151145,6.6395497500000005
3111,46.512051,6.6401193
3112,46.5125694,6.6431754
3113,46.5121145,6.6435679
3114,46.5102489,6.6353092
3115,46.5098996,6.6355544
3116,46.510878,6.6327363
3117,46.5111926,6.631874
3118,46.5113309,6.6325114
3119,46.5121736,6.6338123
3120,46.5107896,6.6356893
3121,46.511370025,6.6299960250000005
3122,46.5144871,6.6323178
3123,46.5151085,6.6281893
3124,46.5150665,6.6273157
3125,46.5151552,6.6271004
3126,46.5152622,6.6273425
3127,46.5147761,6.6263011
3128,46.514761,6.6266063
3129,46.5141473,6.6276843
3130,46.5138459,6.6274372
3131,46.5132054,6.6273074
3132,46.5130306,6.6267987
3133,46.5124657,6.6271863
3134,46.5120425,6.6275557
3135,46.5117781,6.6265435
3136,46.5124917,6.6279859
3137,46.5144031,6.6252171
3138,46.5144947,6.6261118
3139,46.5126371,6.6246199
3140,46.5125008,6.6241175
3141,46.5119999,6.623594
3142,46.5111645,6.6226952
3143,46.5099592,6.6255671
3144,46.507702349999995,6.627574883333334
3145,46.5095294,6.6068272
3146,46.5239165,6.6204355
3147,46.4897647,6.6074879
3148,46.5241831,6.62388275
3149,46.5226083,6.6129596
3150,46.5245637,6.6245051
3151,46.5294729,6.6167995
3152,46.5307256,6.6148395
3153,46.5310534,6.6135241
3154,46.534141,6.6118144
3155,46.5342325,6.6132669
3156,46.532754950000005,6.6130925750000005
3157,46.5264087,6.6191999
3158,46.5264966,6.6190662
3159,46.52650455,6.6177759
3160,46.5267495,6.6175948
3161,46.5288384,6.6196568
3162,46.5273229,6.6210972
3163,46.5280754,6.6171179
3164,46.5276485,6.6155763
3165,46.52608535,6.61749785
3166,46.5263252,6.6183365
3167,46.5260015,6.6183301
3168,46.5209511,6.6210045
3169,46.5275664,6.6094868
3170,46.5282476,6.6101174
3171,46.5279306,6.6104184
3172,46.5266165,6.6097503
3173,46.52601009999999,6.61241435
3174,46.5255845,6.6134413
3175,46.5319973,6.6111183
3176,46.5271309,6.6155858
3177,46.5283308,6.6107889
3178,46.5275968,6.6112091
3179,46.52834145,6.611129
3180,46.5244304,6.61648355
3181,46.524153,6.6212735
3182,46.5250009,6.6184828
3183,46.5265674,6.6154017
3184,46.5267583,6.614410100000001
3185,46.5280284,6.6126662
3186,46.528239150000005,6.61259265
3187,46.52340505,6.6369834999999995
3188,46.5202317,6.6405221
3189,46.5208941,6.6397458
3190,46.5210689,6.6400424
3191,46.5212729,6.6375834
3192,46.51898135,6.640268600000001
3193,46.51850985,6.639973299999999
3194,46.5179609,6.6399964
3195,46.5186345,6.6386718
3196,46.5262168,6.6347938
3197,46.5238295,6.6328574
3198,46.5241156,6.631221
3199,46.5232611,6.6306148
3200,46.5242605,6.6310681
3201,46.5232308,6.6372306
3202,46.5226165,6.635338
3203,46.5199491,6.6328221
3204,46.5239232,6.6292629
3205,46.523588,6.6299371
3206,46.5234555,6.6299199
3207,46.5223725,6.6294902
3208,46.5253233,6.6281919
3209,46.5245692,6.6269161
3210,46.5246064,6.6293678
3211,46.527603,6.6279011
3212,46.5259564,6.6317873
3213,46.5294794,6.6315129
3214,46.52852085,6.6304563000000005
3215,46.5301106,6.6295358
3216,46.5320101,6.6295322
3217,46.531443,6.6297305
3218,46.5257448,6.6251857
3219,46.5259173,6.6258449
3220,46.5274991,6.599647299999999
3221,46.5293276,6.6457681
3222,46.5268232,6.6417382
3223,46.5237491,6.642398
3224,46.5240142,6.6443584
3225,46.5208991,6.6452106
3226,46.5207747,6.6454197
3227,46.5209756,6.64319155
3228,46.5220661,6.6468853
3229,46.5245601,6.6482838
3230,46.5273467,6.6486313
3231,46.5237846,6.6464885
3232,46.5241509,6.6479683
3233,46.5239099,6.647248
3234,46.5238846,6.6470691
3235,46.5230912,6.6465501
3236,46.5237776,6.6455283
3237,46.528329,6.6474805
3238,46.5276498,6.6494616
3239,46.541761,6.6569491
3240,46.542891,6.649368
3241,46.5406857,6.6411763
3242,46.5365664,6.6478459
3243,46.53222725,6.6475677
3244,46.5265095,6.6485799
3245,46.5260319,6.6498596
3246,46.5258802,6.6497619
3247,46.5255807,6.649715
3248,46.5263374,6.6399276
3249,46.526964,6.6396054
3250,46.5261269,6.6366424
3251,46.5284413,6.6338581
3252,46.5157039,6.632604599999999
3253,46.5158008,6.6297961
3254,46.5067591,6.6277619
3255,46.5096071,6.6256886
3256,46.8634155,6.6572595
3257,46.5109985,6.635501
3258,46.51462735,6.62943865
3259,46.5121603,6.6293278
3260,46.5129041,6.6265139
3261,46.5238506,6.6133997
3262,46.4277644,6.6611107
3263,46.441476,6.5921479
3264,46.5346425,6.613253
3265,46.5327291,6.6137689
3266,46.5297966,6.6143292
3267,46.5318162,6.6120677
3268,46.5325838,6.6111742
3269,46.5315803,6.6179311
3270,46.5302644,6.6170608
3271,46.5272262,6.6206103
3272,46.5238019,6.6233328
3273,46.5210395,6.6227786
3274,46.5257802,6.6107856
3275,46.5260382,6.6093372
3276,46.5315883,6.60954
3277,46.53125405,6.60918935
3278,46.523525825,6.623892875
3279,46.5285349,6.6108558
3280,46.5213959,6.6378284
3281,46.5242403,6.6330449
3282,46.5235455,6.6320787
3283,46.5240344,6.6307102
3284,46.5254012,6.6341225
3285,46.5227237,6.6365326
3286,46.5220701,6.6365213
3287,46.5247435,6.6362348
3288,46.5244548,6.63540665
3289,46.5243475,6.6351203
3290,46.5227064,6.6302184
3291,46.5225143,6.6274732
3292,46.5235665,6.6308898
3293,46.5240985,6.625966
3294,46.5250843,6.626425
3295,46.5305508,6.6461
3296,46.5233545,6.6415065
3297,46.5223029,6.6451074
3298,46.5394103,6.6533665
3299,46.5435921,6.6465429
3300,46.54370245,6.6458855
3301,46.5429479,6.6455257
3302,46.5393028,6.6502942
3303,46.53137585,6.648363
3304,46.5306725,6.6484476
3305,46.5261719,6.6502951
3306,46.5323421,6.6376606
3307,46.5198172,6.6299877
3308,46.5142743,6.6321649
3309,46.510393,6.6232971
3310,46.5128953,6.6298343
3311,46.5085909,6.6204132
3312,46.5395523,6.6599386
3313,46.5340831,6.6581261
3314,46.5378578,6.6674476
3315,46.5343377,6.662264
3316,46.5391295,6.6649288
3317,46.539802,6.6650099
3318,46.5380305,6.6664282
3319,46.5389356,6.6672098
3320,46.5344134,6.6607499
3321,46.5348846,6.6541075
3322,46.5413019,6.6565881
3323,46.537537,6.6493655
3324,46.5368788,6.6486811
3325,46.5357682,6.6481815
3326,46.5379064,6.6462387
3327,46.5462395,6.6367658
3328,46.5207421,6.6350938
3329,46.5208974,6.6302789
3330,46.5144358,6.6357504
3331,46.5140502,6.6389461
3332,46.5509493,6.6189475
3333,46.5377883,6.6231982
3334,46.53817215,6.619542783333333
3335,46.5301387,6.6220031
3336,46.5419843,6.6120163
3337,46.5340489,6.615978
3338,46.5333998,6.61655325
3339,46.532697,6.6174686
3340,46.5206977,6.6099341
3341,46.51351295,6.61710435
3342,46.5142786,6.616765233333333
3343,46.522365,6.6004952
3344,46.5207477,6.5956969
3345,46.5168093,6.5994542
3346,46.5245286,6.5935908
3347,46.5260103,6.590978
3348,46.530873758333335,6.625684891666667
3349,46.5413265,6.6214641
3350,46.5405331,6.6175092
3351,46.5303273,6.6225275
3352,46.5212962,6.6036298
3353,46.5264521,6.6054492
3354,46.5203622,6.5967435
3355,46.5137048,6.6139892
3356,46.52241,6.602894
3357,46.5227399,6.6023184
3358,46.5228761,6.601947
3359,46.5226174,6.6252825
3360,46.5190991,6.6254995
3361,46.5191591,6.6252137
3362,46.5192856,6.6282788
3363,46.5286368,6.6552654
3364,46.5181932,6.64859775
3365,46.5232355,6.6043514
3366,46.5143463,6.6170075
3367,46.5206258,6.593783
3368,46.5388856,6.6253097
3369,46.5371483,6.614416
3370,46.5370379,6.614612
3371,46.5356151,6.6145176
3372,46.5325113,6.6326907
3373,46.5270648,6.6237122
3374,46.51616545,6.6393767
3375,46.5295441,6.6324921
3376,46.5283225,6.6330506
3377,46.52768175,6.6332384
3378,46.5238524,6.6224454
3379,46.5315433,6.6462413
3380,46.5344232,6.6102398
3381,46.5342858,6.6107432
3382,46.52780435,6.6482474
3383,46.530308379999994,6.61324387
3384,46.5274563,6.647156300000001
3385,46.5322275,6.6135416
3386,46.533116271428575,6.614139760714286
3387,46.5267555,6.637633
3388,46.510117,6.6371116
3389,46.52344926666667,6.6355602000000005
3390,46.52972985000001,6.630031450000001
3391,46.53576266666666,6.6220362
3392,46.5319235,6.6298338
3393,46.5302604,6.6312486
3394,46.52121457619049,6.640176680952379
3395,46.534210375,6.612285608333333
3396,46.5322942,6.6137432
3397,46.5296377,6.641636
3398,46.5279183,6.596485
3399,46.5277544,6.5966819
3400,46.528145,6.6076436
3401,46.524816900000005,6.637978199999999
3402,46.5242411,6.6341449
3403,46.5217343,6.6404935
3404,46.523224,6.6405157
3405,46.5132383,6.625796
3406,46.5107117,6.6375064
3407,46.50954515,6.6301808
3408,46.524808,6.6354419
3409,46.51603655,6.6348764
3410,46.5149002,6.6540775
3411,46.5169106,6.643485
3412,46.5207129,6.6410862
3413,46.5192576,6.6362414
3414,46.5239036,6.6358801
3415,46.527466,6.6333869
3416,46.52570516666666,6.625377766666666
3417,46.5601027,6.553035400000001
3418,46.5278099,6.641585
3419,46.522165,6.6461149
3420,46.5404486,6.6468844
3421,46.5272522,6.638853
3422,46.5370166,6.6391937
3423,46.5158972,6.6265356
3424,46.516125849999995,6.625648100000001
3425,46.51737,6.6221962
3426,46.5124681,6.6440395
3427,46.5091396,6.6295378
3428,46.5081486,6.6227839
3429,46.504929,6.6281503
3430,46.5281358,6.6182408
3431,46.5282229,6.6185127
3432,46.5212382,6.6184595
3433,46.5218688,6.615463000000001
3434,46.5236895,6.6160682
3435,46.5313905,6.6087252
3436,46.5183695,6.64026
3437,46.526115,6.6351003
3438,46.532870300000006,6.628419899999998
3439,46.5307994,6.6290725
3440,46.531584550000005,6.6299466
3441,46.5322451,6.6559296
3442,46.5337903,6.6589259
3443,46.5324231,6.632918
3444,46.537921850000004,6.6639301500000006
3445,46.5301902,6.6343812
3446,46.5228078,6.6585074
3447,46.5328756,6.6605263
3448,46.5145472,6.6514917
3449,46.5171535,6.6116198
3450,46.5152413,6.6129883
3451,46.5139473,6.6153732
3452,46.513677799999996,6.6149419
3453,46.5281263,6.6260422
3454,46.5225796,6.6553781
3455,46.5266418,6.6579644
3456,46.5429447,6.623637566666666
3457,46.521963475,6.6215409
3458,46.520824,6.5954775
3459,46.5224948,6.632344
3460,46.5235301,6.6212017
3461,46.5160096,6.6461551
3462,46.5169146,6.6476352
3463,46.5172632,6.5977753
3464,46.517051,6.6253871
3465,46.51665795,6.6216687
3466,46.51407,6.6173602
3467,46.5144712,6.6162186
3468,46.5138471,6.614557
3469,46.5130236,6.6070711
3470,46.5217112,6.6002926
3471,46.5360558,6.6199121
3472,46.53681,6.6137277
3473,46.5370086,6.6133579
3474,46.5299893,6.6215061
3475,46.5180739,6.6265697
3476,46.5231251,6.6153421
3477,46.5201224,6.6359228
3478,46.5183248,6.6333084499999995
3479,46.518336000000005,6.6338002
3480,46.5175018,6.6375772
3481,46.5387934,6.6491185
3482,46.5319959,6.6479632
3483,46.53216983571428,6.648322428571428
3484,46.52580965,6.6384137
3485,46.5265377,6.6401258
3486,46.5275049,6.6390809
3487,46.526408700000005,6.63806905
3488,46.5264799,6.636385
3489,46.526757200000006,6.6361108
3490,46.51703,6.6186439
3491,46.5159652,6.621737999999999
3492,46.5088557,6.6347655
3493,46.5076610875,6.639470875000001
3494,46.5102761,6.6397097
3495,46.5564584,6.5668367
3496,46.5094937,6.6348844
3497,46.5115572,6.6397718
3498,46.5123289,6.638403
3499,46.5116864,6.6378185
3500,46.51261469999999,6.634350299999999
3501,46.5091845,6.6252842
3502,46.5091398,6.624183
3503,46.5104363,6.623996300000001
3504,46.5224845,6.638814600000001
3505,46.5265262,6.617586499999998
3506,46.5259175,6.6188202
3507,46.5216819,6.6194441
3508,46.5211659,6.6157758
3509,46.5205832,6.6210133
3510,46.5204748,6.6203055
3511,46.5241813,6.6145219
3512,46.5245575,6.6159118
3513,46.5247023,6.6134694
3514,46.52789099999999,6.5980888
3515,46.5289737,6.6141098
3516,46.5329365,6.6092644
3517,46.5327746,6.6103496
3518,46.5314143,6.6105253
3519,46.52573,6.6179069
3520,46.5256936,6.6180952
3521,46.52637620000001,6.6163496
3522,46.5280849,6.6121473
3523,47.3635804,7.153568800000001
3524,46.5207824,6.6374387
3525,46.5200703,6.6411118
3526,46.5209528875,6.638937562500001
3527,46.5207567,6.639092
3528,46.52081976363636,6.636850027272728
3529,46.5186173,6.640213
3530,46.5187551,6.6385375
3531,46.5184502,6.6363575
3532,46.5249908,6.6315879
3533,46.5240473,6.636009
3534,46.5221699,6.6437592
3535,46.5206522,6.6431523
3536,46.520619,6.642490099999999
3537,46.5399032,6.6534191
3538,46.5417138,6.6550864
3539,46.5420688,6.6544203
3540,46.54244575,6.6528259
3541,46.5424936,6.6521668
3542,46.5428461,6.6500474
3543,46.5422914,6.6529675
3544,46.5432025,6.6486752
3545,46.5442987,6.6482166
3546,46.5440066,6.6474208
3547,46.5422932,6.6461521
3548,46.5401772,6.6464957
3549,46.54119876666667,6.641745088888889
3550,46.5400559,6.649034
3551,46.5402284,6.6503971
3552,46.5394732,6.6497333
3553,46.5322554,6.6484498
3554,46.5310179,6.6488617
3555,46.52993396666667,6.648178533333333
3556,46.5280811,6.6483853
3557,46.5263213,6.6483315
3558,46.5276258,6.6500476
3559,46.5268551,6.6508506
3560,46.5255178,6.6491776
3561,46.5125645,6.625276966666667
3562,46.5119062,6.622197
3563,46.5128641,6.6213506
3564,46.5119754,6.6426892
3565,46.5121264,6.643043
3566,46.51141205,6.63357985
3567,46.5152167,6.6285204
3568,46.5150514,6.6287564
3569,46.5139734,6.6282809
3570,46.5140512,6.6284812
3571,46.51202790000001,6.6233032000000005
3572,46.5108382,6.6249277
3573,46.510642649999994,6.62551415
3574,46.5119247,6.634731
3575,46.5285282,6.6142935
3576,46.5299768,6.6159463
3577,46.5300181,6.6153622
3578,46.5307946,6.6141162
3579,46.5426315,6.6127711
3580,46.5392696,6.609599
3581,46.539672,6.610270999999999
3582,46.5306456,6.6137954
3583,46.5302751,6.6140179
3584,46.5254134,6.6106002
3585,46.5277952,6.6030674
3586,46.5275799,6.6057852
3587,46.5262022,6.6115583
3588,46.5279845,6.611079
3589,46.5260973,6.614394
3590,46.5249729,6.6151862
3591,46.5266785,6.6161574
3592,46.5267199,6.614924
3593,46.5272593,6.613299850000001
3594,46.5195749,6.640096
3595,46.5307488,6.6305
3596,46.6105339,7.005189400000001
3597,46.52193288,6.6446011
3598,46.5219519,6.6440014
3599,46.5206338,6.6433697
3600,46.5219035,6.6467539
3601,46.5226552,6.6470895
3602,46.5271945,6.6470323
3603,46.5271039,6.6469065
3604,46.52534855,6.646944749999999
3605,46.5252107,6.646679
3606,46.523872,6.6444031
3607,46.5236725,6.6456414
3608,46.5291557,6.6466471
3609,46.5296805,6.647908
3610,46.5420801,6.6568169
3611,46.5435893,6.6498527
3612,46.5272925,6.6497599
3613,46.51581575,6.632393
3614,46.51580029999999,6.630932800000002
3615,46.5181053,6.6221603
3616,46.5176742,6.6212888
3617,46.5173944,6.6212128
3618,46.5177848,6.620614850000001
3619,46.5086536,6.6275778
3620,46.50790729999999,6.6255697
3621,46.50889420000002,6.634968099999998
3622,46.5102084,6.6343229
3623,46.5115177,6.6312456
3624,46.5117551,6.6316675
3625,46.5153706,6.628258200000001
3626,46.5090381,6.6240521
3627,46.5138728,6.6310442
3628,46.512663500000016,6.633020900000001
3629,46.5084733,6.6232952
3630,46.5136698,6.6123635
3631,46.52461220000001,6.612020799999998
3632,46.5328462,6.6127924
3633,46.5316803,6.6161534
3634,46.5314084,6.6172165
3635,46.5326774,6.6116795
3636,46.520899,6.6167949
3637,46.5248086,6.6372366
3638,46.52797185,6.63057335
3639,46.5090349,6.6364778
3640,46.5132455,6.6265923
3641,46.5389856,6.657055
3642,46.5352333,6.6695355
3643,46.5184801,6.6440932
3644,46.5316044,6.6269979
3645,46.5357208,6.6496563
3646,46.5355225,6.6508915
3647,46.5337003,6.6473835
3648,46.5329439,6.6339822
3649,46.5363191,6.6346009
3650,46.5213114,6.6159415
3651,46.5276293,6.6527744
3652,46.5224963,6.6582141
3653,46.5216692,6.6304445
3654,46.5207961,6.6303851
3655,46.52079655,6.6301624
3656,46.5229976,6.6324368
3657,46.5224567,6.6321716
3658,46.5221984,6.6316716
3659,46.5214927,6.6323273
3660,46.533169,6.6333
3661,46.5087918,6.6539085
3662,46.5345089,6.6244998
3663,46.522234,6.6174194
3664,46.5238645,6.6326187
3665,46.52771935,6.627675050000001
3666,46.5272578,6.6264197
3667,46.5259875,6.6257093
3668,46.5263953,6.6257016
3669,46.5238619,6.6255353
3670,46.5271823,6.6096807
3671,46.5267293,6.6272208
3672,46.5253288,6.627753
3673,46.5179891,6.6353895
3674,46.5192321,6.6259807
3675,46.5406761,6.6209643
3676,46.5347855,6.6209876
3677,46.5325945,6.618754
3678,46.5364975,6.613479
3679,46.5323601,6.6185335
3680,46.5265689,6.6232947
3681,46.531638766666674,6.623988166666667
3682,46.5303935,6.6285544
3683,46.5337122,6.6334441
3684,46.5221598,6.625472
3685,46.52091885,6.6317357999999995
3686,46.51768766666667,6.6294969
3687,46.5189228,6.6255345
3688,46.5206143,6.6335081
3689,46.5178719,6.6355493
3690,46.52791395,6.6543094499999995
3691,46.52713610000001,6.657765400000001
3692,46.530954,6.6274652
3693,46.5397639,6.6175835
3694,46.5371719,6.6161596
3695,46.5366651,6.6161863
3696,46.5326968,6.6193897
3697,46.5332324,6.6201041
3698,46.5317018,6.6201985
3699,46.5174331,6.633309
3700,46.5177777,6.6281909
3701,46.521465,6.6320007
3702,46.5229531,6.6156583
3703,46.52707872406015,6.598136924060151
3704,46.5308026,6.6310709
3705,46.5279358,6.630306
3706,46.5223711,6.641067
3707,46.52900520000001,6.596852499999998
3708,46.5283644,6.6123502
3709,46.5141589,6.6320841
3710,46.5157199,6.6293081
3711,46.5149127,6.6290001
3712,46.514493,6.6289472
3713,46.515820000000005,6.628901000000001
3714,46.5116805,6.6237007
3715,46.5119726,6.6246188
3716,46.5128779,6.629454
3717,46.5131308,6.6285144
3718,46.51117305,6.626421349999999
3719,46.510783,6.6267192
3720,46.50865415,6.62671905
3721,46.5077294,6.6266451
3722,46.50742679999999,6.6270529
3723,46.5318033,6.6286524
3724,46.5392541,6.6521963
3725,46.54273295,6.652971750000001
3726,46.5135075,6.6357818
3727,46.5139657,6.6339485
3728,46.5135367,6.634035
3729,46.5163477,6.6274116
3730,46.515648,6.6271775
3731,46.5166694,6.6268312
3732,46.51896290000001,6.620074000000002
3733,46.5087963,6.6248964
3734,46.511464,6.6249919
3735,46.5112526,6.6254328
3736,46.5111275,6.6277542
3737,46.5111294,6.62826
3738,46.5090052,6.6265676
3739,46.5080623,6.6264261
3740,46.50865585,6.626484550000001
3741,46.5089662,6.6271842
3742,46.5068573,6.6262505
3743,46.5067508,6.6274508
3744,46.5280288,6.6169374
3745,46.5419078,6.6447717
3746,46.5271745,6.6510694
3747,46.5346778,6.6354605
3748,46.5284183,6.6488645
3749,46.53709889999998,6.658112300000003
3750,46.52737460000001,6.599056399999999
3751,46.5376099,6.659254
3752,46.5369485,6.6565428
3753,46.53556265,6.655416300000001
3754,46.5343403,6.6574429
3755,46.533758,6.6580525
3756,46.5335851,6.6573273
3757,46.5333926,6.6564191
3758,46.5335783,6.6554987
3759,46.5324877,6.654121
3760,46.531695,6.6539471
3761,46.5312562,6.6539683
3762,46.5283366,6.624684799999999
3763,46.5313813,6.651193
3764,46.5311505,6.6319565
3765,46.5307445,6.63326
3766,46.5226925,6.6220214
3767,46.52227173333333,6.6214917
3768,46.52047825,6.6255328
3769,46.5330719,6.6282518
3770,46.5378344,6.6136853
3771,46.5069709,6.624550366666665
3772,46.5206197,6.629075950000001
3773,46.521499,6.6254278
3774,46.5162789,6.63633
3775,46.5170506,6.6357413
3776,46.5178609,6.6344783
3777,46.5173242,6.6336992
3778,46.5175229,6.631965
3779,46.5219638,6.633936
3780,46.5207404,6.6321345
3781,46.5174965,6.635017
3782,46.51735605,6.6357756000000006
3783,46.5197582,6.63056
3784,46.5311056,6.6506123
3785,46.52475835,6.6595501
3786,46.5172706,6.5953721
3787,46.5163499,6.6196227
3788,46.51875115,6.6005374
3789,46.5207155,6.6355618
3790,46.5182851,6.6251312
3791,46.5159293,6.6361351
3792,46.5170705,6.6372762
3793,46.5219191,6.6309229
3794,46.5206014,6.6269339
3795,46.5177568,6.630723
3796,46.5213029,6.6309659
3797,46.5184955,6.6335407
3798,46.5309884,6.6508167
3799,46.5328989,6.6481336
3800,46.5240331,6.6605661
3801,46.5212821,6.6141347
3802,46.5152578,6.6196559
3803,46.5298075,6.6215491
3804,46.50507415,6.641632550000001
3805,46.540581,6.6326105
3806,46.5190513,6.6262488
3807,46.5204167,6.610066
3808,46.5166649,6.5993231
3809,46.521945,6.622236
3810,46.5186796,6.6367544
3811,46.519778,6.6342874
3812,46.5242801,6.632407
3813,46.5262446,6.631505
3814,46.5263858,6.6316108
3815,46.5282697,6.6315082
3816,46.5278839,6.6315486
3817,46.5271259,6.63199275
3818,46.5270162,6.6323749
3819,46.5260841,6.633257
3820,46.5246896,6.6314875
3821,46.5250078,6.6334657
3822,46.5228965,6.6362413
3823,46.5235168,6.6342292
3824,46.5227324,6.6343505
3825,46.5242658,6.6254992
3826,46.52811455,6.5972362
3827,46.5103875,6.6271668
3828,46.5122461,6.634107
3829,46.5294218,6.6175047
3830,46.5266828,6.631654
3831,46.5243293,6.6267901
3832,46.5239951,6.6435624
3833,46.5145163,6.628474
3834,46.51282295,6.62578335
3835,46.5097078,6.6238124
3836,46.5198491,6.636959
3837,46.5184315,6.6393862
3838,46.5240828,6.6285204
3839,46.5248509,6.6295687
3840,46.5288976,6.6235819
3841,46.5448246,6.6489284
3842,46.5238193,6.6207685
3843,46.5248088,6.6164275
3844,46.5253076,6.6351807
3845,46.5290562,6.6337361
3846,46.5214485,6.6449852
3847,46.5400449,6.6503861
3848,46.5286617,6.5973553
3849,46.51524795,6.6325634
3850,46.528081,6.6512558
3851,46.5327687,6.6519915
3852,46.5345223,6.6353755
